name,city,state,website,phone,email,source_url,source_name,product_types_raw,processes_inferred,process_for_pages,moq,certs,notes
Ajmera Innovations,Anaheim Hills,CA,http://ajmerainnovations.com,866-860-3671,info@ajmerainnovations.com,https://ucfoodsafety.ucdavis.edu/sites/g/files/dgvnsk7366/files/inline-files/240926.pdf,"UC Food Safety / CLFP — California Food Processing Co-Packers (Rob Neenan, CLFP, 2015 PDF still posted)","Organic/Natural, vegetarian, tea, RTD coffee, concentrates and powders",beverage,,,organic,2015 PDF website: dead; still_claims_copack=unknown
Purveyor's Kitchen,Auburn,CA,,530-823-8527,,https://ucfoodsafety.ucdavis.edu/sites/g/files/dgvnsk7366/files/inline-files/240926.pdf,"UC Food Safety / CLFP — California Food Processing Co-Packers (Rob Neenan, CLFP, 2015 PDF still posted)","Sauces, dessert toppings, condiments",sauces,sauce/condiment,,,2015 PDF website: no-url; still_claims_copack=unknown
"Golden West Specialty Foods, Inc.",Brisbane,CA,http://gwsfoods.com,415-657-0123,sales@gwsfoods.com,https://ucfoodsafety.ucdavis.edu/sites/g/files/dgvnsk7366/files/inline-files/240926.pdf,"UC Food Safety / CLFP — California Food Processing Co-Packers (Rob Neenan, CLFP, 2015 PDF still posted)","Condiments, BBQ sauce, ethnic sauces, marinades and rubs",sauces,sauce/condiment,,,2015 PDF website: live; still_claims_copack=no
"Garry Packing, Inc.",Del Rey,CA,http://garrypacking.com,800-248-2126,info@garrypacking.com,https://ucfoodsafety.ucdavis.edu/sites/g/files/dgvnsk7366/files/inline-files/240926.pdf,"UC Food Safety / CLFP — California Food Processing Co-Packers (Rob Neenan, CLFP, 2015 PDF still posted)","Kosher, other chocolate, dried fruit",chocolate,,,kosher,2015 PDF website: dead; still_claims_copack=unknown
Bella Viva Orchards,Denair,CA,http://bellaviva.com,800-552-8218,,https://ucfoodsafety.ucdavis.edu/sites/g/files/dgvnsk7366/files/inline-files/240926.pdf,"UC Food Safety / CLFP — California Food Processing Co-Packers (Rob Neenan, CLFP, 2015 PDF still posted)","Dried fruits and nuts, trail mix and chocolate covered fruits and nuts",chocolate,,,,review: contradiction — see copackers-review.md; 2015 PDF website: live; still_claims_copack=no
Capay Canyon Ranch,Esparto,CA,,530-662-2372,capaycanon@msn.com,https://ucfoodsafety.ucdavis.edu/sites/g/files/dgvnsk7366/files/inline-files/240926.pdf,"UC Food Safety / CLFP — California Food Processing Co-Packers (Rob Neenan, CLFP, 2015 PDF still posted)","Tomatoes (dried), table grapes, almonds & walnuts",,,,,2015 PDF website: no-url; still_claims_copack=unknown
ABCO Labs,Fairfield,CA,,800-678-2226,sstanben@abcolabs.com,https://ucfoodsafety.ucdavis.edu/sites/g/files/dgvnsk7366/files/inline-files/240926.pdf,"UC Food Safety / CLFP — California Food Processing Co-Packers (Rob Neenan, CLFP, 2015 PDF still posted)","500-1,000 lbs. runs",,,"500-1,000 lbs. runs",,2015 PDF website: no-url; still_claims_copack=unknown
Fruit Fillings Inc.,Fresno,CA,http://www.fruitfillings.com,559-237-4715,,https://ucfoodsafety.ucdavis.edu/sites/g/files/dgvnsk7366/files/inline-files/240926.pdf,"UC Food Safety / CLFP — California Food Processing Co-Packers (Rob Neenan, CLFP, 2015 PDF still posted)",Fruit fillings,,,,,2015 PDF website: live; still_claims_copack=no
"Pacific Choice Brands, Inc.",Fresno,CA,http://www.pacificchoicebrands.com,559-237-5583,,https://ucfoodsafety.ucdavis.edu/sites/g/files/dgvnsk7366/files/inline-files/240926.pdf,"UC Food Safety / CLFP — California Food Processing Co-Packers (Rob Neenan, CLFP, 2015 PDF still posted)","Sauces, salsa, pickles",sauces,sauce/condiment,,,review: contradiction — see copackers-review.md; 2015 PDF website: dead; still_claims_copack=unknown
Valley Fig Growers,Fresno,CA,http://valleyfig.com,559-237-3893,lcain@valleyfig.com,https://ucfoodsafety.ucdavis.edu/sites/g/files/dgvnsk7366/files/inline-files/240926.pdf,"UC Food Safety / CLFP — California Food Processing Co-Packers (Rob Neenan, CLFP, 2015 PDF still posted)","Baking mixes and ingredients, balsamic vinegar and dried fruits",,,,gluten-free; kosher; organic,2015 PDF website: live; still_claims_copack=no
Blossom Valley Foods,Gilroy,CA,http://blossomvalleyfoods.com,408-848-5520,info@blossomvalleyfarms.com,https://ucfoodsafety.ucdavis.edu/sites/g/files/dgvnsk7366/files/inline-files/240926.pdf,"UC Food Safety / CLFP — California Food Processing Co-Packers (Rob Neenan, CLFP, 2015 PDF still posted)","Non-alcoholic cocktail mixers, vinegars, organic and all natural sauces dressings and hot sauces",beverage; sauces,sauce/condiment,,organic,review: contradiction — see copackers-review.md; 2015 PDF website: live; still_claims_copack=yes
Stapleton Spence,Gridley,CA,http://www.stapletonspence.com,408-297-8815,bstapleton@stapleton-spence.com,https://ucfoodsafety.ucdavis.edu/sites/g/files/dgvnsk7366/files/inline-files/240926.pdf,"UC Food Safety / CLFP — California Food Processing Co-Packers (Rob Neenan, CLFP, 2015 PDF still posted)","Bottling, bagging, canning, aseptic, product development",canning,,,,2015 PDF website: dead; still_claims_copack=unknown
Timber Crest Farms,Healdsburg,CA,http://timbercrest.com,888-374-9325,tcf@timbercrest.com,https://ucfoodsafety.ucdavis.edu/sites/g/files/dgvnsk7366/files/inline-files/240926.pdf,"UC Food Safety / CLFP — California Food Processing Co-Packers (Rob Neenan, CLFP, 2015 PDF still posted)",FDA high acid & low acid cannery in glass; flex packaging 3 oz to 5 lbs,canning,,,FDA,review: contradiction — see copackers-review.md; 2015 PDF website: live; still_claims_copack=no
Sona & Hollen,Los Alamitos,CA,,310-431-1379,,https://ucfoodsafety.ucdavis.edu/sites/g/files/dgvnsk7366/files/inline-files/240926.pdf,"UC Food Safety / CLFP — California Food Processing Co-Packers (Rob Neenan, CLFP, 2015 PDF still posted)",Tomatoes and other wet food products,,,,,2015 PDF website: no-url; still_claims_copack=unknown
Kagome,Los Banos,CA,,209-826-8850,luis.deoliveira@kagomeusa.com,https://ucfoodsafety.ucdavis.edu/sites/g/files/dgvnsk7366/files/inline-files/240926.pdf,"UC Food Safety / CLFP — California Food Processing Co-Packers (Rob Neenan, CLFP, 2015 PDF still posted)",Custom culinary sauces,sauces,sauce/condiment,,,2015 PDF website: no-url; still_claims_copack=unknown
Bell-Carter Packaging,Modesto,CA,http://bcpackaging.com,209-549-5939,sales@bcpackaging.com,https://ucfoodsafety.ucdavis.edu/sites/g/files/dgvnsk7366/files/inline-files/240926.pdf,"UC Food Safety / CLFP — California Food Processing Co-Packers (Rob Neenan, CLFP, 2015 PDF still posted)",Station packaging and assembly line services,,,,,review: not clearly a co-packer; review: contradiction — see copackers-review.md; 2015 PDF website: live; still_claims_copack=no
George Chiala Farms,Morgan Hill,CA,,408-778-0562,,https://ucfoodsafety.ucdavis.edu/sites/g/files/dgvnsk7366/files/inline-files/240926.pdf,"UC Food Safety / CLFP — California Food Processing Co-Packers (Rob Neenan, CLFP, 2015 PDF still posted)","Freezing, cold packing, fire roasting, dehydration",cold-fill; dehydration,,,,review: contradiction — see copackers-review.md; 2015 PDF website: no-url; still_claims_copack=unknown
Wine Country Kitchens,Napa,CA,http://winecountrykitchens.com,707-252-9463,,https://ucfoodsafety.ucdavis.edu/sites/g/files/dgvnsk7366/files/inline-files/240926.pdf,"UC Food Safety / CLFP — California Food Processing Co-Packers (Rob Neenan, CLFP, 2015 PDF still posted)",Dipping oils and vinegars; hot & cold fill co-packer,cold-fill,,small minimum runs,,Hot & cold fill; private label; 2015 PDF website: live; still_claims_copack=unknown
Ramar Foods International Inc.,Pittsburg,CA,http://ramarfoods.com,925-439-9009,primoj@ramarfoods.com,https://ucfoodsafety.ucdavis.edu/sites/g/files/dgvnsk7366/files/inline-files/240926.pdf,"UC Food Safety / CLFP — California Food Processing Co-Packers (Rob Neenan, CLFP, 2015 PDF still posted)","USDA, juice/cider, hors d'oeuvres, ice cream/sorbet and other frozen",dairy; beverage; frozen,,,USDA,2015 PDF website: live; still_claims_copack=no
Cascade Continental Foods,Richmond,CA,,510-232-3103,,https://ucfoodsafety.ucdavis.edu/sites/g/files/dgvnsk7366/files/inline-files/240926.pdf,"UC Food Safety / CLFP — California Food Processing Co-Packers (Rob Neenan, CLFP, 2015 PDF still posted)",Packaging lines for liquid and dry food products,,,,,review: not clearly a co-packer; 2015 PDF website: no-url; still_claims_copack=unknown
Triple H Food Processors,Riverside,CA,http://www.triplehfoods.com,951-352-5700,,https://ucfoodsafety.ucdavis.edu/sites/g/files/dgvnsk7366/files/inline-files/240926.pdf,"UC Food Safety / CLFP — California Food Processing Co-Packers (Rob Neenan, CLFP, 2015 PDF still posted)","Sauces, beverages, dry blends",beverage; sauces; dry-blend,sauce/condiment,,,review: contradiction — see copackers-review.md; 2015 PDF website: live; still_claims_copack=yes
K&G Custom Foods Inc.,San Diego,CA,,619-651-9033,operations@kgcustomfoods.com,https://ucfoodsafety.ucdavis.edu/sites/g/files/dgvnsk7366/files/inline-files/240926.pdf,"UC Food Safety / CLFP — California Food Processing Co-Packers (Rob Neenan, CLFP, 2015 PDF still posted)",Frozen custom hand made foods,frozen,,,USDA; FDA,"16,000 sq ft; FDA 21 CFR and USDA FSIS; 2015 PDF website: no-url; still_claims_copack=unknown"
"Esco Foods, Inc.",San Francisco,CA,,415-864-2147,,https://ucfoodsafety.ucdavis.edu/sites/g/files/dgvnsk7366/files/inline-files/240926.pdf,"UC Food Safety / CLFP — California Food Processing Co-Packers (Rob Neenan, CLFP, 2015 PDF still posted)","Syrups, toppings, salad dressings, marinades, BBQ sauce, flavors, extracts",sauces,sauce/condiment,,,2015 PDF website: no-url; still_claims_copack=unknown
"Santini Foods, Inc.",San Lorenzo,CA,http://santinifoodsinc.com,510-317-8888,roger@santinifoodsinc.com,https://ucfoodsafety.ucdavis.edu/sites/g/files/dgvnsk7366/files/inline-files/240926.pdf,"UC Food Safety / CLFP — California Food Processing Co-Packers (Rob Neenan, CLFP, 2015 PDF still posted)","Sweetened condensed milk, syrups & dressings; vegetable oils",sauces,sauce/condiment,,,review: contradiction — see copackers-review.md; 2015 PDF website: dead; still_claims_copack=unknown
"Day-Lee Foods, Inc.",Santa Fe Springs,CA,,562-802-6800,,https://ucfoodsafety.ucdavis.edu/sites/g/files/dgvnsk7366/files/inline-files/240926.pdf,"UC Food Safety / CLFP — California Food Processing Co-Packers (Rob Neenan, CLFP, 2015 PDF still posted)",Frozen foods,frozen,,,,2015 PDF website: no-url; still_claims_copack=unknown
"Premier Foods, LLC",Santa Fe Springs,CA,,562-944-1858,premierfoods@verizon.net,https://ucfoodsafety.ucdavis.edu/sites/g/files/dgvnsk7366/files/inline-files/240926.pdf,"UC Food Safety / CLFP — California Food Processing Co-Packers (Rob Neenan, CLFP, 2015 PDF still posted)","Private label, hot and cold fill, glass & plastic, pH and non pH controlled products",cold-fill,,small minimum runs,FDA; organic; kosher,2015 PDF website: no-url; still_claims_copack=unknown
E. Waldo Ward & Son,Sierra Madre,CA,http://waldoward.com,800-355-9273,jelly@waldoward.com,https://ucfoodsafety.ucdavis.edu/sites/g/files/dgvnsk7366/files/inline-files/240926.pdf,"UC Food Safety / CLFP — California Food Processing Co-Packers (Rob Neenan, CLFP, 2015 PDF still posted)","Wet products, jams, jellies, marmalades and sauces",sauces,sauce/condiment,,,review: contradiction — see copackers-review.md; 2015 PDF website: live; still_claims_copack=no
Sonoma Gourmet,Sonoma,CA,http://sonomagourmet.com,707-939-3700,sauceboy@sonomagourmet.com,https://ucfoodsafety.ucdavis.edu/sites/g/files/dgvnsk7366/files/inline-files/240926.pdf,"UC Food Safety / CLFP — California Food Processing Co-Packers (Rob Neenan, CLFP, 2015 PDF still posted)",Wet food products,,,Minimum run 300-400 cases,FDA,FDA certified for pH and non-pH-controlled products; review: contradiction — see copackers-review.md; 2015 PDF website: live; still_claims_copack=no
Food Imagineering,South San Francisco,CA,,650-483-7447,gsullivan@foodimagineering.com,https://ucfoodsafety.ucdavis.edu/sites/g/files/dgvnsk7366/files/inline-files/240926.pdf,"UC Food Safety / CLFP — California Food Processing Co-Packers (Rob Neenan, CLFP, 2015 PDF still posted)",,,,,,2015 PDF website: no-url; still_claims_copack=unknown
SupHerb Farms,Turlock,CA,http://supherbfarms.com,209-633-3600,custserv@supherbfrms.com,https://ucfoodsafety.ucdavis.edu/sites/g/files/dgvnsk7366/files/inline-files/240926.pdf,"UC Food Safety / CLFP — California Food Processing Co-Packers (Rob Neenan, CLFP, 2015 PDF still posted)","Fresh frozen culinary herbs, specialty vegetables, blends, pastes and purees",frozen,,,,2015 PDF website: live; still_claims_copack=no
"American Natural & Organic Spices, Inc.",Union City,CA,http://spicely.com,510-477-4787,info@spicely.com,https://ucfoodsafety.ucdavis.edu/sites/g/files/dgvnsk7366/files/inline-files/240926.pdf,"UC Food Safety / CLFP — California Food Processing Co-Packers (Rob Neenan, CLFP, 2015 PDF still posted)","Kosher/Organic/Natural extracts, herbs and spices",,,,kosher; organic,2015 PDF website: live; still_claims_copack=no
"Aaron Thomas Company, Inc.",Garden Grove,CA,http://www.packaging.com/,(800) 394-4776,sales@packaging.com,https://ucfoodquality.ucdavis.edu/food-industry-contacts/co-packers,"UC Food Quality — Co-Packers (Mostly California) page, last update March 16 2026",,,,,,"Also Illinois, Tennessee; review: not clearly a co-packer"
Bella Sun Luci/Mooney Farms,,CA,https://bellasunluci.com/about,,,https://ucfoodquality.ucdavis.edu/food-industry-contacts/co-packers,"UC Food Quality — Co-Packers (Mostly California) page, last update March 16 2026",,,,,,
Caffe Del Mar,,CA,http://www.caffedelmar.com/,,,https://ucfoodquality.ucdavis.edu/food-industry-contacts/co-packers,"UC Food Quality — Co-Packers (Mostly California) page, last update March 16 2026",,,,,,
Cappucine,,CA,http://www.cappuccine.net/,,,https://ucfoodquality.ucdavis.edu/food-industry-contacts/co-packers,"UC Food Quality — Co-Packers (Mostly California) page, last update March 16 2026",,,,,,
Gil's Gourmet Gallery,,CA,http://www.gilsgourmet.com/,,,https://ucfoodquality.ucdavis.edu/food-industry-contacts/co-packers,"UC Food Quality — Co-Packers (Mostly California) page, last update March 16 2026",,,,,,
Gimbal Fine Candies,,CA,http://www.gimbalscandy.com/,,,https://ucfoodquality.ucdavis.edu/food-industry-contacts/co-packers,"UC Food Quality — Co-Packers (Mostly California) page, last update March 16 2026",,,,,,
Heiden's Foods,Anaheim,CA,https://www.heidensfoods.com/,(714) 525-3414,contact@heidensfoods.com,https://ucfoodquality.ucdavis.edu/food-industry-contacts/co-packers,"UC Food Quality — Co-Packers (Mostly California) page, last update March 16 2026",,,,,,
"Ibitta Enterprises, Inc.",SOUTH GATE,CA,https://ibitta.com/,(323) 588-6300,david@ibitta.com,https://ucfoodquality.ucdavis.edu/food-industry-contacts/co-packers,"UC Food Quality — Co-Packers (Mostly California) page, last update March 16 2026",,,,,,
Kitchentown,,CA,http://www.kitchentowncentral.com/,,,https://ucfoodquality.ucdavis.edu/food-industry-contacts/co-packers,"UC Food Quality — Co-Packers (Mostly California) page, last update March 16 2026",,,,,,review: not clearly a co-packer
Maison de Monaco,,CA,https://maisondemonaco.com,(415) 504-4016,coco@maisondemonaco.com,https://ucfoodquality.ucdavis.edu/food-industry-contacts/co-packers,"UC Food Quality — Co-Packers (Mostly California) page, last update March 16 2026",,,,,,
Michael's Cookies Inc.,,CA,http://www.michaelscookies.com/,,,https://ucfoodquality.ucdavis.edu/food-industry-contacts/co-packers,"UC Food Quality — Co-Packers (Mostly California) page, last update March 16 2026",,,,,,
Mrs. Leeper's Pasta Inc.,,CA,http://www.mrsleepers.com/,,,https://ucfoodquality.ucdavis.edu/food-industry-contacts/co-packers,"UC Food Quality — Co-Packers (Mostly California) page, last update March 16 2026",,,,,,
Preserve Farm Kitchens,,CA,https://preservefarmkitchens.com/,,,https://ucfoodquality.ucdavis.edu/food-industry-contacts/co-packers,"UC Food Quality — Co-Packers (Mostly California) page, last update March 16 2026",,,,,,review: not clearly a co-packer
"Radich Bor-do-lay, Inc.",,CA,http://www.bordolay.com,,,https://ucfoodquality.ucdavis.edu/food-industry-contacts/co-packers,"UC Food Quality — Co-Packers (Mostly California) page, last update March 16 2026",,,,,,
RW Garcia Co. Inc.,,CA,http://www.rwgarcia.com/,,,https://ucfoodquality.ucdavis.edu/food-industry-contacts/co-packers,"UC Food Quality — Co-Packers (Mostly California) page, last update March 16 2026",,,,,,
"Santa Barbara Olive Co., Inc.",,CA,http://www.sbolive.com/,,,https://ucfoodquality.ucdavis.edu/food-industry-contacts/co-packers,"UC Food Quality — Co-Packers (Mostly California) page, last update March 16 2026",,,,,,
Specialty Enzymes & Probiotics,,CA,https://specialtyenzymes.com/,,,https://ucfoodquality.ucdavis.edu/food-industry-contacts/co-packers,"UC Food Quality — Co-Packers (Mostly California) page, last update March 16 2026",,,,,,review: not clearly a co-packer
Thatcher's Gourmet Popcorn,,CA,http://www.tgsp.com/,,,https://ucfoodquality.ucdavis.edu/food-industry-contacts/co-packers,"UC Food Quality — Co-Packers (Mostly California) page, last update March 16 2026",,,,,,
The Graceful Cookie,,CA,https://thegracefulcookie.com/,,,https://ucfoodquality.ucdavis.edu/food-industry-contacts/co-packers,"UC Food Quality — Co-Packers (Mostly California) page, last update March 16 2026",,,,,,
Traina Foods,,CA,http://www.traina.com/,,,https://ucfoodquality.ucdavis.edu/food-industry-contacts/co-packers,"UC Food Quality — Co-Packers (Mostly California) page, last update March 16 2026",,,,,,
Valley Lahvosh Baking Co.,,CA,http://www.valleylahvosh.com/,,,https://ucfoodquality.ucdavis.edu/food-industry-contacts/co-packers,"UC Food Quality — Co-Packers (Mostly California) page, last update March 16 2026",,,,,,
Ventura Foods,,CA,http://www.venturafoods.com/,,,https://ucfoodquality.ucdavis.edu/food-industry-contacts/co-packers,"UC Food Quality — Co-Packers (Mostly California) page, last update March 16 2026",,,,,,
"Z Specialty Food, LLC",,CA,http://www.zspecialtyfood.com/,,,https://ucfoodquality.ucdavis.edu/food-industry-contacts/co-packers,"UC Food Quality — Co-Packers (Mostly California) page, last update March 16 2026",,,,,,dba Moon Shine Trading Co
Rocky Mountain Spice Co.,Denver,CO,https://rockymountainspice.com/,303-308-8066,brady@rockymountainspice.com,https://extension.psu.edu/list-of-co-packers-in-pennsylvania-and-beyond/,Penn State Extension — List of Co-packers in Pennsylvania and Beyond (updated Dec 16 2025),"Bulk spices, seasonings blends, baking mixes, beverage mixes. Services co-packing and private label",beverage; dry-blend,,,,
Ready Foods,Denver,CO,https://www.readyfoods.biz,(303) 892-5861,info@readyfoods.bizphone,https://cals.cornell.edu/cornell-agritech/partners-institutes/cornell-food-venture-center/kitchensco-packers,Cornell Food Venture Center — Kitchens/Co-Packers,"Based in Denver, Ready Foods is a family-owned company specializing in custom food solutions cooked in kettles for the past 50 years. We provide expertise to scale up menu concepts with consistency and quality. Although we have grown since our first small kitchen on Colfax Avenue in Denver, the Abarca family's philosophy continues to provide a vision for each of our company initiatives. With our current multi-facility production footprint, we stand by the integrity of our food and the collective",,,,,
Universal Pure,Meriden,CT,https://universalpure.com/,1 888-240-2070,sales@universalpure.com,https://extension.psu.edu/list-of-co-packers-in-pennsylvania-and-beyond/,Penn State Extension — List of Co-packers in Pennsylvania and Beyond (updated Dec 16 2025),"High Pressure Processing (HPP) and cold chain solutions, including beverage co-packing in 8-32-oz plastic bottles. Beverage co-packing, cold storage, kitting and assembly, date-coding, and other value-added cold chain solutions in Meriden, CT and Mira Loma, CA.",HPP; beverage,HPP,,,review: contradiction — see copackers-review.md
"Palmieri Food Products, Inc",New Haven,CT,,203-624-0042,sales@palmierifoods.com,https://cals.cornell.edu/cornell-agritech/partners-institutes/cornell-food-venture-center/kitchensco-packers,Cornell Food Venture Center — Kitchens/Co-Packers,"Pack products from 8 oz - 6 gal, in glass and plastic. Cold Fill: Horseradish, Cocktail Sauce",cold-fill; beverage; sauces,sauce/condiment,,,Listed in Cornell kitchens/co-packers directory; may include shared-use services.; review: not clearly a co-packer
"Gourmet Products, Inc",Thomaston,CT,,860-283-5147,,https://cals.cornell.edu/cornell-agritech/partners-institutes/cornell-food-venture-center/kitchensco-packers,Cornell Food Venture Center — Kitchens/Co-Packers,"Glass: acidified, hot & cold pack, vacuum pack, Mustard, sauces, relishes",cold-fill; acidified; sauces,sauce/condiment,,,Listed in Cornell kitchens/co-packers directory; may include shared-use services.; review: not clearly a co-packer
Pulp Kitchen,contract co-packer arrangements to produce closer New York City metro area and,CT,http://www.pkjuice.com,203-927-8158,,https://cals.cornell.edu/cornell-agritech/partners-institutes/cornell-food-venture-center/kitchensco-packers,Cornell Food Venture Center — Kitchens/Co-Packers,"Pulp Kitchen Juice is a certified organic cold pressed company, beverage and food product developer and also a co packer with the ability to assist in co packing products. We also offer private label items such as: cold pressed juice, orange and apple juice blends, protein smoothies, plant-based proteins, nut mylk, almond milk (or almond mylk), cashew milk, soy milk, cold brew coffees, lemonades, iced teas, and vegetable dips and dressings We can handle HPP processed, hot fill or flash pasteuriz",HPP; hot-fill; beverage; sauces,HPP; hot-fill; sauce/condiment,,organic,review: contradiction — see copackers-review.md
Endorphin Farms,Augustine,FL,https://endorphinfarms.com,904-824-2006,mfehr@endorphinfarms.com,https://foodbusiness.ces.ncsu.edu/tools-for-success/other-services-supplies/ | https://edis.ifas.ufl.edu/publication/FS380,"NC State Extension Food Business — Other Services & Supplies (Copackers section; page updated Aug 17 2026) | UF/IFAS Extension — Finding and Using a Co-packer (FS380 PDF, Florida & Georgia list)",sauces,sauces,sauce/condiment,,,3255 Parker Drive; review: contradiction — see copackers-review.md
Hot Wachulas,Bartow,FL,https://hotwachulas.com/p/contract-packaging,863-602-0857,info@hotwachulas.com,https://edis.ifas.ufl.edu/publication/FS380,"UF/IFAS Extension — Finding and Using a Co-packer (FS380 PDF, Florida & Georgia list)","Salsa, hot sauce",sauces,sauce/condiment,,,
St. Armands Baking Company,Bradenton,FL,https://www.starbake.com/co-packing,941-753-7494,,https://edis.ifas.ufl.edu/publication/FS380,"UF/IFAS Extension — Finding and Using a Co-packer (FS380 PDF, Florida & Georgia list)",bread and roll bakery products,bakery,,,,
Ashlynn's Gourmet,Clearwater,FL,https://www.ashlynnsgourmet.com/co-packing,727-648-4734,annthea@ashlynnsgourmet.com,https://edis.ifas.ufl.edu/publication/FS380,"UF/IFAS Extension — Finding and Using a Co-packer (FS380 PDF, Florida & Georgia list)",sauces,sauces,sauce/condiment,,,also offers co-packing training course
The Sauceology Group,Clearwater,FL,https://thesauceologygroup.com,727-389-3774,,https://edis.ifas.ufl.edu/publication/FS380,"UF/IFAS Extension — Finding and Using a Co-packer (FS380 PDF, Florida & Georgia list)","sauces, spice blends, rubs, salsas, dressings, marinades",sauces,sauce/condiment,,,
"Refresco Beverages US, Inc.",Dade City,FL,https://www.refresco-na.com/na/,352-567-2200,,https://edis.ifas.ufl.edu/publication/FS380,"UF/IFAS Extension — Finding and Using a Co-packer (FS380 PDF, Florida & Georgia list)","water, juices, teas, energy drinks",beverage,,,organic; kosher,"kosher, organic"
Stage Coach Sauces,Daytona Beach,FL,https://stagecoachsauces.com,386-328-6330,info@stagecoachsauces.com,https://edis.ifas.ufl.edu/publication/FS380,"UF/IFAS Extension — Finding and Using a Co-packer (FS380 PDF, Florida & Georgia list)","sauces, condiments, dressing, syrups",sauces,sauce/condiment,,,
House Autry,Edgewater,FL,https://www.house-autry.com/pages/private-label,386-428-5833,,https://edis.ifas.ufl.edu/publication/FS380,"UF/IFAS Extension — Finding and Using a Co-packer (FS380 PDF, Florida & Georgia list)","dry blends (seasonings, marinades, sauces)",sauces; dry-blend,sauce/condiment,,,
G. S. Gelato,Fort Walton Beach,FL,https://gsgelato.com,850-243-5455,info@gsgelato.com,https://edis.ifas.ufl.edu/publication/FS380,"UF/IFAS Extension — Finding and Using a Co-packer (FS380 PDF, Florida & Georgia list)","gelato, sorbet, desserts",dairy,,,,
All Wrapped Up,Ft. Lauderdale,FL,https://allwrappedup-gifts.com/,800-891-2194,info@allwrappedup-gifts.com,https://edis.ifas.ufl.edu/publication/FS380,"UF/IFAS Extension — Finding and Using a Co-packer (FS380 PDF, Florida & Georgia list)","chocolate, other candy and snacks, specialty food packaging",snacks; chocolate,,,,review: not clearly a co-packer
Islamorada Beverages,Islamorada,FL,https://www.islamoradabeverages.com/,305-508-9093,southgm@islamoradabeverages.com,https://edis.ifas.ufl.edu/publication/FS380,"UF/IFAS Extension — Finding and Using a Co-packer (FS380 PDF, Florida & Georgia list)","beer, liquor, seltzer, canned cocktails",beverage; canning,,,,
Azure Water,Leesburg,FL,http://azurewater.com/company/,352-728-5646,sales@azurewater.com,https://edis.ifas.ufl.edu/publication/FS380,"UF/IFAS Extension — Finding and Using a Co-packer (FS380 PDF, Florida & Georgia list)",bottled water,,,,,
H&H Products Company,Maitland,FL,https://hhproductscompany.com/copacking/,800-678-8448,info@hhproductscompany.com,https://edis.ifas.ufl.edu/publication/FS380,"UF/IFAS Extension — Finding and Using a Co-packer (FS380 PDF, Florida & Georgia list)","beverage, juice concentrates, syrups",beverage,,,,
"Criollos Food, USA",Medley,FL,https://www.criollosfoodusa.com,954-629-7471,mvasquez@criollosfoodusa.com,https://edis.ifas.ufl.edu/publication/FS380,"UF/IFAS Extension — Finding and Using a Co-packer (FS380 PDF, Florida & Georgia list)","dry beans, peas, wheat, flours, cornmeal",,,,,
"Marina Foods, Inc.",Medley,FL,https://www.marinafoods.com,786-888-0129,info@marinafoods.com,https://edis.ifas.ufl.edu/publication/FS380,"UF/IFAS Extension — Finding and Using a Co-packer (FS380 PDF, Florida & Georgia list)","cooking oils, salad dressings, sauces",sauces,sauce/condiment,,,
Al-Rite Bottled Ideas,Miami,FL,http://www.al-rite.com,305-652-2540,info@al-rite.com,https://edis.ifas.ufl.edu/publication/FS380,"UF/IFAS Extension — Finding and Using a Co-packer (FS380 PDF, Florida & Georgia list)","liquid beverages, concentrates, sauces, teas, drink mixes",beverage; sauces,sauce/condiment,,,
"Transnational Foods, LLC.",Miami,FL,https://transnationalfoods.com/,305-365-9652,info@tfinc.com,https://edis.ifas.ufl.edu/publication/FS380,"UF/IFAS Extension — Finding and Using a Co-packer (FS380 PDF, Florida & Georgia list)","Olive oil, low sugar, canned vegetables, canned meats, pasta, condiments",canning; sauces,sauce/condiment,,,
United Oil Packers,Miami,FL,http://unitedoilcompany.com/products.php4,305-687-6457,contact@unitedoilcompany.com,https://edis.ifas.ufl.edu/publication/FS380,"UF/IFAS Extension — Finding and Using a Co-packer (FS380 PDF, Florida & Georgia list)","Cooking oils, shortenings",,,,,
Las Olas Confections and Snacks,Orlando,FL,https://lasolasbrands.com/,407-816-9944,orders@lasolabrands.com,https://edis.ifas.ufl.edu/publication/FS380,"UF/IFAS Extension — Finding and Using a Co-packer (FS380 PDF, Florida & Georgia list)","candies, chocolates",chocolate,,,,
Palmetto Canning Co. Inc.,Palmetto,FL,http://www.palmettocanning.com,941-722-1100,pcrbaggs@tampabay.rr.com,https://edis.ifas.ufl.edu/publication/FS380,"UF/IFAS Extension — Finding and Using a Co-packer (FS380 PDF, Florida & Georgia list)","dietary supplements, marinades, sauces, dressings, cooking wines, jellies and marmalades",sauces,sauce/condiment,,,
Kitchen Fusions,Pinellas Park,FL,https://www.mycopacker.com/about-us/,727-546-3444,info@mycopacker.com,https://edis.ifas.ufl.edu/publication/FS380,"UF/IFAS Extension — Finding and Using a Co-packer (FS380 PDF, Florida & Georgia list)","sauces, dips (dry blending only)",sauces; dry-blend,sauce/condiment,,,
Sauce Crafters,Riviera Beach,FL,https://saucecrafters.com/pages/co-packing,561-848-2335,saucemixer@att.net,https://edis.ifas.ufl.edu/publication/FS380,"UF/IFAS Extension — Finding and Using a Co-packer (FS380 PDF, Florida & Georgia list)","BBQ sauces, pasta sauces, hot sauces, gifts",sauces,sauce/condiment,,,
Best Brand Bottlers,Sarasota,FL,https://www.bestbrandbottlers.com,941-755-1941,office@bestbrandbottlers.com,https://edis.ifas.ufl.edu/publication/FS380,"UF/IFAS Extension — Finding and Using a Co-packer (FS380 PDF, Florida & Georgia list)","salad dressings, marinades, BBQ sauces, pasta sauces, hot sauces and cocktail sauces",beverage; sauces,sauce/condiment,,,
"Beneficial Blends, LLC",Tampa,FL,https://beneficialblends.com,800-230-5952,info@beneficialblends.com,https://edis.ifas.ufl.edu/publication/FS380,"UF/IFAS Extension — Finding and Using a Co-packer (FS380 PDF, Florida & Georgia list)",liquid and semiliquid products,,,,,
Old Meeting House Ice Cream,Tampa,FL,http://www.omhicecream.com/index-2.html,813-451-9854,,https://edis.ifas.ufl.edu/publication/FS380,"UF/IFAS Extension — Finding and Using a Co-packer (FS380 PDF, Florida & Georgia list)","ice cream, soy cream, gluten free",dairy,,,gluten-free,
Southeast Dairy Processors (division of Tiller Foods),Tampa,FL,http://tillerfoods.com,866-793-2479,billlacaillade@tillerfoods.com,https://edis.ifas.ufl.edu/publication/FS380,"UF/IFAS Extension — Finding and Using a Co-packer (FS380 PDF, Florida & Georgia list)","yogurt, sour cream, cream, buttermilk, ice cream and dairy mixes, dessert mixes, coffee creamer",dairy; beverage,,,kosher,Pareve and Kosher
IPAC Inc. (International Packaging of Authentic Cuisine),Winter Springs,FL,https://www.copack.com/about-us,407-699-7507,padamission@copack.com,https://edis.ifas.ufl.edu/publication/FS380,"UF/IFAS Extension — Finding and Using a Co-packer (FS380 PDF, Florida & Georgia list)","sauces/salsas, soups, dressings, cocktail mixers",beverage; sauces,sauce/condiment,,,
Georgia Spice Company,Atlanta,GA,http://gaspiceco.com,404-696-6200,aray@gaspiceco.com,https://edis.ifas.ufl.edu/publication/FS380,"UF/IFAS Extension — Finding and Using a Co-packer (FS380 PDF, Florida & Georgia list)","dry blends (dressing, drink mixes, marinades, rubs, batters, seasonings)",sauces; dry-blend,sauce/condiment,,,
Mainline Foods,Atlanta,GA,https://mainlinefoods.com/,404-465-1100,,https://edis.ifas.ufl.edu/publication/FS380,"UF/IFAS Extension — Finding and Using a Co-packer (FS380 PDF, Florida & Georgia list)","Frozen, RTE foods including bakery, pastries, deli salads, appetizers",bakery; frozen,,,,
Sunbelt Packaging Co.,Atlanta,GA,https://www.sunbeltpackagingco.com,470-896-4774,info@sunbeltpackagingco.com,https://edis.ifas.ufl.edu/publication/FS380,"UF/IFAS Extension — Finding and Using a Co-packer (FS380 PDF, Florida & Georgia list)","Condiments, sauces, seasonings",sauces; dry-blend,sauce/condiment,,,
"D&D Foods, Inc.",Columbus,GA,http://www.foysbbq.com,706-322-4507,orders@foysbbq.com,https://edis.ifas.ufl.edu/publication/FS380,"UF/IFAS Extension — Finding and Using a Co-packer (FS380 PDF, Florida & Georgia list)",sauces,sauces,sauce/condiment,,,
Ol'Geechees BBQ,Homer,GA,https://www.hogwallerbbq.com/co-packing,912-550-6494,kennydasher@yahoo.com,https://edis.ifas.ufl.edu/publication/FS380,"UF/IFAS Extension — Finding and Using a Co-packer (FS380 PDF, Florida & Georgia list)",sauces,sauces,sauce/condiment,,,
Country Ranch Foods,Marietta,GA,https://countryranchfoods.com/private-label-custom-pack/,770-792-9000,,https://edis.ifas.ufl.edu/publication/FS380,"UF/IFAS Extension — Finding and Using a Co-packer (FS380 PDF, Florida & Georgia list)","kettle items (gravies, sauces, soups, stews, broths), oven items, raw sausage",sauces; meat,sauce/condiment,,,
Coastal Packaging,Newnan,GA,https://www.coastalpackaging.com/co-packing/,678-854-2117,,https://edis.ifas.ufl.edu/publication/FS380,"UF/IFAS Extension — Finding and Using a Co-packer (FS380 PDF, Florida & Georgia list)","Tea, coffee, juices, energy drinks including organic and gluten-free",beverage,,,organic; gluten-free,organic; gluten-free
"Braswell's Foods, Inc.",Statesboro,GA,https://www.braswells.com,800-673-9388,customerservice@braswells.com,https://edis.ifas.ufl.edu/publication/FS380,"UF/IFAS Extension — Finding and Using a Co-packer (FS380 PDF, Florida & Georgia list)","jams, jellies, dressings, marinades, sauces, honeys, toppings",sauces,sauce/condiment,,,
Custom Beverage Concepts,Tallapoosa,GA,https://www.custombeverageconcepts.com/,770-574-9899,tyc18@custombeverageconcepts.com,https://edis.ifas.ufl.edu/publication/FS380,"UF/IFAS Extension — Finding and Using a Co-packer (FS380 PDF, Florida & Georgia list)","hot and cold beverages, sweetener, creamer, protein shakes",beverage,,,,
True Spice,Tucker,GA,https://www.truespicefoods.com/,404-502-2394,,https://edis.ifas.ufl.edu/publication/FS380,"UF/IFAS Extension — Finding and Using a Co-packer (FS380 PDF, Florida & Georgia list)","spice blends, functional beverages, superfood blends, protein blends, coffee, tea",beverage,,,,
National Foodwork Services,Decatur,IL,http://nationalfoodworks.com/,217.330.8512,,https://cals.cornell.edu/cornell-agritech/partners-institutes/cornell-food-venture-center/kitchensco-packers | https://ucfoodquality.ucdavis.edu/food-industry-contacts/co-packers,"Cornell Food Venture Center — Kitchens/Co-Packers | UC Food Quality — Co-Packers (Mostly California) page, last update March 16 2026",,,,,,review: contradiction — see copackers-review.md; review: collapsed DBA/alias
PacMoore Innovation Lab,Gridley,IL,https://www.pacmoore.com/contract-manufacturing/processing/extrusion/,866-610-2666,jwarren@pacmoore.com,https://cals.cornell.edu/cornell-agritech/partners-institutes/cornell-food-venture-center/kitchensco-packers,Cornell Food Venture Center — Kitchens/Co-Packers,,,,,,
PacMoore Products (Corporate Headquarters),Hammond,IN,,866-610-2666,jwarren@pacmoore.com,https://cals.cornell.edu/cornell-agritech/partners-institutes/cornell-food-venture-center/kitchensco-packers,Cornell Food Venture Center — Kitchens/Co-Packers,,,,,,review: multi-site PacMoore; contacts copied from Cornell firm block onto blank HQ fields
PacMoore Process Technologies,Mooresville,IN,https://www.pacmoore.com,866-610-2666,jwarren@pacmoore.com,https://cals.cornell.edu/cornell-agritech/partners-institutes/cornell-food-venture-center/kitchensco-packers,Cornell Food Venture Center — Kitchens/Co-Packers,,,,,,
Chubby's Sauce,Bernardston,MA,http://www.chubbysauce.com,413-478-2103,info@chubbysauce.com,https://cals.cornell.edu/cornell-agritech/partners-institutes/cornell-food-venture-center/kitchensco-packers,Cornell Food Venture Center — Kitchens/Co-Packers,"Acidified Foods, Thermal Process-(Hot Pack), Automated Filling Line, 4 ounce to 1 Gallon, Plastic and Glass Containers, Product Development and Consultation",hot-fill; acidified,hot-fill,,,
UTEC Community Kitchen,Lowell,MA,https://utecinc.org/,978.856.3951,uteckitchen@utecinc.org,https://cals.cornell.edu/cornell-agritech/partners-institutes/cornell-food-venture-center/kitchensco-packers,Cornell Food Venture Center — Kitchens/Co-Packers,,,,,,Listed in Cornell kitchens/co-packers directory; may include shared-use services.; review: not clearly a co-packer
Five Way Foods,New Bedford,MA,https://www.flavorfirstfoods.com/,774-249-2013,jonathan@fivewayfoods.comphone,https://cals.cornell.edu/cornell-agritech/partners-institutes/cornell-food-venture-center/kitchensco-packers,Cornell Food Venture Center — Kitchens/Co-Packers,"Flexible co-packer partner for large and small brands, automated production for a wide range glass and plastic packaging. Specialize in sauces, broths, dressings, salsas and other hot or cold fill products. On-site dry and refrigerator storage. Along with fulfillment services for wholesale and direct to consumer.",cold-fill; sauces,sauce/condiment,,,Listed in Cornell kitchens/co-packers directory; may include shared-use services.; review: not clearly a co-packer
Avon Food Company,Stoughton,MA,https://avonfood.com/,781-341-3341,info@avonfood.com,https://cals.cornell.edu/cornell-agritech/partners-institutes/cornell-food-venture-center/kitchensco-packers,Cornell Food Venture Center — Kitchens/Co-Packers,"Capabilities Include: Acidified Foods, Thermal Process-(Hot Pack), Dry Spice Blending/Filling, Plastic and Glass Containers, Product Development and Consultation",hot-fill; acidified,hot-fill,,,
Cape Cod Provisions,Wareham,MA,http://www.capecodprovisions.com,506-776-0499,jack@capecodprovisions.com,https://cals.cornell.edu/cornell-agritech/partners-institutes/cornell-food-venture-center/kitchensco-packers,Cornell Food Venture Center — Kitchens/Co-Packers,"Bag and fill machine for private label candy, confectionary products and much more.",chocolate,,,,
Tulkoff Food Products,Baltimore,MD,https://www.tulkoff.com/,800-638-7343,info@tulkoff.com,https://extension.psu.edu/list-of-co-packers-in-pennsylvania-and-beyond/,Penn State Extension — List of Co-packers in Pennsylvania and Beyond (updated Dec 16 2025),"Co-pack manufacturer of condiments, specialty sauces, and dressings for food service, retail, or industrial-sized customers. Headquartered in Baltimore, MD with a secondary facility in Pittsburgh, CA, facilities are SQF and FDA certified.",sauces,sauce/condiment,,SQF; FDA,"Contact: Ruth Bohls, Director of Marketing; review: contradiction — see copackers-review.md"
Maryland Packaging,Elkridge,MD,https://marylandpackaging.com/,410-540-9700,,https://extension.psu.edu/list-of-co-packers-in-pennsylvania-and-beyond/,Penn State Extension — List of Co-packers in Pennsylvania and Beyond (updated Dec 16 2025),"Commercial Kitchen, Co-Packing, Commercial juicing, Logistics, Cold Storage",,,,,review: not clearly a co-packer; review: contradiction — see copackers-review.md
Mama Vida Inc.,Randallstown,MD,https://www.mamavida.com,410-521-0742,info@mamavida.com,https://extension.psu.edu/list-of-co-packers-in-pennsylvania-and-beyond/,Penn State Extension — List of Co-packers in Pennsylvania and Beyond (updated Dec 16 2025),Small batch acidified foods,acidified,,,,Contact: Nila Mechali
G.M. Allen,Blue Hill,ME,https://allenswild.com/contact,207-469-7060,,https://cals.cornell.edu/cornell-agritech/partners-institutes/cornell-food-venture-center/kitchensco-packers,Cornell Food Venture Center — Kitchens/Co-Packers,,,,,,
Cold and hot pack; Dry Mixes,Gray,ME,,207-657-6446,,https://cals.cornell.edu/cornell-agritech/partners-institutes/cornell-food-venture-center/kitchensco-packers,Cornell Food Venture Center — Kitchens/Co-Packers,"Small, specialty foods manufacturer and co-packer specializing in working with small producers and start-up companies and responding to the needs of the producer seeking broader distribution for their products. Production consulting services include UPC procurement, test batch preparation, shelf life testing, nutritional analysis, label consulting, and recipe scaling.",,,,,
DennyMike's Sauces & Seasonings,Westbrook,ME,http://www.dennymikes.com,207-591-5084,,https://cals.cornell.edu/cornell-agritech/partners-institutes/cornell-food-venture-center/kitchensco-packers,Cornell Food Venture Center — Kitchens/Co-Packers,,,,,,
W.S. Wells & Son,Wilton,ME,,207-645-3393,,https://cals.cornell.edu/cornell-agritech/partners-institutes/cornell-food-venture-center/kitchensco-packers,Cornell Food Venture Center — Kitchens/Co-Packers,,,,,,
Freestone Pickle Company Inc.,Bangor,MI,http://freestonepickles.com,269-427-7702,freestonepickles@freestonepickles.com,https://www.michfpa.org/processors/,Michigan Food Processors Association — Processors roster (processors; co-pack not always stated),Food service pickles and relishes; contract tanking,,,,,Mentions contract tanking; review: not clearly a co-packer
Coloma Frozen Foods,Coloma,MI,,269-944-1421,,https://www.michfpa.org/processors/,Michigan Food Processors Association — Processors roster (processors; co-pack not always stated),"Frozen asparagus, rhubarb, tart cherries, blueberries, apples, fruit juice concentrates; poly repacking",beverage; frozen,,,,MFPA processor listing; review: not clearly a co-packer
Burnette Foods,Elk Rapids,MI,,231-264-8116,,https://www.michfpa.org/processors/,Michigan Food Processors Association — Processors roster (processors; co-pack not always stated),"Canned pie fillings, cherries, plums, applesauce; additional plants East Jordan, Hartford, New Era",canning,,,,MFPA processor listing; multiple plants; review: not clearly a co-packer
Michigan Freeze Pack,Hart,MI,http://michiganfreezepack.com,231-873-2175,afletcher@michiganfreezepack.com,https://www.michfpa.org/processors/,Michigan Food Processors Association — Processors roster (processors; co-pack not always stated),Frozen IQF vegetables; bagging services,frozen,,,,Bagging services stated; review: not clearly a co-packer
"Harrison Packing Co., Inc.",Kalamazoo,MI,http://harrisonpacking.com,269-381-3837,,https://www.michfpa.org/processors/,Michigan Food Processors Association — Processors roster (processors; co-pack not always stated),Pickle and pepper products; brine stock and contract tanking,,,,,Mentions contract tanking; review: not clearly a co-packer
Honee Bear Canning Company,Lawton,MI,http://honeebear.com,269-624-4681,,https://www.michfpa.org/processors/,Michigan Food Processors Association — Processors roster (processors; co-pack not always stated),"Canned asparagus, cherries, plums, pie filling, blueberries, potatoes, carrots, dry beans, apples, soups; frozen fruit",canning; frozen,,,,Staff listing includes Purchasing/Co-Pack Liaison; review: not clearly a co-packer
"Indian Summer Cooperative, Inc.",Ludington,MI,,231-845-6248,dhackert@indiansummercoop.com,https://www.michfpa.org/processors/,Michigan Food Processors Association — Processors roster (processors; co-pack not always stated),"RTP cherries, apple juice, flavored juices, applesauce, flavored sauces, apple slices, concentrates",beverage; sauces,sauce/condiment,,,MFPA processor listing; review: not clearly a co-packer
Michigan Food Processor Coop. Inc.,Ludington,MI,,231-845-6248,,https://www.michfpa.org/processors/,Michigan Food Processors Association — Processors roster (processors; co-pack not always stated),"Frozen tart cherries, IQF cherries, frozen apple slices, fresh asparagus",frozen,,,,MFPA processor listing; review: not clearly a co-packer
Bayview Food Products / Mr. Chips Inc.,Pinconning,MI,,,,https://www.michfpa.org/processors/,Michigan Food Processors Association — Processors roster (processors; co-pack not always stated),"Pickles, relish and peppers",,,,,MFPA processor listing; co-pack not explicitly stated; review: not clearly a co-packer
Traverse Bay Farms,South Bellaire,MI,https://www.traversebayfarms.com/,1-231-533-8788,,https://cals.cornell.edu/cornell-agritech/partners-institutes/cornell-food-venture-center/kitchensco-packers,Cornell Food Venture Center — Kitchens/Co-Packers,,,,,,
Leelanau Fruit Company,Suttons Bay,MI,http://leelanaufruit.com,231-271-3514,al@leelanaufruit.com,https://www.michfpa.org/processors/,Michigan Food Processors Association — Processors roster (processors; co-pack not always stated),"Frozen strawberries, plums, tart and sweet cherries, brined sweet cherries",frozen,,,,MFPA processor listing; review: not clearly a co-packer
Mille Lacs Wild Rice Corporation,Aitkin,MN,,800-626-3809,joe@canoewildrice.com,https://www.mda.state.mn.us/minnesota-co-packer-directory,Minnesota Department of Agriculture — Minnesota Co-Packer Directory (reviewed 2018; updated 2022; detailed listings live as of fetch),"Wild rice, wild rice blends, other rices",,,typically no order minimums,,
Particle Control Inc.,Albertville,MN,,763-497-3075,jerry@particlecontrolinc.com,https://www.mda.state.mn.us/minnesota-co-packer-directory,Minnesota Department of Agriculture — Minnesota Co-Packer Directory (reviewed 2018; updated 2022; detailed listings live as of fetch),"Toll milling, blending, packaging, air classifying",,,100 pounds,,Capacity 100 ton/week
Northwestern Foods Inc.,Arden Hills,MN,,,sales@northwesternfoods.com,https://www.mda.state.mn.us/minnesota-co-packer-directory,Minnesota Department of Agriculture — Minnesota Co-Packer Directory (reviewed 2018; updated 2022; detailed listings live as of fetch),"Dry blending, VFFS; dry mixes (beverages, cocoas, teas, lattes, bakery items)",bakery; beverage; dry-blend,,"2,000 pounds/item",kosher; halal; BRC,
Riffs Smokehouse,Arden Hills,MN,,651-955-6133,ethan@riffssmokehouse.com,https://www.mda.state.mn.us/minnesota-co-packer-directory,Minnesota Department of Agriculture — Minnesota Co-Packer Directory (reviewed 2018; updated 2022; detailed listings live as of fetch),"USDA meat facility: cook/smoke, pack, ship meat; BBQ sauce and other sauces",sauces; meat,sauce/condiment,varies by product,USDA,
InHarvest Inc.,Bemidji,MN,,800-346-7032,johnw@inharvest.com,https://www.mda.state.mn.us/minnesota-co-packer-directory,Minnesota Department of Agriculture — Minnesota Co-Packer Directory (reviewed 2018; updated 2022; detailed listings live as of fetch),"Grains, rice, beans, lentils; parboiling, blending, scarifying",,,"24 pounds stock; 2,000 pounds custom",,
Fiberich Technologies Inc.,Bloomington,MN,,952-920-8054,fiberichtech@gmail.com,https://www.mda.state.mn.us/minnesota-co-packer-directory,Minnesota Department of Agriculture — Minnesota Co-Packer Directory (reviewed 2018; updated 2022; detailed listings live as of fetch),Legume flours and high fiber baking concentrate flour,,,"one pallet (2,000 pounds)",,
"Nikola's Foods, Nikola's Bakery",Bloomington,MN,,952-253-5991,dir@nikolasbakery.com,https://www.mda.state.mn.us/minnesota-co-packer-directory,Minnesota Department of Agriculture — Minnesota Co-Packer Directory (reviewed 2018; updated 2022; detailed listings live as of fetch),"Full-service bakery, custom baking, private label and co-packing",bakery,,case-by-case,AIB; FDA; kosher; HACCP,"35,000 sq ft bakery plus 15,000 sq ft gluten-free manufacturing"
Abdallah Candies,Burnsville,MN,,952-890-4770,service@abdallahcandies.com,https://www.mda.state.mn.us/minnesota-co-packer-directory,Minnesota Department of Agriculture — Minnesota Co-Packer Directory (reviewed 2018; updated 2022; detailed listings live as of fetch),"Toffee, caramels, creams, clusters, barks, and nougats",,,varies,,"Capacity: 5,000 pounds per day"
Buddy's Kitchen Inc.,Burnsville,MN,,952-894-2540,,https://www.mda.state.mn.us/minnesota-co-packer-directory,Minnesota Department of Agriculture — Minnesota Co-Packer Directory (reviewed 2018; updated 2022; detailed listings live as of fetch),"Frozen sandwiches, burritos, breakfast entrees, grilled bread",frozen,,,,Selectively works with early-stage companies
Quality Ingredients Corporation,Burnsville,MN,,952-898-4002,sales@qic.us,https://www.mda.state.mn.us/minnesota-co-packer-directory,Minnesota Department of Agriculture — Minnesota Co-Packer Directory (reviewed 2018; updated 2022; detailed listings live as of fetch),Contract spray drying and spray chilling,spray-dry,,500 pounds typically,,
Sno Pac Foods,Caledonia,MN,,507-725-5281,snopac@snopac.com,https://www.mda.state.mn.us/minnesota-co-packer-directory,Minnesota Department of Agriculture — Minnesota Co-Packer Directory (reviewed 2018; updated 2022; detailed listings live as of fetch),Frozen vegetables,frozen,,"Processing 40,000 pounds raw; packaging 20,000 pounds; ingredient sales no minimum",organic,
Lorentz Meats,Cannon Falls,MN,,507-263-3618,jpeterson@lorentzmeats.com,https://www.mda.state.mn.us/minnesota-co-packer-directory,Minnesota Department of Agriculture — Minnesota Co-Packer Directory (reviewed 2018; updated 2022; detailed listings live as of fetch),"Beef and bison slaughter, specialty meat packaging, sausage",meat,,varies by product,,
Bongards Premium Cheese,Chanhassen,MN,,952-277-5555,scott.tomes@bongards.com,https://www.mda.state.mn.us/minnesota-co-packer-directory,Minnesota Department of Agriculture — Minnesota Co-Packer Directory (reviewed 2018; updated 2022; detailed listings live as of fetch),"Processed cheese, natural cheese, cream cheese, and whey",dairy,,"10,000 pounds",,
Treehouse Brands dba Enlightened Beverage,Croix,MN,,888-522-2892,info@treehousebrand.com,https://www.mda.state.mn.us/minnesota-co-packer-directory,Minnesota Department of Agriculture — Minnesota Co-Packer Directory (reviewed 2018; updated 2022; detailed listings live as of fetch),"Frappe mix, bakery mix, coffee",bakery; beverage,,one case 5 pouches/bags x 3 pounds,,
Dover Processing Inc.,Dover,MN,,507-932-8660,dovermeats@gmail.com,https://www.mda.state.mn.us/minnesota-co-packer-directory,Minnesota Department of Agriculture — Minnesota Co-Packer Directory (reviewed 2018; updated 2022; detailed listings live as of fetch),"USDA inspected meat processing: sausage, smoked meats, thermoforming, vacuum packaging",meat,,contact to discuss,organic (MOSA); Animal Welfare Approved,
Milk Specialties Global,Eden Prairie,MN,,952-942-7310,cbaughman@milkspecialties.com,https://www.mda.state.mn.us/minnesota-co-packer-directory,Minnesota Department of Agriculture — Minnesota Co-Packer Directory (reviewed 2018; updated 2022; detailed listings live as of fetch),"Nutritional powder products: sports nutrition, weight loss, meal replacers",,,"10,000 pounds",,
Hamel Maple Syrup Company Inc.,Hamel,MN,,763-478-2353,order@hamelsyrup.com,https://www.mda.state.mn.us/minnesota-co-packer-directory,Minnesota Department of Agriculture — Minnesota Co-Packer Directory (reviewed 2018; updated 2022; detailed listings live as of fetch),"Pure maple syrup, organic maple syrup, blends, granulated maple sugar; private label bottling",,,pallet preferred; will discuss,SQF; kosher (cRc); organic; non-GMO (MOSA),
Mile Marker,Inver Grove Heights,MN,,612-229-8593,lee@dashfire.us,https://www.mda.state.mn.us/minnesota-co-packer-directory,Minnesota Department of Agriculture — Minnesota Co-Packer Directory (reviewed 2018; updated 2022; detailed listings live as of fetch),"Tin cans and glass bottles for bitters, spirits, RTD canned cocktails",beverage; canning,,"1,000 bottles (any size); 70,000-112,000 cans (depending on size)",,
European Roasterie Inc.,Le Center,MN,,507-357-3008,thomas@euroroast.com,https://www.mda.state.mn.us/minnesota-co-packer-directory,Minnesota Department of Agriculture — Minnesota Co-Packer Directory (reviewed 2018; updated 2022; detailed listings live as of fetch),Roasted coffee,beverage,,50 pounds per SKU,,
Maud Borup,Le Center,MN,,866-678-6283,randy@maudborup.com,https://www.mda.state.mn.us/minnesota-co-packer-directory,Minnesota Department of Agriculture — Minnesota Co-Packer Directory (reviewed 2018; updated 2022; detailed listings live as of fetch),"Candy, snacks, powdered mixes, hot sauces",snacks; sauces; dry-blend; chocolate,sauce/condiment,"4,000 units",,
North Star Processing LLC,Litchfield,MN,,320-693-7211,mholmgren@nsp-llc.com,https://www.mda.state.mn.us/minnesota-co-packer-directory,Minnesota Department of Agriculture — Minnesota Co-Packer Directory (reviewed 2018; updated 2022; detailed listings live as of fetch),"Spray dried powders: flavors, sweeteners, coloring, dairy ingredients, proteins",dairy; spray-dry,,varies with products,kosher (OU); organic (QAI),
All American Foods Inc.,Mankato,MN,,800-833-2661,amys@aafoods.com,https://www.mda.state.mn.us/minnesota-co-packer-directory,Minnesota Department of Agriculture — Minnesota Co-Packer Directory (reviewed 2018; updated 2022; detailed listings live as of fetch),"Dried, co-dried, and dry blended bulk ingredients (cheese powders, cultured dairy powders)",dairy; dry-blend,,to be determined,,review: not clearly a co-packer
Schwan's Global Supply Chain Inc.,Marshall,MN,,507-537-8189,maryjo.martinson@schwans.com,https://www.mda.state.mn.us/minnesota-co-packer-directory,Minnesota Department of Agriculture — Minnesota Co-Packer Directory (reviewed 2018; updated 2022; detailed listings live as of fetch),"Frozen foods: ice cream, bakery desserts, convenience foods, sauces",bakery; dairy; frozen; sauces,sauce/condiment,varies by product category,,
At Last! Gourmet Foods,Minneapolis,MN,https://www.atlastgourmetfoods.com,(612) 724-1634,info@atlastgourmetfoods.com,https://www.mda.state.mn.us/minnesota-co-packer-directory,Minnesota Department of Agriculture — Minnesota Co-Packer Directory (reviewed 2018; updated 2022; detailed listings live as of fetch),"Soups, sauces, marinades, dips, spreads",sauces,sauce/condiment,"1 pallet (1,200 pounds)",USDA; organic; SQF level II,"USDA inspected. Capacity: 30,000 pounds per customer per day"
Bare Honey & Co. Food Manufacturing,Minneapolis,MN,,612-315-3952,info@barehoney.com,https://www.mda.state.mn.us/minnesota-co-packer-directory,Minnesota Department of Agriculture — Minnesota Co-Packer Directory (reviewed 2018; updated 2022; detailed listings live as of fetch),"Pure and infused honeys, jams, jellies, sauces, drink mixers",sauces,sauce/condiment,200 gallons,organic; FDA; HACCP,"Certified organic facility, FDA-registered, MN licensed wholesale manufacturer. Max 12,000 gal/month"
Better Bev Co (Buch Fermentary and Taproom),Minneapolis,MN,,612-720-1020,ryan@buchbev.com,https://www.mda.state.mn.us/minnesota-co-packer-directory,Minnesota Department of Agriculture — Minnesota Co-Packer Directory (reviewed 2018; updated 2022; detailed listings live as of fetch),"THC seltzers, kombucha products",beverage,,negotiable,,Capacity approximately 280 barrels
Big Watt Inc.,Minneapolis,MN,,612-354-2897,,https://www.mda.state.mn.us/minnesota-co-packer-directory,Minnesota Department of Agriculture — Minnesota Co-Packer Directory (reviewed 2018; updated 2022; detailed listings live as of fetch),"Whole bean coffee, RTD cold press coffee, sparkling beverages, CBD products",beverage,,"2,500 units",,"Also Wisconsin facility. MN 10,000 cases/month; WI 25,000 cases/month"
Coffeewomple,Minneapolis,MN,,952-270-8923,nicole@coffewomple.com,https://www.mda.state.mn.us/minnesota-co-packer-directory,Minnesota Department of Agriculture — Minnesota Co-Packer Directory (reviewed 2018; updated 2022; detailed listings live as of fetch),Whole bean and ground coffee,beverage,,no minimums on stock coffee; ~16 pound minimum on custom batches,,
Fischer's United Supply Inc.,Minneapolis,MN,,612-379-3333,,https://www.mda.state.mn.us/minnesota-co-packer-directory,Minnesota Department of Agriculture — Minnesota Co-Packer Directory (reviewed 2018; updated 2022; detailed listings live as of fetch),"Acid or acidified condiments, BBQ sauces to jams, 4-oz jars to 55-gallon drums",acidified; sauces,sauce/condiment,500 pounds,organic,"Average full production day 3,200 pounds"
G.O. Fresh,Minneapolis,MN,,612-256-1770,,https://www.mda.state.mn.us/minnesota-co-packer-directory,Minnesota Department of Agriculture — Minnesota Co-Packer Directory (reviewed 2018; updated 2022; detailed listings live as of fetch),Fresh pre-cut fruits and vegetables,,,varies,organic; USDA,
Gourmet CoPack,Minneapolis,MN,,414-339-2980,info@gourmetcopack.com,https://www.mda.state.mn.us/minnesota-co-packer-directory,Minnesota Department of Agriculture — Minnesota Co-Packer Directory (reviewed 2018; updated 2022; detailed listings live as of fetch),"Jams, jellies, conserves, preserves, chutneys, pickled products, sauces, honey",sauces,sauce/condiment,"1,000 units",,
Olsen Fish Company,Minneapolis,MN,,612-287-0838,cdorff@olsenfish.com,https://www.mda.state.mn.us/minnesota-co-packer-directory,Minnesota Department of Agriculture — Minnesota Co-Packer Directory (reviewed 2018; updated 2022; detailed listings live as of fetch),"Pickled products, creamed products, brines, non-heat treated; jarred product",,,negotiable,kosher; FDA,
Swanson Meats,Minneapolis,MN,,612-468-2014,ross@swansonmeats.com,https://www.mda.state.mn.us/minnesota-co-packer-directory,Minnesota Department of Agriculture — Minnesota Co-Packer Directory (reviewed 2018; updated 2022; detailed listings live as of fetch),"Cutting steaks and chops, grinding proprietary blends; all meats",,,,SQF; halal; gluten-free,Child Nutrition Label certified
Karlsburger Foods Inc.,Monticello,MN,,763-295-2273,matthewm@karlsburger.com,https://www.mda.state.mn.us/minnesota-co-packer-directory,Minnesota Department of Agriculture — Minnesota Co-Packer Directory (reviewed 2018; updated 2022; detailed listings live as of fetch),"Soup bases, sauces, spices and seasoning blends, gravy mixes",sauces; dry-blend,sauce/condiment,no minimum on stock; 150 pounds custom seasoning/dry blends; 300 pounds custom bases,SQF level 2; USDA; FDA; organic; halal; HACCP,"Capacity up to 66,000 pounds a day"
Crested River,Morgan,MN,,507-430-8351,shawn@criver.cc,https://www.mda.state.mn.us/minnesota-co-packer-directory,Minnesota Department of Agriculture — Minnesota Co-Packer Directory (reviewed 2018; updated 2022; detailed listings live as of fetch),"Oils, topicals, edibles, beverages; cans, kegs, glass, jars, mylar",beverage,,,,Beverage pilot line 2 to 40 BBL
Krienke Foods International Inc.,Mountain Lake,MN,,651-238-4770,caleb@popdkerns.com,https://www.mda.state.mn.us/minnesota-co-packer-directory,Minnesota Department of Agriculture — Minnesota Co-Packer Directory (reviewed 2018; updated 2022; detailed listings live as of fetch),"Crunchy corn and legume snacks, fried pasta snacks, roasted legumes, trail mixes",snacks,,Negotiable,SQF,Costco-approved contract snack manufacturer
Mixly Cocktail Co.,New Hope,MN,,952-200-6684,johnna@mixlycocktailco.com,https://www.mda.state.mn.us/minnesota-co-packer-directory,Minnesota Department of Agriculture — Minnesota Co-Packer Directory (reviewed 2018; updated 2022; detailed listings live as of fetch),"Cocktail mixers, syrups, mocktails, beverage concentrates; hot and cold fill",cold-fill; beverage,,"To be determined on product type, packaging and formula",,Small batch (500 bottles) to large runs (20k+ bottles)
Sutton Investments (DBA Healthy For Life Meals),New Hope,MN,,612-770-8755,jimkeegan@healthyforlifemeals.com,https://www.mda.state.mn.us/minnesota-co-packer-directory,Minnesota Department of Agriculture — Minnesota Co-Packer Directory (reviewed 2018; updated 2022; detailed listings live as of fetch),Nutritionally controlled fully prepared fresh single serve meals,,,,,
The Secret Garden,Park Rapids,MN,,218-732-4866,sgmorg@wcta.net,https://www.mda.state.mn.us/minnesota-co-packer-directory,Minnesota Department of Agriculture — Minnesota Co-Packer Directory (reviewed 2018; updated 2022; detailed listings live as of fetch),Dehydrated soups; entree mixes; quick bread and pancake mixes; dip and seasoning mixes,dry-blend; dehydration,,,,
Maple Island Inc.,Paul,MN,,651-773-1000,info@maple-island.com,https://www.mda.state.mn.us/minnesota-co-packer-directory,Minnesota Department of Agriculture — Minnesota Co-Packer Directory (reviewed 2018; updated 2022; detailed listings live as of fetch),"Dry blend and canister fill powdered products including milk and protein powders, infant formula",dry-blend,,,,
Smude Enterprises,Pierz,MN,,320-468-6925,tom@smudeoil.com,https://www.mda.state.mn.us/minnesota-co-packer-directory,Minnesota Department of Agriculture — Minnesota Co-Packer Directory (reviewed 2018; updated 2022; detailed listings live as of fetch),Co-packing dry goods up to 2 pounds; oil bottling any size,,,any,,
Food Service Specialties,Red Wing,MN,,800-657-0811,jordanp@foodservicespecialties.com,https://www.mda.state.mn.us/minnesota-co-packer-directory,Minnesota Department of Agriculture — Minnesota Co-Packer Directory (reviewed 2018; updated 2022; detailed listings live as of fetch),Tomato-based and dairy-based sauces and dips; pouches and totes,dairy; sauces,sauce/condiment,"approximately 1,000 gallons with annual volume expectation of 5,000 gallons",,
Sturdiwheat Inc.,Red Wing,MN,,651-385-9300,pancakes@sturdiwheat.com,https://www.mda.state.mn.us/minnesota-co-packer-directory,Minnesota Department of Agriculture — Minnesota Co-Packer Directory (reviewed 2018; updated 2022; detailed listings live as of fetch),All natural and organic certified dry mixing and packaging,dry-blend,,"1,000 units",organic,Does not run nuts through system
NLC Beverage Company Inc.,Rice,MN,,844-314-5252,troy@newlifecoffee.com,https://www.mda.state.mn.us/minnesota-co-packer-directory,Minnesota Department of Agriculture — Minnesota Co-Packer Directory (reviewed 2018; updated 2022; detailed listings live as of fetch),"Bagged coffee, mushroom coffee, single serve, RTD CBD beverages and mocktails, cold brew",beverage,,,,
Reichel Foods Inc.,Rochester,MN,,507-289-7264,craig@reichelfoods.com,https://www.mda.state.mn.us/minnesota-co-packer-directory,Minnesota Department of Agriculture — Minnesota Co-Packer Directory (reviewed 2018; updated 2022; detailed listings live as of fetch),"Produce, proteins, shelf-stable, perishable processing and packaging",,,,,
Pan O Gold Baking Company,Saint Cloud,MN,,320-251-9361,mubl@panogold.com,https://www.mda.state.mn.us/minnesota-co-packer-directory,Minnesota Department of Agriculture — Minnesota Co-Packer Directory (reviewed 2018; updated 2022; detailed listings live as of fetch),Fresh baked breads and buns,,,varies,,
"MBH, LLC",Saint Louis Park,MN,,612-386-0143,brett.struwe@sustenancecoffee.com,https://www.mda.state.mn.us/minnesota-co-packer-directory,Minnesota Department of Agriculture — Minnesota Co-Packer Directory (reviewed 2018; updated 2022; detailed listings live as of fetch),Roasted whole bean and ground packaged coffee,beverage,,,,
Bix Produce Company,Saint Paul,MN,,651-487-8000,spagel@bixproduce.com,https://www.mda.state.mn.us/minnesota-co-packer-directory,Minnesota Department of Agriculture — Minnesota Co-Packer Directory (reviewed 2018; updated 2022; detailed listings live as of fetch),Fresh boxed and fresh-cut fruits and vegetables,,,contact to discuss,,
Captain Ken's Foods,Saint Paul,MN,,651-298-0071,jtraxler@captainkens.com,https://www.mda.state.mn.us/minnesota-co-packer-directory,Minnesota Department of Agriculture — Minnesota Co-Packer Directory (reviewed 2018; updated 2022; detailed listings live as of fetch),Frozen foods,frozen,,"annual 100,000 pounds",USDA; FDA,
Chippewa Packaging Inc.,Saint Peter,MN,,507-931-5510,,https://www.mda.state.mn.us/minnesota-co-packer-directory,Minnesota Department of Agriculture — Minnesota Co-Packer Directory (reviewed 2018; updated 2022; detailed listings live as of fetch),"Dry food packaging: pre-made pouches, form fill and seal; blending",,,to be determined,SQF level 3; organic; kosher,review: not clearly a co-packer
Stone Gate Foods,Shakopee,MN,,952-215-0475,reversman@stonegate-foods.com,https://www.mda.state.mn.us/minnesota-co-packer-directory,Minnesota Department of Agriculture — Minnesota Co-Packer Directory (reviewed 2018; updated 2022; detailed listings live as of fetch),"Frozen appetizers, pizzas, side dishes, desserts, value-added meat, meal kits, pouch/cup filling",frozen; meat,,1 full production day/night shift,,
French Lake Butcher Shop LLC,South Haven,MN,,320-286-5345,frenchlakebutchershop@live.com,https://www.mda.state.mn.us/minnesota-co-packer-directory,Minnesota Department of Agriculture — Minnesota Co-Packer Directory (reviewed 2018; updated 2022; detailed listings live as of fetch),"Raw meat, cooked products, slaughter; sausages",meat,,for sausages is 20 pounds,,
Stittsworth Smokehouse Company,Turtle River,MN,,218-586-4201,mychals@stittsworthmeats.com,https://www.mda.state.mn.us/minnesota-co-packer-directory,Minnesota Department of Agriculture — Minnesota Co-Packer Directory (reviewed 2018; updated 2022; detailed listings live as of fetch),"Raw or cooked sausages, smoked jerky, raw ground meat; beef, pork, bison, wild game",meat,,trial runs to help with new product recipes,,
Hemp Acres,Waconia,MN,https://www.hempacresusa.com/,612-230-9150,vikki@hempacresusa.com,https://www.mda.state.mn.us/minnesota-co-packer-directory,Minnesota Department of Agriculture — Minnesota Co-Packer Directory (reviewed 2018; updated 2022; detailed listings live as of fetch),"Grain cleaning, expeller press, milling, custom blending, filling dry powders, oils, liquids",,,varies by process,,
Greater American Ribs Inc.,Woodbury,MN,,651-329-8133,pete@garibs.com,https://www.mda.state.mn.us/minnesota-co-packer-directory,Minnesota Department of Agriculture — Minnesota Co-Packer Directory (reviewed 2018; updated 2022; detailed listings live as of fetch),Fully cooked pork loin back ribs; fully cooked meats,,,to be mutually agreed upon,,
Blue Ridge Food Ventures,Candler,NC,http://www.blueridgefoodventures.org/,828-348-0130,,https://foodbusiness.ces.ncsu.edu/tools-for-success/other-services-supplies/,NC State Extension Food Business — Other Services & Supplies (Copackers section; page updated Aug 17 2026),,,,,,1461 Sand Hill Road; also listed under commercial kitchens; review: not clearly a co-packer
Firehouse Bottling Company,Candler,NC,,828-633-7110,info@firehousebottling.com,https://foodbusiness.ces.ncsu.edu/tools-for-success/other-services-supplies/,NC State Extension Food Business — Other Services & Supplies (Copackers section; page updated Aug 17 2026),,,,,,1750 Pisgah Hwy
C2 Bottling,Charlotte,NC,,704-728-1888,c2bottling@gmail.com,https://foodbusiness.ces.ncsu.edu/tools-for-success/other-services-supplies/,NC State Extension Food Business — Other Services & Supplies (Copackers section; page updated Aug 17 2026),,,,,,
D'Vine Foods,Elizabethtown,NC,,910-862-2576,,https://foodbusiness.ces.ncsu.edu/tools-for-success/other-services-supplies/,NC State Extension Food Business — Other Services & Supplies (Copackers section; page updated Aug 17 2026),,,,,,1585 Hwy 701 South
Carolina CoPacking LLC,Henderson,NC,http://carolinacopacking.com/,252-433-0130,info@carolinacopacking.com,https://foodbusiness.ces.ncsu.edu/tools-for-success/other-services-supplies/,NC State Extension Food Business — Other Services & Supplies (Copackers section; page updated Aug 17 2026),,,,,,860 Commerce Drive
Blue Ridge Jams,Hendersonville,NC,,828-685-1783,,https://foodbusiness.ces.ncsu.edu/tools-for-success/other-services-supplies/,NC State Extension Food Business — Other Services & Supplies (Copackers section; page updated Aug 17 2026),,,,,,
Big Boss Baking Company,High Point,NC,,336-861-1212,,https://foodbusiness.ces.ncsu.edu/tools-for-success/other-services-supplies/,NC State Extension Food Business — Other Services & Supplies (Copackers section; page updated Aug 17 2026),,,,,,629 McWay Drive
FirstWave Contract Manufacturing,Middlesex,NC,,919-694-0974,info@sinnovatek.com,https://foodbusiness.ces.ncsu.edu/tools-for-success/other-services-supplies/,NC State Extension Food Business — Other Services & Supplies (Copackers section; page updated Aug 17 2026),,,,,,
Suite O,Suite O Charlotte,NC,,,,https://cals.cornell.edu/cornell-agritech/partners-institutes/cornell-food-venture-center/kitchensco-packers,Cornell Food Venture Center — Kitchens/Co-Packers,,,,,,
Golding Farms,Winston-Salem,NC,,336-766-6161,,https://foodbusiness.ces.ncsu.edu/tools-for-success/other-services-supplies/,NC State Extension Food Business — Other Services & Supplies (Copackers section; page updated Aug 17 2026),,,,,,6061 Gun Club Road
"Ajinomoto, North America, Inc.",,NC,http://www.ajinomoto-usa.com/,,,https://ucfoodquality.ucdavis.edu/food-industry-contacts/co-packers,"UC Food Quality — Co-Packers (Mostly California) page, last update March 16 2026",,,,,,Also Illinois; review: not clearly a co-packer
Genuine Local,Laconia,NH,http://www.genuinelocal.org,603-279-8600,,https://cals.cornell.edu/cornell-agritech/partners-institutes/cornell-food-venture-center/kitchensco-packers,Cornell Food Venture Center — Kitchens/Co-Packers,Offer a shared use production facility for food producers as well as business incubator services for startup food businesses. Also offer co-packing to customers who want that service. Work with local farms to produce value added products from crop surpluses.,,,,,review: not clearly a co-packer
Neighbor Made,Suite D Keene,NH,,603-338-9121,,https://cals.cornell.edu/cornell-agritech/partners-institutes/cornell-food-venture-center/kitchensco-packers,Cornell Food Venture Center — Kitchens/Co-Packers,,,,,,
The Organic Food Incubator,Bloomfield,NJ,https://organicfoodincubator.com,973-748-0111,mikes@organicfoodincubator.com,https://extension.psu.edu/list-of-co-packers-in-pennsylvania-and-beyond/ | https://cals.cornell.edu/cornell-agritech/partners-institutes/cornell-food-venture-center/kitchensco-packers,Penn State Extension — List of Co-packers in Pennsylvania and Beyond (updated Dec 16 2025) | Cornell Food Venture Center — Kitchens/Co-Packers,"Primarily beverages, sauces, and powders. Focus is on start-ups and small brands, offering production as small as 25 gallons to full scale. The facility is nut-free and gluten-free.",beverage; sauces,sauce/condiment,,gluten-free; nut-free,Contact: Michael Schwartz; review: not clearly a co-packer; review: not clearly a co-packer; review: contradiction — see copackers-review.md; review: collapsed DBA/alias
International Spice,Bordentown,NJ,http://www.intspice.com,609-298-1199,,https://cals.cornell.edu/cornell-agritech/partners-institutes/cornell-food-venture-center/kitchensco-packers,Cornell Food Venture Center — Kitchens/Co-Packers,,,,,,
Rutgers Food Innovation Center,Bridgeton,NJ,http://foodinnovation.rutgers.edu/,(856) 459-1900,,https://cals.cornell.edu/cornell-agritech/partners-institutes/cornell-food-venture-center/kitchensco-packers,Cornell Food Venture Center — Kitchens/Co-Packers,,,,,,
Farmer's Choice Food Brands,Closter,NJ,https://www.farmerschoicefoods.com,610-499-9477,,https://extension.psu.edu/list-of-co-packers-in-pennsylvania-and-beyond/,Penn State Extension — List of Co-packers in Pennsylvania and Beyond (updated Dec 16 2025),"Sauces, dressing, jellies, and jams specializing in small batches.",sauces,sauce/condiment,,,
MetaBrand LLC,Edison,NJ,http://www.metabrandcorp.com,(732) 986-9142,,https://cals.cornell.edu/cornell-agritech/partners-institutes/cornell-food-venture-center/kitchensco-packers,Cornell Food Venture Center — Kitchens/Co-Packers,Hot Fill (batch pasteurization) & Cold fill PET & Glass (CT caps) capabilities. Shrink & Pressure sensitive label application. 12-pack tray with shrink wrap / carton pack out.,hot-fill; cold-fill,hot-fill,,,
Le Gourmet Factory,Englewood,NJ,,,,https://cals.cornell.edu/cornell-agritech/partners-institutes/cornell-food-venture-center/kitchensco-packers,Cornell Food Venture Center — Kitchens/Co-Packers,,,,,,
South Amboy Kitchen LLC,South Amboy,NJ,https://southamboykitchen.com,732-377-2271,southamboykitchen@gmail.com,https://cals.cornell.edu/cornell-agritech/partners-institutes/cornell-food-venture-center/kitchensco-packers,Cornell Food Venture Center — Kitchens/Co-Packers,"South Amboy Kitchen with a mission: For universal Sewa (Service to humanity) without considering cast, creed, color, nationality or religion, is a Rental kitchen and a co-Packing facility, that is there to provide an ecosystem of support services and infrastructure for culinary entrepreneurs with a dream to make it a reality. Starting any business has its challenges, but food-based businesses have a very unique set of obstacles to overcome. One of the first and most common problems food-based bu",,,,,review: not clearly a co-packer
"JGS Beverage Group, Inc. & Tarantino Food Group",Trenton,NJ,,347-408-4446,grace@jgsbeveragegroup.com,https://cals.cornell.edu/cornell-agritech/partners-institutes/cornell-food-venture-center/kitchensco-packers,Cornell Food Venture Center — Kitchens/Co-Packers,,,,,,
Salt Road Food Hub,W Broadway Paterson,NJ,http://www.saltroadfoodhub.com,347-469-0897,store@nynaturals.com,https://cals.cornell.edu/cornell-agritech/partners-institutes/cornell-food-venture-center/kitchensco-packers,Cornell Food Venture Center — Kitchens/Co-Packers,"Salt Road Food Hub is a 10,000 square foot shared food manufacturing facility specializing in gluten-free and vegetarian products. and a climate-controlled warehouse. The facility is equipped with a double rack oven, 60-quart Hobart mixers, tilt skillets, steam kettles, Robot Coupes, flow wrapper, piston and bottle fillers, vibratory filler, and more. - Dedicated Gluten-Free only facility.",,,,gluten-free,
Ark Foods,square foot food processing facility in,NJ,https://www.arkfoods.com,917-231-9929,,https://cals.cornell.edu/cornell-agritech/partners-institutes/cornell-food-venture-center/kitchensco-packers,Cornell Food Venture Center — Kitchens/Co-Packers,"We operate a nimble and highly automated 20,000 square foot food processing facility in New Jersey to meet all of your fresh cut vegetable needs, specializing in small-format packaging sizes. We are SQF-certified and can offer Non-GMO products on a case-by-case basis. Our product catalog spans cauliflower, broccoli, sweet potatoes, spiralized noodles, kale and more. Whether they are for retail, food service, e-commerce, meal kit, schools, or other uses, we have your fresh cut needs covered.",,,,SQF; Non-GMO,
"Mitsubishi International Food Ingredients, Inc.",,NJ,https://mifiusa.com/,,,https://ucfoodquality.ucdavis.edu/food-industry-contacts/co-packers,"UC Food Quality — Co-Packers (Mostly California) page, last update March 16 2026",,,,,,Also Ohio; review: not clearly a co-packer
"Prep SpaceIncludes: Prep table, sink, microwave, refrigeration",,NJ,,,,https://cals.cornell.edu/cornell-agritech/partners-institutes/cornell-food-venture-center/kitchensco-packers,Cornell Food Venture Center — Kitchens/Co-Packers,$15/hour (membership packages with lower hourly rates available Walk-In Refrigerator/Freezer for cold and frozen storage.,frozen,,,,
Telmark Packaging,,NJ,https://www.telmarkpkg.com/,732-847-2084,aolsen@telmarkpkg.com,https://extension.psu.edu/list-of-co-packers-in-pennsylvania-and-beyond/,Penn State Extension — List of Co-packers in Pennsylvania and Beyond (updated Dec 16 2025),"Tomato paste, Beverages, Energy drinks, Supplements, Spices, Seasoning Mixes, Instant Noodles, Sauces, Olive Oil, Dog Biscuits, Tea, Powdered drink mixes, Salad dressings, Salmon Sleeves (Co-Manufacturing & Co-packaging)",beverage; sauces; dry-blend,sauce/condiment,,,Contact: Andy Olsen
Craft Cannery,Bergen,NY,https://www.craftcannery.com/,585-350-5788,paul@craftcannery.com,https://cals.cornell.edu/cornell-agritech/partners-institutes/cornell-food-venture-center/kitchensco-packers,Cornell Food Venture Center — Kitchens/Co-Packers,"Glass, Meat products, Research and Development, pH testing, Thermal Processing, Formulated Acid and Acidified Sauces. USDA inspected, Licensed to process by NY State Dept. of Agriculture and Markets.",acidified; sauces; meat,sauce/condiment,,USDA,
Cheeky Cocktails,Brooklyn,NY,http://www.cheekycocktails.co,917-524-9034,,https://cals.cornell.edu/cornell-agritech/partners-institutes/cornell-food-venture-center/kitchensco-packers,Cornell Food Venture Center — Kitchens/Co-Packers,"Cheeky Cocktails offers small-batch food manufacturing solutions for entrepreneurs and startups in addition to our core business. We specialize in consulting for new product launches, small-batch co-packing (hot fill), and private label. Our kitchen and production are FDA-registered and licensed by the NYS Department of Agriculture & Markets. Consulting: We offer à la carte and project-based consulting services to help launch your product, from R&D to vendor selection and ingredient sourcing to",hot-fill; beverage,hot-fill,,FDA,
East Coast CoPacking,Brooklyn,NY,http://www.eastcoastcopacking.com,347-662-2900,info@eastcoastcopacking.com,https://cals.cornell.edu/cornell-agritech/partners-institutes/cornell-food-venture-center/kitchensco-packers,Cornell Food Venture Center — Kitchens/Co-Packers,"Certifications and Qualifications: Gluten Free (GF), Kosher Parve (OK Kosher), Organic Certification (NOFA NY), Non-GMO Project Verified, and SQF level 2.",,,,SQF; organic; gluten-free; kosher; Non-GMO,
Victoria Fine Foods (formerly Victoria Packing),Brooklyn,NY,http://www.victoriafinefoods.com,718-927-3000,jaquilina@victoriafinefoods.com,https://cals.cornell.edu/cornell-agritech/partners-institutes/cornell-food-venture-center/kitchensco-packers | https://extension.psu.edu/list-of-co-packers-in-pennsylvania-and-beyond/,Cornell Food Venture Center — Kitchens/Co-Packers | Penn State Extension — List of Co-packers in Pennsylvania and Beyond (updated Dec 16 2025),"Alfredo sauces, white and red clam sauces, salsas, condiments, dips, imported olive oils, vinegar, and fancy stuffed olives from around the world. Private label programs and co-packing are available. Food service sizes.",sauces,sauce/condiment,,,"review: contradiction — see copackers-review.md; review: PSU lists 719-927-3000, likely OCR; review: collapsed DBA/alias"
North Fork Specialty Kitchen,Cutchogue,NY,,631-734-6100,,https://cals.cornell.edu/cornell-agritech/partners-institutes/cornell-food-venture-center/kitchensco-packers,Cornell Food Venture Center — Kitchens/Co-Packers,,,,,,review: not clearly a co-packer
Martin Bulk Foods & Homemade Products,Dundee,NY,http://www.newhopemills.com,607-243-8197,,https://cals.cornell.edu/cornell-agritech/partners-institutes/cornell-food-venture-center/kitchensco-packers,Cornell Food Venture Center — Kitchens/Co-Packers,"Glass: Acidified, fruits, vegetables, sauces Certifications and Qualifications: Kosher, Organic Certification, and SQF level 2 New Hope Mills is a 190 year old company that manufactures proprietary products, co-packs and manufactures private label products. All of our products are dry mixes in an assortment of sizes and container types. We have R&D capabilities and a food scientist on staff to assist in product formulation and or formula modifications. New Hope Mills has been making memories aro",acidified; sauces; dry-blend,sauce/condiment,,SQF; organic; kosher,
TCM Foods,Elmsford,NY,,914-372-7080,marc@topchefmeals.com,https://cals.cornell.edu/cornell-agritech/partners-institutes/cornell-food-venture-center/kitchensco-packers,Cornell Food Venture Center — Kitchens/Co-Packers,"Co-packing, private labeling, and general food manufacturing for fresh and frozen foods. We also are set up to make fresh and frozen pet food. Our team of chefs can also create and/or assist with menus, recipes, and product creation. The facility is able to store both frozen and refrigerated goods as well as shipping to the contiguous US.",frozen,,,,
Lupo's Bottling LLC,Endicott,NY,https://www.spiedies.com/,607-765-7639,lupostephen@gmail.com,https://cals.cornell.edu/cornell-agritech/partners-institutes/cornell-food-venture-center/kitchensco-packers,Cornell Food Venture Center — Kitchens/Co-Packers,"Lupo's can help develop or bottle your existing recipe. We are a private label co-packing operation that provides small batch to large batch runs for cold fill products such as marinades and sauces. We use plastic bottles, 16 oz to 128 oz. We do not cook or do hot fill processes.",hot-fill; cold-fill; sauces,hot-fill; sauce/condiment,,,review: contradiction — see copackers-review.md; review: Cornell parenthetical email used; Maco string was parser bleed
Hawthorne Valley Farm Creamery,Ghent,NY,,518-672-7500 ext. 243,dairy@hawthornevalley.org,https://cals.cornell.edu/cornell-agritech/partners-institutes/cornell-food-venture-center/kitchensco-packers,Cornell Food Venture Center — Kitchens/Co-Packers,,,,,,
Pata Negra LLC,Gloversville,NY,http://www.imperialcopacking.com,518-775-1742,info@patanegrausa.com,https://cals.cornell.edu/cornell-agritech/partners-institutes/cornell-food-venture-center/kitchensco-packers,Cornell Food Venture Center — Kitchens/Co-Packers,"– Spanish, Italian and French dry cured salami manufacturer. Our minimum batch is 800 lb (fresh) and maximum is around 20.000 lb (fresh). This is for a single batch/product.",,,minimum batch is 800 lb (fresh) and maximum is around 20,,review: contradiction — see copackers-review.md; Cornell heading Imperial Co-Packing Espuna (Pata Legra LLC) — Legra is a typo for Negra; review: collapsed DBA/alias
Whitethorne LLC,Hudson,NY,http://www.hawthornefoods.com,(518) 636-4226,jared@farmferments.com,https://cals.cornell.edu/cornell-agritech/partners-institutes/cornell-food-venture-center/kitchensco-packers,Cornell Food Venture Center — Kitchens/Co-Packers,"As a Small co packer, Certified Organic vegetable processor & fermenter. Processing Sauerkraut, Kim Chi, Hot Sauce, and fermented juices.",sauces; fermentation,sauce/condiment,,organic,
Dolce Amore,Lindenhurst,NY,http://dolceamoreny.com,718-246-5414,marcello@dolceamoreny.com,https://cals.cornell.edu/cornell-agritech/partners-institutes/cornell-food-venture-center/kitchensco-packers,Cornell Food Venture Center — Kitchens/Co-Packers,"Dolce Amore is a manufacturer of filled pasta, flat pasta, gelato, sorbet, tartufo and prepared meal kits in New York. Dolce Amore uses an IQF freezing method for its filled pasta and prepared meal kits. We co-pack all kinds of ravioli, fillings and shapes, ice cream, gelato and tartufo with different flavors and packaging, prepared meals with pasta shapes and sauces of your choice. We are a HACCP approved facility with a 3rd party certification.",dairy; frozen; sauces,sauce/condiment,,HACCP,Listed in Cornell kitchens/co-packers directory; may include shared-use services.; review: not clearly a co-packer
Vital Eats,Malta,NY,https://vitaleats.com/,518-899-0150,reuben@vitaleats.com,https://cals.cornell.edu/cornell-agritech/partners-institutes/cornell-food-venture-center/kitchensco-packers,Cornell Food Venture Center — Kitchens/Co-Packers,"Vital Eats is a partner and co-packer to new or existing brands looking to produce, package, and label, liquid or dry food products. Flexible packaging options are available for liquids in 5 oz bottles to jugs, or dry spices and snacks in bags or containers. Our small family operation in Albany NY produces big flavors and bold packaging from a test run of a few cases to 1000's helping you grow your business.",snacks,,,,
Red Velvet NYC,Mount Kisco,NY,https://www.redvelvetnyc.com,617-970-7410,luccroels@gmail.com,https://cals.cornell.edu/cornell-agritech/partners-institutes/cornell-food-venture-center/kitchensco-packers,Cornell Food Venture Center — Kitchens/Co-Packers,"Red Velvet NYC was founded in 2015 in NYC, and recently moved into a large facility in Westchester NY. We specialize in the manufacturing of cookie dough (frozen ready-to-eat or ready-to-bake), as well as small pouches of dry ingredients for baking kits or other applications. We can assist in R&D, marketing, private label, and co-packing. Certifications: SQF, Woman-owned, and Kosher certified.",frozen,,,SQF; kosher,
Schoolhouse Preserves,Mt. Upton,NY,http://sienadev.com,607-563-9168,,https://cals.cornell.edu/cornell-agritech/partners-institutes/cornell-food-venture-center/kitchensco-packers,Cornell Food Venture Center — Kitchens/Co-Packers,"Acid and acidified sauces and preserves Siena Development Group, Inc. Siena Development Group Inc. Licensed by Agriculture and Marketing (20-C Licensed) Food and beverage developer. We specialize in R&D for small start ups- getting the product from your kitchen to Shelf Stable, as well as tailoring it for mass production. We focus on all-natural products, preservatives and increasing the shelf-life of natural products. In addition to streamlining production and recipes, we are able to help with",acidified; beverage; sauces,sauce/condiment,,,review: contradiction — see copackers-review.md
Maco Packaging,Newark,NY,http://www.macopkg.com/request-a-quote/,315-226-1028,theresa.hinckley@macobag.com,https://cals.cornell.edu/cornell-agritech/partners-institutes/cornell-food-venture-center/kitchensco-packers,Cornell Food Venture Center — Kitchens/Co-Packers,"We are a custom manufacturer of packaging and provider of packaging solutions. We are a multi-faceted operation focused on flexible pouch converting, co-packing, co-manufacturing and food processing",,,,,review: not clearly a co-packer
Once Again Nut Butter,Nunda,NY,,585-468-2535,,https://cals.cornell.edu/cornell-agritech/partners-institutes/cornell-food-venture-center/kitchensco-packers,Cornell Food Venture Center — Kitchens/Co-Packers,,,,,,
Private Label Foods,Rochester,NY,,585-254-9205,,https://cals.cornell.edu/cornell-agritech/partners-institutes/cornell-food-venture-center/kitchensco-packers,Cornell Food Venture Center — Kitchens/Co-Packers,Formulated acid sauces and dressings,acidified; sauces,sauce/condiment,,,
Special Touch Bakery/Partners With Industry,Rochester,NY,http://www.specialtouchbakery.org,585-435-7572,,https://cals.cornell.edu/cornell-agritech/partners-institutes/cornell-food-venture-center/kitchensco-packers,Cornell Food Venture Center — Kitchens/Co-Packers,"We provide high-quality, competitively priced contract manufacturing, co-packing, Private Label and logistics solutions to a broad range of growing companies. Items: Pie, Cookies, Granola, Dry Blending, Trail Mix, Secondary Packaging, Muesli, Baked Goods, Spice blends.",bakery; dry-blend,,,,
Casa Visco Finer Foods,Schenectady,NY,,518-377-8814,,https://cals.cornell.edu/cornell-agritech/partners-institutes/cornell-food-venture-center/kitchensco-packers,Cornell Food Venture Center — Kitchens/Co-Packers,"Glass: orange sections, tomato products, mushrooms, onions",,,,,
Beth's Farm Kitchen,Stuyvesant Falls,NY,http://www.bethsfarmkitchen.com,518-799-3414,bfk@bethsfarmkitchen.com,https://cals.cornell.edu/cornell-agritech/partners-institutes/cornell-food-venture-center/kitchensco-packers,Cornell Food Venture Center — Kitchens/Co-Packers,,,,,,
Bronx River Bottling LLC,Valley Cottage,NY,http://www.bronxriverbottling.com,845-875-4300,eric@bronxriverbottling.com,https://cals.cornell.edu/cornell-agritech/partners-institutes/cornell-food-venture-center/kitchensco-packers,Cornell Food Venture Center — Kitchens/Co-Packers,"Co-Packing and Private Label. Retail sizes and food service. R & D and marketing assistance provided for our customers. Products: Bar-BQ Sauces, Marinades, Hot Sauces, Frostings, Relishes, Salad Dressings",sauces,sauce/condiment,,,
Direct Refreshments LLC,,NY,,,,https://cals.cornell.edu/cornell-agritech/partners-institutes/cornell-food-venture-center/kitchensco-packers,Cornell Food Venture Center — Kitchens/Co-Packers,,,,,,
JDM Specialty Foods,,NY,,607-732-1425,joe@jdmspecialityfoods.comjdmspecialityfoods,https://cals.cornell.edu/cornell-agritech/partners-institutes/cornell-food-venture-center/kitchensco-packers,Cornell Food Venture Center — Kitchens/Co-Packers,"Co-Packer of low acid and acidified foods including pasta sauce, bbq sauce, wing sauce, condiments, salsa, salad dressing",acidified; sauces,sauce/condiment,,,
ACE Net,Athens,OH,http://www.acenetworks.org,740-592-3854,,https://cals.cornell.edu/cornell-agritech/partners-institutes/cornell-food-venture-center/kitchensco-packers,Cornell Food Venture Center — Kitchens/Co-Packers,,,,,,
Agricultural Incubator Foundation,Bowling Green,OH,http://agincubator.org/,(419) 823-3099,aif@agincubator.org,https://cals.cornell.edu/cornell-agritech/partners-institutes/cornell-food-venture-center/kitchensco-packers,Cornell Food Venture Center — Kitchens/Co-Packers,E-mail: aif [at] agincubator.org (aif[at]agincubator[dot]org),,,,,review: not clearly a co-packer
JES Foods,Celina,OH,https://www.jesfoods.com/contact-jes-foods.html,419-586-7446,,https://cals.cornell.edu/cornell-agritech/partners-institutes/cornell-food-venture-center/kitchensco-packers,Cornell Food Venture Center — Kitchens/Co-Packers,,,,,,
"Hinkle Fine Foods, Inc.",Dayton,OH,https://hinklefinefoods.com/,614-327-8697,mike@hinklefinefoods.com,https://extension.psu.edu/list-of-co-packers-in-pennsylvania-and-beyond/,Penn State Extension — List of Co-packers in Pennsylvania and Beyond (updated Dec 16 2025),"Hot and cold sauces, salad dressings, mustards, mayo-based dips and spreads, salsas, jams, jellies. SQF certified facility with retail and food service packaging capabilities.",sauces,sauce/condiment,,SQF,Contact: Mike Beller
Mikesell's Snack Food Company,Dayton,OH,,937-228-9400 ext 210,jstevenson@mike-sells.com,https://cals.cornell.edu/cornell-agritech/partners-institutes/cornell-food-venture-center/kitchensco-packers,Cornell Food Venture Center — Kitchens/Co-Packers,"Tulkoff Food Products, Inc. Product Minimum: 40,000 cases of product annually produced per SKU and the firm is existing no less than 3 years at such levels.",,,"Minimum: 40,000 cases of product annually produced per SKU and the firm is existing no le",,review: contradiction — see copackers-review.md; review: tulkoff.com leaked from prior Cornell block; cleared
Middle Eastern Delites Copackers,Toledo,OH,,419-215-8163,,https://cals.cornell.edu/cornell-agritech/partners-institutes/cornell-food-venture-center/kitchensco-packers,Cornell Food Venture Center — Kitchens/Co-Packers,"All drink mixes, salsa, ketchup, mustards, salad dressing, consulting, product placement, marketing support, financing",sauces,sauce/condiment,,,review: not clearly a co-packer
Patter Fam Sauces,Wheelersburg,OH,,740-352-2008,,https://foodbusiness.ces.ncsu.edu/tools-for-success/other-services-supplies/,NC State Extension Food Business — Other Services & Supplies (Copackers section; page updated Aug 17 2026),,,,,,8019 Hayport Road
West Coast Co-Packer,,OR,http://westcoastcopacker.com/,,,https://ucfoodquality.ucdavis.edu/food-industry-contacts/co-packers,"UC Food Quality — Co-Packers (Mostly California) page, last update March 16 2026",,,,,,
Carbondale Technology Transfer Center (CTTC),Carbondale,PA,http://www.4cttc.org,(570) 282-1255,paul@cttc.org,https://cals.cornell.edu/cornell-agritech/partners-institutes/cornell-food-venture-center/kitchensco-packers,Cornell Food Venture Center — Kitchens/Co-Packers,,,,,,
"Millennium Packaging Service, Inc.",Carbondale,PA,http://www.mil-pkg.com,570-282-2024,debra.lubitz@mil-pkg.com,https://extension.psu.edu/list-of-co-packers-in-pennsylvania-and-beyond/,Penn State Extension — List of Co-packers in Pennsylvania and Beyond (updated Dec 16 2025),"Fulfillment of dry food, confectionary, and snacks into flexible and rigid packaging; Stand-up resealable pouches, Vertical Form Fill & Seal, Horizontal Flow-wrap. Tubs and containers with click on or screw lid and large pails. Microwaveable cups with security seal and click on lid. Unconventional shape products and containers. Shrink wrap and bundling for multipack. Display cases and Club pallets.; SQF, FDA, Organic & Kosher certified Primary & Secondary Co-Packing.",snacks; chocolate,,,SQF; organic; kosher; FDA,"Contact: Debra Lubitz Services: SQF, FDA, Organic & Kosher certified Primary & Secondary Co-Packing. PSU listed Carbondale, 18407 (PA ZIP).; review: not clearly a co-packer"
"Sugartown Smoked Specialties, Inc",Chester,PA,https://www.smokedfoods.com/,610-429-4080,,https://extension.psu.edu/list-of-co-packers-in-pennsylvania-and-beyond/,Penn State Extension — List of Co-packers in Pennsylvania and Beyond (updated Dec 16 2025),"Smoked seafood, fowl, meat and poultry",meat,,,,
Gertrude Hawk Chocolates,Dunmore,PA,https://gertrudehawkchocolates.com/,800-706-6275,jkenny@markave.com,https://extension.psu.edu/list-of-co-packers-in-pennsylvania-and-beyond/,Penn State Extension — List of Co-packers in Pennsylvania and Beyond (updated Dec 16 2025),"Sugar-Free Cocoa/Baking Chocolate, Chocolate Bars, Chocolate Truffles and Other Candy",chocolate,,,,
McClure's Bakery,Gap,PA,https://mccluresbakery.com/,717-442-4461,tkeenan@mccluresbakery.com,https://extension.psu.edu/list-of-co-packers-in-pennsylvania-and-beyond/,Penn State Extension — List of Co-packers in Pennsylvania and Beyond (updated Dec 16 2025),Co-Packing and Private Label,,,,,Services: Co-Packing and Private Label
Longo's Bakery Inc.,Hazleton,PA,,570-454-5887,chris@longosbakery.com,https://extension.psu.edu/list-of-co-packers-in-pennsylvania-and-beyond/,Penn State Extension — List of Co-packers in Pennsylvania and Beyond (updated Dec 16 2025),"Par-Baked Pizza Shells, Par Baked Pizza Crust, Fully Baked Pizzas, Pizza Sauce, Pizza Kits; Co-Packing and Private Label",bakery; sauces,sauce/condiment,,,Contact: Christopher Thompson Services: Co-Packing and Private Label
Vor Foods,Ivyland,PA,https://www.vorfoods.com,310-331-4369,luis@vorfoods.com,https://cals.cornell.edu/cornell-agritech/partners-institutes/cornell-food-venture-center/kitchensco-packers,Cornell Food Venture Center — Kitchens/Co-Packers,,,,,,
Lancaster Fine Foods (Stir Foods),Lancaster,PA,https://stirfoods.com/,717-397-9578,info@lancasterfinefoods.com,https://extension.psu.edu/list-of-co-packers-in-pennsylvania-and-beyond/ | https://cals.cornell.edu/cornell-agritech/partners-institutes/cornell-food-venture-center/kitchensco-packers,Penn State Extension — List of Co-packers in Pennsylvania and Beyond (updated Dec 16 2025) | Cornell Food Venture Center — Kitchens/Co-Packers,"Fruit Spreads/Jams, Fresh chunky salsas, Mustards, Bar-BQ Sauces, Marinades, Hot Sauces, Frostings, Relishes, Preserves, Salad Dressings, Cooking sauces",sauces,sauce/condiment,,,review: contradiction — see copackers-review.md; addresses 2320 Norman Rd (Cornell) and 2316 Norman Rd (PSU); review: collapsed DBA/alias
Select Juice LLC.,Lancaster,PA,https://www.selectjuice.llc,(833) 695-8423,info@selectjuice.llc,https://extension.psu.edu/list-of-co-packers-in-pennsylvania-and-beyond/,Penn State Extension — List of Co-packers in Pennsylvania and Beyond (updated Dec 16 2025),"100% Fruits, Vegetables, and Blends, Functional Beverages, Co-Pack and Private Label, Custom Formulations, Bottles and Pouches, Full Shrink and Pressure Sensitive Labeling, Perishable and Frozen, HPP, Cold Fill, Hot Fill, HTST, SQF Certified, FDA Registered, GMP, USDA Organic, Non-GMO Verified, Kosher.",HPP; hot-fill; cold-fill; HTST; beverage; frozen,HPP; hot-fill,,SQF; organic; kosher; FDA; USDA; Non-GMO; GMP,Contact: Sean Wainwright
"Manna Foods, LLC",Lebanon,PA,http://www.mannafoods.us/,717-675-2262,info@mannafoods.us,https://extension.psu.edu/list-of-co-packers-in-pennsylvania-and-beyond/,Penn State Extension — List of Co-packers in Pennsylvania and Beyond (updated Dec 16 2025),"Ready-to-eat and ready-to-cook foods, snack foods, and candy",snacks; chocolate,,,,Contact: Ted Baxter
All Seasons Kitchen,Mohnton,PA,https://www.allseasonskitchen.com/,717-445-4521,dcanarelli@allseasonskitchen.com,https://extension.psu.edu/list-of-co-packers-in-pennsylvania-and-beyond/,Penn State Extension — List of Co-packers in Pennsylvania and Beyond (updated Dec 16 2025),"BBQ sauce, hot sauce, dressings, marinades, cooking sauces",sauces,sauce/condiment,,,Contact: Dave Canarelli
Con Yeager Spice Company,New Castle,PA,https://www.conyeagerspice.com,724-202-6513 ext. 297,sales@conyeagerspice.com,https://extension.psu.edu/list-of-co-packers-in-pennsylvania-and-beyond/,Penn State Extension — List of Co-packers in Pennsylvania and Beyond (updated Dec 16 2025),"spices, seasonings, cures, blended binders, custom blends, private label, cheese, and casings",dairy; dry-blend,,,,
Castle Co-Packers LLC,New Kensington,PA,http://castlecopackers.com/,724-339-4040,bdworkin@castlecopackers.com,https://extension.psu.edu/list-of-co-packers-in-pennsylvania-and-beyond/,Penn State Extension — List of Co-packers in Pennsylvania and Beyond (updated Dec 16 2025),"Bottled and canned soft drinks, water, Shelf-stable juice, fresh juice, soft drinks, chocolate or malt or other hot beverages, alcohol-free cocktails or drink mixes, sport or energy drinks, spring or mineral water, powdered drink mix, ice, frozen juices, fresh drupe or stone fruit juice or concentrates",beverage; canning; frozen; dry-blend; chocolate,,,,Contact: Brian Dworkin
"Winter Gardens Quality Foods, Inc.",New Oxford,PA,,717-624-4911,info@wintergardens.com,https://extension.psu.edu/list-of-co-packers-in-pennsylvania-and-beyond/,Penn State Extension — List of Co-packers in Pennsylvania and Beyond (updated Dec 16 2025),"Salads, soups, entrees, sauces, and side dishes",sauces,sauce/condiment,,SQF; FDA; USDA,"Capabilities: USDA, FDA, and SQF Level 2 inspected facility"
Janus Food Group Inc.,Northumberland,PA,http://www.janusfoodgroup.com,570-701-7580,,https://extension.psu.edu/list-of-co-packers-in-pennsylvania-and-beyond/,Penn State Extension — List of Co-packers in Pennsylvania and Beyond (updated Dec 16 2025),"Co-manufacturer of shelf-stable foods, specializing in the Tetra Recart packaging format. We offer services from R&D to full-scale production for both human and pet food brands. Popular product categories include broths, sauces, and soups. Our facility is Organic, Kosher, and Gluten-Free certified, as well as USDA FSIS-inspected.",canning; sauces,sauce/condiment,,organic; gluten-free; kosher; USDA,
Sunny Dell Foods,Oxford,PA,http://www.sunnydell.com/,610-932-5164,csr@tomsturgispretzels.com,https://extension.psu.edu/list-of-co-packers-in-pennsylvania-and-beyond/ | https://cals.cornell.edu/cornell-agritech/partners-institutes/cornell-food-venture-center/kitchensco-packers,Penn State Extension — List of Co-packers in Pennsylvania and Beyond (updated Dec 16 2025) | Cornell Food Venture Center — Kitchens/Co-Packers,"Tom Sturgis Pretzels, Inc.",snacks,,,,
Case by Case,Philadelphia,PA,https://casepaper.com/,215-316-0339,jbell@casepaper.com,https://extension.psu.edu/list-of-co-packers-in-pennsylvania-and-beyond/,Penn State Extension — List of Co-packers in Pennsylvania and Beyond (updated Dec 16 2025),"Small batch bottling/pouching/blister packaging, for start ups trying to get their product to market or small businesses doing test runs. Specializing in turnkey solutions.",,,,,Contact: Justin Bell - Business Operations Manager
Drayhorse Canning and Bottling,Philadelphia,PA,http://www.drayhorse.co,1-215-346-6437,sales@drayhorse.co,https://extension.psu.edu/list-of-co-packers-in-pennsylvania-and-beyond/,Penn State Extension — List of Co-packers in Pennsylvania and Beyond (updated Dec 16 2025),"Ready to drink spirits and wine based canned cocktails using shelf stable juices, spirits and extracts. Nootropic and delta 8 drinks. Coffee and energy drinks.",beverage; canning,,,,Contact: Tim Sieck
"Stello Foods, Inc.",Punxsutawney,PA,https://stellofoods.com/,800-849-4599,,https://extension.psu.edu/list-of-co-packers-in-pennsylvania-and-beyond/,Penn State Extension — List of Co-packers in Pennsylvania and Beyond (updated Dec 16 2025),"Sauces, salsas, peppers, mustards, relishes, vinaigrettes, ketchups, marinades",sauces,sauce/condiment,,,
"Palace Foods, Inc.",Reading,PA,https://palacefoodsinc.com,610-939-0631,info@palacefoodsinc.com,https://extension.psu.edu/list-of-co-packers-in-pennsylvania-and-beyond/,Penn State Extension — List of Co-packers in Pennsylvania and Beyond (updated Dec 16 2025),"Sauces, mixes, oils",sauces,sauce/condiment,,,
Tom Sturgis Pretzels,Reading,PA,https://www.tomsturgispretzels.com/,610-775-0335,beckys@tomsturgispretzels.com,https://extension.psu.edu/list-of-co-packers-in-pennsylvania-and-beyond/,Penn State Extension — List of Co-packers in Pennsylvania and Beyond (updated Dec 16 2025),"Extruded hard pretzels, soy pretzels, baked-in-flavor pretzels",snacks; extrusion,,,,Contact: Becky Schmaldienst
Bylers Relish House,Saegertown,PA,https://bylersrelishhouse.com/,814-763-6510 ext 103,copacking@bylersrelishhouse.com,https://extension.psu.edu/list-of-co-packers-in-pennsylvania-and-beyond/ | https://cals.cornell.edu/cornell-agritech/partners-institutes/cornell-food-venture-center/kitchensco-packers,Penn State Extension — List of Co-packers in Pennsylvania and Beyond (updated Dec 16 2025) | Cornell Food Venture Center — Kitchens/Co-Packers,"relish, salsa, bbq sauce, pickles, pickled products, acidified canned food",acidified; canning; sauces,sauce/condiment,,,Contact: Ephraim Byler; review: contradiction — see copackers-review.md; review: contradiction — see copackers-review.md; review: collapsed DBA/alias
"Pasqualichio Brothers, Inc.",Scranton,PA,https://pasqualichiomeats.com/,800-232-6233,dom@butchervangourmet.com,https://extension.psu.edu/list-of-co-packers-in-pennsylvania-and-beyond/,Penn State Extension — List of Co-packers in Pennsylvania and Beyond (updated Dec 16 2025),"Value-added meat products, specializing in private-label service, as well as their own brand, Butcher Van Gourmet",meat,,,,Contact: Dom Pasqualichio
Fresh Roasted Coffee,Sunbury,PA,https://www.freshroastedcoffee.com/,570-495-4300,copacking@freshroastedcoffee.com,https://extension.psu.edu/list-of-co-packers-in-pennsylvania-and-beyond/,Penn State Extension — List of Co-packers in Pennsylvania and Beyond (updated Dec 16 2025),"Bagged coffee, coffee pods, coffee sachets, and espresso capsules.",beverage; stick-pack,,,,Contact: Ethan O.
Grouse Hunt Farms Inc.,Tamaqua,PA,https://www.wos-wit.com/,570-467-2850,info@wos-wit.com,https://extension.psu.edu/list-of-co-packers-in-pennsylvania-and-beyond/,Penn State Extension — List of Co-packers in Pennsylvania and Beyond (updated Dec 16 2025),"Salad Dressings, Relishes, Pickles, Peppers, Pickled Vegetables, Hand Packed Fruits, Jelly, Preserves, Salsas, Mustards, Bar-BQ Sauces, Marinades, Cooking sauces; Co-Packing and Private Label",sauces,sauce/condiment,,,Contact: Christopher Thompson Services: Co-Packing and Private Label
Nutty Novelties,Telford,PA,,267-614-3175,jesse@nuttynovelties.com,https://cals.cornell.edu/cornell-agritech/partners-institutes/cornell-food-venture-center/kitchensco-packers,Cornell Food Venture Center — Kitchens/Co-Packers,,,,,,
Crave Copacking,Verona,PA,https://cravecp.com/,925-808-1548,trever@cravecp.com,https://extension.psu.edu/list-of-co-packers-in-pennsylvania-and-beyond/ | https://cals.cornell.edu/cornell-agritech/partners-institutes/cornell-food-venture-center/kitchensco-packers,Penn State Extension — List of Co-packers in Pennsylvania and Beyond (updated Dec 16 2025) | Cornell Food Venture Center — Kitchens/Co-Packers,"Pickles, Sauces, Dressings, Beverage Mixes, Salsas, Jams, Fillings * Low MOQ's",beverage; sauces,sauce/condiment,MOQ's,,review: contradiction — see copackers-review.md; review: collapsed DBA/alias
Pellegrino Foods,Warren,PA,http://www.pellegrinofoods.com/,814-723-3402,,https://extension.psu.edu/list-of-co-packers-in-pennsylvania-and-beyond/,Penn State Extension — List of Co-packers in Pennsylvania and Beyond (updated Dec 16 2025),Frozen foods and specialty sauces,frozen; sauces,sauce/condiment,,,
Neilly's Food Development,York,PA,,,sales@neillys.com,https://extension.psu.edu/list-of-co-packers-in-pennsylvania-and-beyond/,Penn State Extension — List of Co-packers in Pennsylvania and Beyond (updated Dec 16 2025),"Custom Blends, Private Label, Dry Mixes (rice, pasta, grains, spices, baking mixes), Soups, Drink mixes, Baked goods, BBQ sauce, hot sauces, dressings, marinades, cooking sauces. Low MOQ's Custom Formulations, Foodservice menu development.",bakery; sauces; dry-blend,sauce/condiment,"MOQ's Custom Formulations, Foodservice menu development",,Contact: Albert Ndjee
Blount Seafood Corp,Warren,RI,,401-245-8800,,https://cals.cornell.edu/cornell-agritech/partners-institutes/cornell-food-venture-center/kitchensco-packers,Cornell Food Venture Center — Kitchens/Co-Packers,"Frozen: Gravy, seafood, soups, sauces",frozen; sauces,sauce/condiment,,,
Hope and Main,Warren,RI,,401-245-7400,,https://foodbusiness.ces.ncsu.edu/tools-for-success/other-services-supplies/,NC State Extension Food Business — Other Services & Supplies (Copackers section; page updated Aug 17 2026),,,,,,review: not clearly a co-packer
"Creative Foods, Inc.",Hanahan,SC,,843-747-5102,,https://foodbusiness.ces.ncsu.edu/tools-for-success/other-services-supplies/,NC State Extension Food Business — Other Services & Supplies (Copackers section; page updated Aug 17 2026),,,,,,5912 Campbell Street
"Absolutely World Class, Inc.",Abilene,TX,http://absolutelyworldclass.com/,817-578-6772,mason@absolutelyworldclass.com,https://aggie-horticulture.tamu.edu/food-technology/food-processing-entrepreneurs/getting-started/co-packers-in-texas/,Texas A&M AgriLife — Food Product Co-Packers in Texas,acidified foods,cold-fill; acidified; bakery; beverage,,,,"Most of the co-packers listed here pack acidified foods. Eilenberger's does baked goods only, and Son Beverage Company only does cold filled beverages."
"County Fair Foods, Inc",Arlington,TX,,817-265-0094,,https://aggie-horticulture.tamu.edu/food-technology/food-processing-entrepreneurs/getting-started/co-packers-in-texas/,Texas A&M AgriLife — Food Product Co-Packers in Texas,acidified foods,cold-fill; acidified; bakery; beverage,,,,"Most of the co-packers listed here pack acidified foods. Eilenberger's does baked goods only, and Son Beverage Company only does cold filled beverages."
Afia Foods,Austin,TX,https://www.afiafoods.com/,512-963-8963,info@afiafoods.com,https://aggie-horticulture.tamu.edu/food-technology/food-processing-entrepreneurs/getting-started/co-packers-in-texas/,Texas A&M AgriLife — Food Product Co-Packers in Texas,acidified foods,cold-fill; acidified; bakery; beverage,,,,"Most of the co-packers listed here pack acidified foods. Eilenberger's does baked goods only, and Son Beverage Company only does cold filled beverages."
ATX Specialty Foods,Austin,TX,http://www.zilksfoods.com,512-633-8904,info@atxspecialtyfoods.com,https://aggie-horticulture.tamu.edu/food-technology/food-processing-entrepreneurs/getting-started/co-packers-in-texas/,Texas A&M AgriLife — Food Product Co-Packers in Texas,acidified foods,cold-fill; acidified; bakery; beverage,,,,"Most of the co-packers listed here pack acidified foods. Eilenberger's does baked goods only, and Son Beverage Company only does cold filled beverages.; review: collapsed DBA/alias"
The Incubaker,Austin,TX,http://www.theincubaker.com,512-240-6009,,https://aggie-horticulture.tamu.edu/food-technology/food-processing-entrepreneurs/getting-started/co-packers-in-texas/,Texas A&M AgriLife — Food Product Co-Packers in Texas,acidified foods,cold-fill; acidified; bakery; beverage,,,,"Most of the co-packers listed here pack acidified foods. Eilenberger's does baked goods only, and Son Beverage Company only does cold filled beverages."
Jardine Foods,Buda,TX,http://www.jardinefoods.com,512-295-4600,,https://aggie-horticulture.tamu.edu/food-technology/food-processing-entrepreneurs/getting-started/co-packers-in-texas/,Texas A&M AgriLife — Food Product Co-Packers in Texas,acidified foods,cold-fill; acidified; bakery; beverage,,,,"Most of the co-packers listed here pack acidified foods. Eilenberger's does baked goods only, and Son Beverage Company only does cold filled beverages."
National Food & Beverage,Dallas,TX,,214-905-9700,,https://aggie-horticulture.tamu.edu/food-technology/food-processing-entrepreneurs/getting-started/co-packers-in-texas/,Texas A&M AgriLife — Food Product Co-Packers in Texas,acidified foods,cold-fill; acidified; bakery; beverage,,,,"Most of the co-packers listed here pack acidified foods. Eilenberger's does baked goods only, and Son Beverage Company only does cold filled beverages."
Claude's Sauces,El Paso,TX,http://www.claudessauces.com,915-858-4299,,https://aggie-horticulture.tamu.edu/food-technology/food-processing-entrepreneurs/getting-started/co-packers-in-texas/,Texas A&M AgriLife — Food Product Co-Packers in Texas,acidified foods,cold-fill; acidified; bakery; beverage,,,,"Most of the co-packers listed here pack acidified foods. Eilenberger's does baked goods only, and Son Beverage Company only does cold filled beverages."
Fischer Wieser Specialty Foods,Fredericksburg,TX,http://www.jelly.com,830-997-7194,,https://aggie-horticulture.tamu.edu/food-technology/food-processing-entrepreneurs/getting-started/co-packers-in-texas/,Texas A&M AgriLife — Food Product Co-Packers in Texas,acidified foods,cold-fill; acidified; bakery; beverage,,,,"Most of the co-packers listed here pack acidified foods. Eilenberger's does baked goods only, and Son Beverage Company only does cold filled beverages."
Renfro Foods,Ft. Worth,TX,http://www.renfrofoods.com,817-336-3849,,https://aggie-horticulture.tamu.edu/food-technology/food-processing-entrepreneurs/getting-started/co-packers-in-texas/,Texas A&M AgriLife — Food Product Co-Packers in Texas,acidified foods,cold-fill; acidified; bakery; beverage,,,,"Most of the co-packers listed here pack acidified foods. Eilenberger's does baked goods only, and Son Beverage Company only does cold filled beverages."
Heritage Specialty Foods,Grand Prairie,TX,http://www.hfsfoods.com,972-660-6511,,https://aggie-horticulture.tamu.edu/food-technology/food-processing-entrepreneurs/getting-started/co-packers-in-texas/,Texas A&M AgriLife — Food Product Co-Packers in Texas,acidified foods,cold-fill; acidified; bakery; beverage,,,,"Most of the co-packers listed here pack acidified foods. Eilenberger's does baked goods only, and Son Beverage Company only does cold filled beverages."
Pack N Fresh,Grand Prairie,TX,http://www.packnfresh.com,888-703-7374,,https://aggie-horticulture.tamu.edu/food-technology/food-processing-entrepreneurs/getting-started/co-packers-in-texas/,Texas A&M AgriLife — Food Product Co-Packers in Texas,acidified foods,cold-fill; acidified; bakery; beverage,,,,"Most of the co-packers listed here pack acidified foods. Eilenberger's does baked goods only, and Son Beverage Company only does cold filled beverages."
Consolidated Mills Inc.,Houston,TX,,713-896-4196,,https://aggie-horticulture.tamu.edu/food-technology/food-processing-entrepreneurs/getting-started/co-packers-in-texas/,Texas A&M AgriLife — Food Product Co-Packers in Texas,acidified foods,cold-fill; acidified; bakery; beverage,,,,"Most of the co-packers listed here pack acidified foods. Eilenberger's does baked goods only, and Son Beverage Company only does cold filled beverages."
Henrys Dream,Houston,TX,http://www.tejanosalsa.com,832-877-8227,tejanosalsa.sales@gmail.com,https://aggie-horticulture.tamu.edu/food-technology/food-processing-entrepreneurs/getting-started/co-packers-in-texas/,Texas A&M AgriLife — Food Product Co-Packers in Texas,acidified foods,cold-fill; acidified; bakery; beverage,,,,"Most of the co-packers listed here pack acidified foods. Eilenberger's does baked goods only, and Son Beverage Company only does cold filled beverages."
Jelco Foods,Houston,TX,,281-794-4778,,https://aggie-horticulture.tamu.edu/food-technology/food-processing-entrepreneurs/getting-started/co-packers-in-texas/,Texas A&M AgriLife — Food Product Co-Packers in Texas,acidified foods,cold-fill; acidified; bakery; beverage,,,,"Most of the co-packers listed here pack acidified foods. Eilenberger's does baked goods only, and Son Beverage Company only does cold filled beverages."
Riba Foods Inc.,Houston,TX,http://www.ribafoods.com,713-975-7001,,https://aggie-horticulture.tamu.edu/food-technology/food-processing-entrepreneurs/getting-started/co-packers-in-texas/,Texas A&M AgriLife — Food Product Co-Packers in Texas,acidified foods,cold-fill; acidified; bakery; beverage,,,,"Most of the co-packers listed here pack acidified foods. Eilenberger's does baked goods only, and Son Beverage Company only does cold filled beverages."
"Ron's Home Style Foods, Inc.",Houston,TX,http://www.ronsfoods.com,713-640-2082,sales@ronsfoods.com,https://aggie-horticulture.tamu.edu/food-technology/food-processing-entrepreneurs/getting-started/co-packers-in-texas/,Texas A&M AgriLife — Food Product Co-Packers in Texas,acidified foods,cold-fill; acidified; bakery; beverage,,,,"Most of the co-packers listed here pack acidified foods. Eilenberger's does baked goods only, and Son Beverage Company only does cold filled beverages."
Bartush-Schnitzius Foods Co.,Lewisville,TX,http://www.bartushfoods.com,972-219-1270,,https://aggie-horticulture.tamu.edu/food-technology/food-processing-entrepreneurs/getting-started/co-packers-in-texas/,Texas A&M AgriLife — Food Product Co-Packers in Texas,acidified foods,cold-fill; acidified; bakery; beverage,,,,"Most of the co-packers listed here pack acidified foods. Eilenberger's does baked goods only, and Son Beverage Company only does cold filled beverages."
"Hill Country FoodWorks, LLC",Lockhart,TX,http://www.hillcountryfoodworks.com,512-668-4796,,https://aggie-horticulture.tamu.edu/food-technology/food-processing-entrepreneurs/getting-started/co-packers-in-texas/,Texas A&M AgriLife — Food Product Co-Packers in Texas,acidified foods,cold-fill; acidified; bakery; beverage,,,,"Most of the co-packers listed here pack acidified foods. Eilenberger's does baked goods only, and Son Beverage Company only does cold filled beverages."
Gourmet Cuisine,Mesquite,TX,http://www.gourmet-cuisine.com,972-996-2152,,https://aggie-horticulture.tamu.edu/food-technology/food-processing-entrepreneurs/getting-started/co-packers-in-texas/,Texas A&M AgriLife — Food Product Co-Packers in Texas,acidified foods,cold-fill; acidified; bakery; beverage,,,,"Most of the co-packers listed here pack acidified foods. Eilenberger's does baked goods only, and Son Beverage Company only does cold filled beverages."
"Texas Tito's, Inc.",New Braunfels,TX,http://www.texastitos.com,830-626-1123,,https://aggie-horticulture.tamu.edu/food-technology/food-processing-entrepreneurs/getting-started/co-packers-in-texas/,Texas A&M AgriLife — Food Product Co-Packers in Texas,acidified foods,cold-fill; acidified; bakery; beverage,,,,"Most of the co-packers listed here pack acidified foods. Eilenberger's does baked goods only, and Son Beverage Company only does cold filled beverages."
Eilenberger's Inc.,Palestine,TX,http://www.eilenbergerbakery.com,903-729-2176,,https://aggie-horticulture.tamu.edu/food-technology/food-processing-entrepreneurs/getting-started/co-packers-in-texas/,Texas A&M AgriLife — Food Product Co-Packers in Texas,baked goods only,cold-fill; acidified; bakery; beverage,,,,"Most of the co-packers listed here pack acidified foods. Eilenberger's does baked goods only, and Son Beverage Company only does cold filled beverages."
TexaFrance,Round Rock,TX,http://www.texafrance.com,512-246-2500,,https://aggie-horticulture.tamu.edu/food-technology/food-processing-entrepreneurs/getting-started/co-packers-in-texas/,Texas A&M AgriLife — Food Product Co-Packers in Texas,acidified foods,cold-fill; acidified; bakery; beverage,,,,"Most of the co-packers listed here pack acidified foods. Eilenberger's does baked goods only, and Son Beverage Company only does cold filled beverages."
"Gourmet Recipe Experts, Inc.",Rusk,TX,http://www.uniquelygourmet.com,903-339-2068,,https://aggie-horticulture.tamu.edu/food-technology/food-processing-entrepreneurs/getting-started/co-packers-in-texas/,Texas A&M AgriLife — Food Product Co-Packers in Texas,acidified foods,cold-fill; acidified; bakery; beverage,,,,"Most of the co-packers listed here pack acidified foods. Eilenberger's does baked goods only, and Son Beverage Company only does cold filled beverages."
Bay Valley Foods,San Antonio,TX,http://www.bayvalleyfoods.com,210-436-5551,,https://aggie-horticulture.tamu.edu/food-technology/food-processing-entrepreneurs/getting-started/co-packers-in-texas/,Texas A&M AgriLife — Food Product Co-Packers in Texas,acidified foods,cold-fill; acidified; bakery; beverage,,,,"Most of the co-packers listed here pack acidified foods. Eilenberger's does baked goods only, and Son Beverage Company only does cold filled beverages."
Creative Food Works Inc.,San Antonio,TX,,210-212-4761,,https://aggie-horticulture.tamu.edu/food-technology/food-processing-entrepreneurs/getting-started/co-packers-in-texas/,Texas A&M AgriLife — Food Product Co-Packers in Texas,acidified foods,cold-fill; acidified; bakery; beverage,,,,"Most of the co-packers listed here pack acidified foods. Eilenberger's does baked goods only, and Son Beverage Company only does cold filled beverages."
Son Beverage Company,San Antonio,TX,http://www.sonbeverage.com,210-733-7761,tim@sonbeverage.com,https://aggie-horticulture.tamu.edu/food-technology/food-processing-entrepreneurs/getting-started/co-packers-in-texas/,Texas A&M AgriLife — Food Product Co-Packers in Texas,cold filled beverages only,cold-fill; acidified; bakery; beverage,,,,"Most of the co-packers listed here pack acidified foods. Eilenberger's does baked goods only, and Son Beverage Company only does cold filled beverages."
Picklesmith,Taft,TX,http://www.picklesmith.com,361-528-4953,,https://aggie-horticulture.tamu.edu/food-technology/food-processing-entrepreneurs/getting-started/co-packers-in-texas/,Texas A&M AgriLife — Food Product Co-Packers in Texas,acidified foods,cold-fill; acidified; bakery; beverage,,,,"Most of the co-packers listed here pack acidified foods. Eilenberger's does baked goods only, and Son Beverage Company only does cold filled beverages."
New Canaan Farms,Utopia,TX,http://www.newcanaanfarms.com,800-727-5267,,https://aggie-horticulture.tamu.edu/food-technology/food-processing-entrepreneurs/getting-started/co-packers-in-texas/,Texas A&M AgriLife — Food Product Co-Packers in Texas,acidified foods,cold-fill; acidified; bakery; beverage,,,,"Most of the co-packers listed here pack acidified foods. Eilenberger's does baked goods only, and Son Beverage Company only does cold filled beverages."
Snack Connector,We are a Co-Packer based in Salt Lake City,UT,http://www.snackconnector.com,801-259-3448,kyler@interstatebait.com,https://cals.cornell.edu/cornell-agritech/partners-institutes/cornell-food-venture-center/kitchensco-packers,Cornell Food Venture Center — Kitchens/Co-Packers,"We are a Co-Packer based in Salt Lake City, Utah. We have been in business for more than a decade and have the ability to keep up with a client's needs no matter the growth. We specialize in dried snacks (sunflower seeds, nuts, etc). We can source ingredients, packaging, offer consulting and fulfillment services. With our expertise we can be the solution for any idea or ongoing business.",snacks,,,,
Virginia Food Works,Farmville,VA,http://virginiafoodworks.org/,434-960-8958,info@virginiafoodworks.org,https://foodbusiness.ces.ncsu.edu/tools-for-success/other-services-supplies/,NC State Extension Food Business — Other Services & Supplies (Copackers section; page updated Aug 17 2026),,,,,,Co-packing and commercial kitchen; 7916 Abilene Road; review: not clearly a co-packer
Tripaka,Morrisville,VT,https://tripaka.blogspot.com/,917-331-9476,tripaka.operations@gmail.comcontact,https://cals.cornell.edu/cornell-agritech/partners-institutes/cornell-food-venture-center/kitchensco-packers,Cornell Food Venture Center — Kitchens/Co-Packers,"cold pressed juice, orange and apple juice blends, protein smoothies, plant-based proteins, nut milk, almond milk (or almond mylk), cold brew coffees, lemonades, iced teas, and vegetable dips and dressings; and Solid and dehydrated foods: kale chips, dehydrated root chips, dehydrated leafy vegetables, fruits, jams, etc.",beverage; snacks; sauces; dehydration,sauce/condiment,,,
Nilda's Desserts,,WA,,,,https://cals.cornell.edu/cornell-agritech/partners-institutes/cornell-food-venture-center/kitchensco-packers,Cornell Food Venture Center — Kitchens/Co-Packers,,,,,,review: not clearly a co-packer; review: contradiction — see copackers-review.md
Great River Organic Milling,Cochrane,WI,,608-687-9580,rhalverson@greatrivermilling.com,https://www.mda.state.mn.us/minnesota-co-packer-directory,Minnesota Department of Agriculture — Minnesota Co-Packer Directory (reviewed 2018; updated 2022; detailed listings live as of fetch),"Organic whole grains, bread flours, flour blends, hot cereals, pancake mixes",,,depends on product,organic,
Croix Valley Foods,Hudson,WI,,612-756-4985,info@croixvalleyfoods.com,https://www.mda.state.mn.us/minnesota-co-packer-directory,Minnesota Department of Agriculture — Minnesota Co-Packer Directory (reviewed 2018; updated 2022; detailed listings live as of fetch),"Acidic and acidified canned foods: BBQ sauces, marinades, salsas, hot sauces, Bloody Mary mixes, beverages, pasta sauces, dry rubs",acidified; beverage; canning; sauces; dry-blend,sauce/condiment,100 gallons liquid; 150 pounds dry blends,,
TWT Sauce Inc.,Hudson,WI,,651-226-3034,info@jomommas.com,https://www.mda.state.mn.us/minnesota-co-packer-directory,Minnesota Department of Agriculture — Minnesota Co-Packer Directory (reviewed 2018; updated 2022; detailed listings live as of fetch),"Gluten-free facility; acidic and acidified foods: salsa, pasta sauces, cocktail mixes, barbecue, marinades, hot sauces",acidified; beverage; sauces,sauce/condiment,varies by product,gluten-free,Small-batch production for emerging small businesses
Lakeside Foods Inc.,Manitowoc,WI,https://lakesidefoods.com/,800-466-3834,,https://www.mda.state.mn.us/minnesota-co-packer-directory,Minnesota Department of Agriculture — Minnesota Co-Packer Directory (reviewed 2018; updated 2022; detailed listings live as of fetch),"Private-label frozen and canned vegetables, beans, beverages, salsa, and sauces",beverage; canning; frozen; sauces,sauce/condiment,,,Focus 100% on Private Brand
Earth Ranch,Passage Jackson,WI,http://www.earthranch.com,312-405-0059,jdoyle@earthranch.com,https://cals.cornell.edu/cornell-agritech/partners-institutes/cornell-food-venture-center/kitchensco-packers,Cornell Food Venture Center — Kitchens/Co-Packers,N173W21170 Northwest Passage,,,,,review: contradiction — see copackers-review.md
Kaye Family Foods,River Falls,WI,,612-441-9222,billy@kayefamilyfoods.com,https://www.mda.state.mn.us/minnesota-co-packer-directory,Minnesota Department of Agriculture — Minnesota Co-Packer Directory (reviewed 2018; updated 2022; detailed listings live as of fetch),"BBQ sauce, salsa, hot sauce, bloody mary mix, honey, seasonings, spices, rubs",acidified; canning; sauces; dry-blend,sauce/condiment,no minimums - order what you need,,Acidic and acidified canned foods
PURIS,Turtle Lake,WI,,612-400-1416,zhubert@purisfoods.com,https://www.mda.state.mn.us/minnesota-co-packer-directory,Minnesota Department of Agriculture — Minnesota Co-Packer Directory (reviewed 2018; updated 2022; detailed listings live as of fetch),"Plant-based ingredients and protein isolates, spray drying, oat base, flour tolling",spray-dry,,"20,000 pounds",,Also Oskaloosa IA; review: not clearly a co-packer
Dutch Valley Food Development,,,https://www.dutchvalleyfooddevelopment.com/,,,https://extension.psu.edu/list-of-co-packers-in-pennsylvania-and-beyond/,Penn State Extension — List of Co-packers in Pennsylvania and Beyond (updated Dec 16 2025),"All-Natural and Organic Bulk Foods, our recipes or yours. Soup Mixes, Dip Mixes, Dressing Mixes, Trail Mixes, Baking Mixes, Spice Blends, Hot and Cold Drink Mixes, Bean and Grain Blends, Complete Grain Pilaf Mixes",sauces,sauce/condiment,,organic,review: contradiction — see copackers-review.md
"Barhyte Foods, Inc.",Pendleton,OR,"https://www.suziesorganics.com/program-opportunities#:~:text=Do%20you%20have%20a%20great,sales@barhyte.com",503-691-7858,sales@barhyte.com,https://www.oregon.gov/odaroadmap/operations/pages/pnw-co-packer-locator.aspx,Oregon ODA PNW Co-packer Locator (fetched 2026-08-21),Non-cooked; Non-refrigerated; Shelf stable,,,50 gallons,Organic,
"Beaverton Foods, Inc.",Hillsboro,OR,https://beavertonfoods.com/,503-539-1791,customerservice@beavertonfoods.com,https://www.oregon.gov/odaroadmap/operations/pages/pnw-co-packer-locator.aspx,Oregon ODA PNW Co-packer Locator (fetched 2026-08-21),Shelf stable; Condiments; Salsas; Sauces; Private Labels,salsa; sauce; sauces,sauce/condiment,210 gallons,Kosher; Gluten Free; Organic,
Bridgetown Natural Foods,Portland,OR,http://bridgetownnaturalfoods.com,503-427-8900,yumi.kaneda@bridgetownnaturalfoods.com,https://www.oregon.gov/odaroadmap/operations/pages/pnw-co-packer-locator.aspx,Oregon ODA PNW Co-packer Locator (fetched 2026-08-21),Display Ready Shippers; Single serve; Single Serve Bars; 50lb Bulk Totes; Zipper Top Pouches,,,Inquire about Minimums,Gluten Free; Kosher; Organic,
Bruce Pac,Woodburn,OR,,503-874-3000,mmclaughlin@brucepac.com,https://www.oregon.gov/odaroadmap/operations/pages/pnw-co-packer-locator.aspx,Oregon ODA PNW Co-packer Locator (fetched 2026-08-21),Meat Analogue Products,meat,,,BRCGS; USDA; Halal,
Candy Basket Inc.,Portland,OR,,800-864-1924,dfuhr@candybasketinc.com,https://www.oregon.gov/odaroadmap/operations/pages/pnw-co-packer-locator.aspx,Oregon ODA PNW Co-packer Locator (fetched 2026-08-21),Confections; Chocolate; Candy,chocolate; confection,,,,
Central Oregon Butcher Boys,Prineville,OR,,541-447-0334,dberman62@hotmail.com,https://www.oregon.gov/odaroadmap/operations/pages/pnw-co-packer-locator.aspx,Oregon ODA PNW Co-packer Locator (fetched 2026-08-21),Butchering,,,,,
Century Oak Packing Co.,Mt. Angel,OR,,503-845-4180,patty@centuryoakpacking.com,https://www.oregon.gov/odaroadmap/operations/pages/pnw-co-packer-locator.aspx,Oregon ODA PNW Co-packer Locator (fetched 2026-08-21),"fresh to cooked redmeat, only local raised products (OR, WA, CA); Butchering; Value Added Meat Products; Jerky",jerky; meat,,,USDA and FDA Certified For Meat Products,
Chef George Inc.,Portland,OR,,503-467-4701,kdreger@chefgeorge.com,https://www.oregon.gov/odaroadmap/operations/pages/pnw-co-packer-locator.aspx,Oregon ODA PNW Co-packer Locator (fetched 2026-08-21),BBQ Sauce; Condiments; Hot Sauce; Dressings; Sauces; Salsas; Marinades; Chutneys,salsa; sauce; sauces,sauce/condiment,,,
Chucks Seafood,Coos Bay,OR,Chuck's Seafood,541-888-5525,heath@chucksseafood.com,https://www.oregon.gov/odaroadmap/operations/pages/pnw-co-packer-locator.aspx,Oregon ODA PNW Co-packer Locator (fetched 2026-08-21),LACF Seafoods; Canning; 307 can,can; canning; seafood,,No minimum,,
Con Agra/Lamb Weston,,OR,,,,https://www.oregon.gov/odaroadmap/operations/pages/pnw-co-packer-locator.aspx,Oregon ODA PNW Co-packer Locator (fetched 2026-08-21),,,,,,
Desert Springs Bottled Water,Echo,OR,http://www.desertsrpingsbottledwater.com/custom-labels/,541-376-8345,desertsprings@bottledwater.com,https://www.oregon.gov/odaroadmap/operations/pages/pnw-co-packer-locator.aspx,Oregon ODA PNW Co-packer Locator (fetched 2026-08-21),Bottled Water,,,Inquire about Minimums,,
Diana Food,Silverton,OR,https://www.diana-food.com,503-873-3600,Taylor.Chaisson@symrise.com,https://www.oregon.gov/odaroadmap/operations/pages/pnw-co-packer-locator.aspx,Oregon ODA PNW Co-packer Locator (fetched 2026-08-21),Drum Dried Fruit & Vegetable Blends; Spices,blend,,"2,000 lbs",SQF,
Eberhard Creamery,Redmond,OR,https://www.eberhardsdairy.com,541-548-5181,,https://www.oregon.gov/odaroadmap/operations/pages/pnw-co-packer-locator.aspx,Oregon ODA PNW Co-packer Locator (fetched 2026-08-21),Dairy Products,dairy,,,,
Eola Bottling,Gervais,OR,https://www.oregon-rain.com/,503-588-4010,rainfam@rocketmail.com,https://www.oregon.gov/odaroadmap/operations/pages/pnw-co-packer-locator.aspx,Oregon ODA PNW Co-packer Locator (fetched 2026-08-21),Bottled Water,,,,,
George Packing,Salem,OR,https://filberts.com,503-463-1728,,https://www.oregon.gov/odaroadmap/operations/pages/pnw-co-packer-locator.aspx,Oregon ODA PNW Co-packer Locator (fetched 2026-08-21),Hazelnuts,,,,,
Gluten Free Concepts,Portland,OR,,503-208-3987,m.forsythe@ glutenfreeconcepts.com,https://www.oregon.gov/odaroadmap/operations/pages/pnw-co-packer-locator.aspx,Oregon ODA PNW Co-packer Locator (fetched 2026-08-21),Gluten Free Baked Goods/Snack Mixes; Snack Foods,snacks,,,Gluten Free,
"Heritage Specialty Foods, LLC",Milwaukie,OR,https://heritagespecialtyfoods.com/services/#co-manufacturing,503-252-1545,lana@heritagespecialtyfoods.com,https://www.oregon.gov/odaroadmap/operations/pages/pnw-co-packer-locator.aspx,Oregon ODA PNW Co-packer Locator (fetched 2026-08-21),Marinades; Sauces; Side Dishes; Soup,sauce; sauces,sauce/condiment,,OVO Lacto Vegetarian; Gluten Free; FDA,
"J. Lieb Foods, Inc.",Forest Grove,OR,,503-359-9279,mike@jliebfoods.com,https://www.oregon.gov/odaroadmap/operations/pages/pnw-co-packer-locator.aspx,Oregon ODA PNW Co-packer Locator (fetched 2026-08-21),Beverages; Jams; Sauces; Glass Jars; Plastic Jars; Hot Fill,beverage; hot-fill; sauce; sauces,hot-fill; sauce/condiment,,Kosher; Organic,
KFK Seasonings,Portland,OR,http://www.kfkseasonings.com,(503) 288-18,kevinc@kfkseasonings.com,https://www.oregon.gov/odaroadmap/operations/pages/pnw-co-packer-locator.aspx,Oregon ODA PNW Co-packer Locator (fetched 2026-08-21),Dry Seasoning Blends; Herbs; Repack Spices; Seasonings,blend,,500 lbs,GMP,
Lochmead Dairy,Junction City,OR,https://www.lochmead.com/home,541-998-8544,sgibson@lochmead.com,https://www.oregon.gov/odaroadmap/operations/pages/pnw-co-packer-locator.aspx,Oregon ODA PNW Co-packer Locator (fetched 2026-08-21),Dairy Products; Frozen Dessert Production; Non-Dairy; Juice; Milk,dairy; frozen,,200 gallons,Gluten Free; Organic; Kosher; Halal,
Muirhead Canning Company,The Dalles,OR,https://www.muirheadcanning.com/,541-298-1660,info@muirheadcanning.com,https://www.oregon.gov/odaroadmap/operations/pages/pnw-co-packer-locator.aspx,Oregon ODA PNW Co-packer Locator (fetched 2026-08-21),Canning; Fruit; Acidified Food; Freeze Drying; Apple butter; Fruit butter; Jams; Preserves; Apple sauce,acidified; can; canning; sauce,sauce/condiment,Low,Organic,
National Frozen Foods,Albany,OR,http://www.nffc.com/locations/albany-or,541-928-3306,https://oregonpotato.com/contact/,https://www.oregon.gov/odaroadmap/operations/pages/pnw-co-packer-locator.aspx,Oregon ODA PNW Co-packer Locator (fetched 2026-08-21),Repackaging; Frozen Bulk; Vegetables,frozen,,Inquire about Minimums,,
"Oregon Coffee Roaster, Inc.",North Plains,OR,https://www.oregoncoffee.com/,800-683-8138,mugs3@aol.com,https://www.oregon.gov/odaroadmap/operations/pages/pnw-co-packer-locator.aspx,Oregon ODA PNW Co-packer Locator (fetched 2026-08-21),Arabica coffees and loose leaf teas; Chocolate; Chocolate Espresso Beans; Tea,chocolate,,Inquire about Minimums,Allergy Free; Kosher; Gluten Free,
Oregon Fruit Products LLC,Salem,OR,https://oregonfruit.com/,503-581-6211,GabinoG@oregonfruit.com,https://www.oregon.gov/odaroadmap/operations/pages/pnw-co-packer-locator.aspx,Oregon ODA PNW Co-packer Locator (fetched 2026-08-21),Fruit; Juice,,,"20,000 lbs",SQF,
Oregon Harvest,Portland,OR,,503-249-0092,info@lillysfoods.com,https://www.oregon.gov/odaroadmap/operations/pages/pnw-co-packer-locator.aspx,Oregon ODA PNW Co-packer Locator (fetched 2026-08-21),Hummus; Salsas,salsa,sauce/condiment,,Acidified Food Certification,
Oregon Hill Farm,St. Helens,OR,https://www.oregonhill.com/co-packing,503-397-2791,dan@oregonhill.com,https://www.oregon.gov/odaroadmap/operations/pages/pnw-co-packer-locator.aspx,Oregon ODA PNW Co-packer Locator (fetched 2026-08-21),Canning; Fruit; Hot Pack; Honey; Sauces; Jams,can; canning; sauce; sauces,sauce/condiment,Low,Kosher; Allergy Free; Gluten Free; HACCP,
Oregon Ice Cream,Eugene,OR,https://oregonicecream.com/,360-713-6800,charles.nutter@oregonicecream.com,https://www.oregon.gov/odaroadmap/operations/pages/pnw-co-packer-locator.aspx,Oregon ODA PNW Co-packer Locator (fetched 2026-08-21),Dairy Products; Dessert Manufacturer; Packaged Products,dairy,,Inquire about Minimums,Kosher; Organic; SQF Level 3,
Oregon Seafood,Charelson,OR,,541-266-8862,mike@oregonseafood.com,https://www.oregon.gov/odaroadmap/operations/pages/pnw-co-packer-locator.aspx,Oregon ODA PNW Co-packer Locator (fetched 2026-08-21),Canning; Flex Pouches; LACF Seafoods; Pet Food,can; canning; pouch; seafood,,,,
Oregon Spice Company,Portland,OR,https://www.oregonspice.com/,503-238-0664,zoe@oregonspice.com,https://www.oregon.gov/odaroadmap/operations/pages/pnw-co-packer-locator.aspx,Oregon ODA PNW Co-packer Locator (fetched 2026-08-21),Dips; Dressings; Gravies; Main Dish Blends; Marinades; Rubs; Sauces; Sausage Blends; Seasonings; Soup,blend; sauce; sauces,sauce/condiment,500 lbs,Non-GMO; Organic; Gluten Free,
Oregon Trail Mountain Spring Water,North Powder,OR,https://oregontrailmountainspringwater.com/labels/labels2.htm,541-898-2900,brendan@otmsw.com,https://www.oregon.gov/odaroadmap/operations/pages/pnw-co-packer-locator.aspx,Oregon ODA PNW Co-packer Locator (fetched 2026-08-21),Bottled Water,,,Inquire about Minimums,,
Origami Catering,Portland,OR,https://origamicatering.com/,(541) 488-52,info@origamicatering.com,https://www.oregon.gov/odaroadmap/operations/pages/pnw-co-packer-locator.aspx,Oregon ODA PNW Co-packer Locator (fetched 2026-08-21),Fishery Products; Prepared Foods; Side Dishes; Salad Kits; Sushi,,,Inquire about Minimums,HACCP,
Paradigm Foodworks,Lake Oswego,OR,https://www.paradigmfoodworks.com/,503-595-4360,lbarra@paradigmfoodworks.com,https://www.oregon.gov/odaroadmap/operations/pages/pnw-co-packer-locator.aspx,Oregon ODA PNW Co-packer Locator (fetched 2026-08-21),Acidified Food; Cold Fill; Hot Fill; Sauces,acidified; hot-fill; sauce; sauces,hot-fill; sauce/condiment,"12,000 lbs",Acidified Food Certification; Organic; 3rd-Party Audits,
Pete's Chocolate Confection,Medford,OR,https://www.petesgourmet.com/,541-500-1410,pete@petesgourmet.com,https://www.oregon.gov/odaroadmap/operations/pages/pnw-co-packer-locator.aspx,Oregon ODA PNW Co-packer Locator (fetched 2026-08-21),Candy; Chocolate,chocolate,,Inquire about Minimums,Kosher,
Portland Bottling Company,Portland,OR,https://www.portlandbottling.com/,503-231-5035,amaletis@portlandbottling.com,https://www.oregon.gov/odaroadmap/operations/pages/pnw-co-packer-locator.aspx,Oregon ODA PNW Co-packer Locator (fetched 2026-08-21),Ready to Drink Beverages; Functional Beverages; Aluminum Can; Non-Carbonated Beverages; Non-Alcoholic Carbonated Beverages; Juice; Energy Drinks,beverage,,Large scale,Kosher; Gluten Free; Organic,
Portland Specialty Baking,Portland,OR,https://www.pdxbaking.com/,503-228-4975,Brad.Jorgenson@tgfbaking.com,https://www.oregon.gov/odaroadmap/operations/pages/pnw-co-packer-locator.aspx,Oregon ODA PNW Co-packer Locator (fetched 2026-08-21),Baked goods,,,Inquire about Minimums,,
Puff Factory,Odell,OR,,541-400-0818,jacqueline@knowyourfruit.com,https://www.oregon.gov/odaroadmap/operations/pages/pnw-co-packer-locator.aspx,Oregon ODA PNW Co-packer Locator (fetched 2026-08-21),Freeze Drying; IQF,,,,,
Rising Sun Farms,Phoenix,OR,https://www.risingsunfarms.com/contract-manufacturing,541-535-8331,Dawn@risingsunfarms.com,https://www.oregon.gov/odaroadmap/operations/pages/pnw-co-packer-locator.aspx,Oregon ODA PNW Co-packer Locator (fetched 2026-08-21),Acidified Food; Frozen Bulk; Sauces; Dairy and non-dairy frozen dessert production; Shelf stable,acidified; dairy; frozen; sauce; sauces,sauce/condiment,1 day run of one product,SQF Level 3,
Salsa Hecho in the Pacific Northwest,Central Point,OR,,541-665-2846,salsahechopw1@aol.com,https://www.oregon.gov/odaroadmap/operations/pages/pnw-co-packer-locator.aspx,Oregon ODA PNW Co-packer Locator (fetched 2026-08-21),Salsas,salsa,sauce/condiment,Low,Gluten Free,
Shin Shin,Portland,OR,https://shinshinfoods.com,503-262-7833,michael@ssfds.com,https://www.oregon.gov/odaroadmap/operations/pages/pnw-co-packer-locator.aspx,Oregon ODA PNW Co-packer Locator (fetched 2026-08-21),Noodles; Vegetables,,,Inquire about Minimums,3rd-Party Audits,
Sportsman's Cannery,Winchester Bay,OR,https://sportsmenscanning.com/,541-271-3293,winbayfisheries@charter.net,https://www.oregon.gov/odaroadmap/operations/pages/pnw-co-packer-locator.aspx,Oregon ODA PNW Co-packer Locator (fetched 2026-08-21),Canning; LACF Seafoods,can; canning; seafood,,,,
Springfiled Creamery,Eugene,OR,https://nancysyogurt.com/our-creamery/,541-689-2911,blake@nancysyogurt.com,https://www.oregon.gov/odaroadmap/operations/pages/pnw-co-packer-locator.aspx,Oregon ODA PNW Co-packer Locator (fetched 2026-08-21),Yogurt; Sour Cream; Non-Dairy Yogurt; Kefir; Cream Cheese; Cottage Cheese,dairy,,Weekly Runs,Kosher; Non-GMO; NSF; Organic; SQF Level 2,
St. Cousair Oregon Orchards,Newberg,OR,https://www.stcousair-oregon.com/,503-538-2929,dale_brown@stcousair.co.jp,https://www.oregon.gov/odaroadmap/operations/pages/pnw-co-packer-locator.aspx,Oregon ODA PNW Co-packer Locator (fetched 2026-08-21),Fruit Syrup; Chutneys; BBQ Sauce; Glass Jars; Plastic Jars; Marinades; Toppings; Jams; Sauces; Acidified Food,acidified; sauce; sauces,sauce/condiment,"10,0000 units",,
Stahlbush Island Farms,Corvallis,OR,https://www.stahlbush.com/for-manufacturers/,(541) 757-14,katie@stahlbush.com,https://www.oregon.gov/odaroadmap/operations/pages/pnw-co-packer-locator.aspx,Oregon ODA PNW Co-packer Locator (fetched 2026-08-21),Purees; IQF; IQF Fruits & Veg. w/ repacking,,,,Organic; SQF Level 3,
Teeny Food Corporation,Portland,OR,,503-252-3006,Darryl.abram@teenyfoods.com,https://www.oregon.gov/odaroadmap/operations/pages/pnw-co-packer-locator.aspx,Oregon ODA PNW Co-packer Locator (fetched 2026-08-21),Baked goods,,,,,
Three Little Figs/Raft,Portland,OR,https://threelittlefigsjam.com/,213-435-4669,threelittlefigsjam@gmail.com,https://www.oregon.gov/odaroadmap/operations/pages/pnw-co-packer-locator.aspx,Oregon ODA PNW Co-packer Locator (fetched 2026-08-21),Acidified Food; Jellies; Jams; Syrups; Pickles; Hot Fill,acidified; hot-fill,hot-fill,Low,FDA; HACCP,
Townsend Farms,Fairview,OR,,503-666-1780,https://townsendfarms.com,https://www.oregon.gov/odaroadmap/operations/pages/pnw-co-packer-locator.aspx,Oregon ODA PNW Co-packer Locator (fetched 2026-08-21),Frozen Fruit; Repackaging,frozen,,,,
Trailblazer Fruit Products,Portland,OR,https://trailblazerfoods.com/contract-manufacturing/,503-666-5800,matt.walker@tbfoods.com,https://www.oregon.gov/odaroadmap/operations/pages/pnw-co-packer-locator.aspx,Oregon ODA PNW Co-packer Locator (fetched 2026-08-21),Toppings; Syrups; Sugar; Milk; Flour; Pie Fillings; Jellies; Jams,,,Large scale,SQF Level 2; Organic; Non-GMO,
Ventura Foods,Salem,OR,https://www.venturafoods.com,503-585-6423,,https://www.oregon.gov/odaroadmap/operations/pages/pnw-co-packer-locator.aspx,Oregon ODA PNW Co-packer Locator (fetched 2026-08-21),Oil; Margarine; Shortening,,,,,
Yoshida Foods,Portland,OR,,503-872-8450,paul.fields@yoshidafoods.com,https://www.oregon.gov/odaroadmap/operations/pages/pnw-co-packer-locator.aspx,Oregon ODA PNW Co-packer Locator (fetched 2026-08-21),Cold Fill; Carbonation; Hot Fill; High Pressure Pasterization,hot-fill,HPP; hot-fill,,HACCP; Kosher; SQF Level 2,
Rainier FoodWorks,Seattle,WA,https://www.rainierfoodworks.com/,206-601-5132,chris.coburn@rainierfoodworks.com,https://www.oregon.gov/odaroadmap/operations/pages/pnw-co-packer-locator.aspx,Oregon ODA PNW Co-packer Locator (fetched 2026-08-21),Cold Fill; Hot Fill; Dry Ingredients,hot-fill,hot-fill,No minimum,,
Smith Brothers Farms,Albany,WA,https://www.smithbrothersfarms.com/,253-852-1000,dhighland@smithbrothersfarms.com,https://www.oregon.gov/odaroadmap/operations/pages/pnw-co-packer-locator.aspx,Oregon ODA PNW Co-packer Locator (fetched 2026-08-21),Milk,,,500 Gallons,Organic; Halal; Kosher; SQF,
Bake Works,Vancouver,WA,www.bakeworks.com,360-213-2001,https://share.hsforms.com/1kviw3ARxRtK4Y4c93Ny5Fw5f3zz,https://www.oregon.gov/odaroadmap/operations/pages/pnw-co-packer-locator.aspx,Oregon ODA PNW Co-packer Locator (fetched 2026-08-21),"Extruded and co extruded snack bars, baked and unbaked; Bars; Cookies; Granola",snacks,,"50,000 per sku",SQF Level 2; Organic; Kosher; Non-GMO; Gluten Free,
Basin Gold Cooperative,Pasco,WA,www.basingold.com,509-545-4161,molly@basingold.com,https://www.oregon.gov/odaroadmap/operations/pages/pnw-co-packer-locator.aspx,Oregon ODA PNW Co-packer Locator (fetched 2026-08-21),Fresh Onions; Fresh potatoes,,,,Organic,
Chuckanut Bay Foods,Blaine,WA,https://www.chuckanutbay.com/our-standards,360-380-1908,mattr@chuckanutbay.com,https://www.oregon.gov/odaroadmap/operations/pages/pnw-co-packer-locator.aspx,Oregon ODA PNW Co-packer Locator (fetched 2026-08-21),Cakes; Cheesecakes,,,Inquire about Minimums,Gluten Free; Kosher; SQF Level 2,
Cougar Mountain Baking Company,Seattle,WA,https://www.cmbc.com/private-label.aspx,206-467-5044,david@cougar-mountain.com,https://www.oregon.gov/odaroadmap/operations/pages/pnw-co-packer-locator.aspx,Oregon ODA PNW Co-packer Locator (fetched 2026-08-21),Cookie dough; Cookies,,,750lb batches,FSMA; GMP,
"Conifer Specialties, Inc.",Woodinville,WA,https://conifer-inc.com/login/,425-486-3334,hforsberg@conifer-inc.com,https://www.oregon.gov/odaroadmap/operations/pages/pnw-co-packer-locator.aspx,Oregon ODA PNW Co-packer Locator (fetched 2026-08-21),Dry Ingredients,,,"10,000lbs",SQF Level 2; Organic; Kosher,
Creation Foods LLC,Blaine,WA,https://www.creationsfoods.com,866-228-8577,mike.morris@creationsfoods.com,https://www.oregon.gov/odaroadmap/operations/pages/pnw-co-packer-locator.aspx,Oregon ODA PNW Co-packer Locator (fetched 2026-08-21),Granola; Cereal; Seeds; Coconut based cookies and snacks; Cheese crisps; Crackers; Cookies,snacks,,Inquire about Minimums,Kosher; Organic; SQF Level 2,
Jaspen's Inc.,Monroe,WA,www.jaspens.com,360-294-8406,jeremy@jaspens.com,https://www.oregon.gov/odaroadmap/operations/pages/pnw-co-packer-locator.aspx,Oregon ODA PNW Co-packer Locator (fetched 2026-08-21),Popcorn; Pouch bags; Pillow packs; Snack Foods; Extrusion; Caramel Corn; Nut Roasting; Keto Friendly Projects,snacks,,Low,SQF Level 2; Kosher,
"GF Blends, Inc.",Richland,WA,https://gfblends.com/,509-308-0459,g.call.gfblends@gmail.com,https://www.oregon.gov/odaroadmap/operations/pages/pnw-co-packer-locator.aspx,Oregon ODA PNW Co-packer Locator (fetched 2026-08-21),Dry Ingredients,,,350lbs,Gluten Free; BRCGS,
Grace Harbor Farms,Custer,WA,https://graceharborfarms.com/,360-366-4151,david@graceharborfarms.com,https://www.oregon.gov/odaroadmap/operations/pages/pnw-co-packer-locator.aspx,Oregon ODA PNW Co-packer Locator (fetched 2026-08-21),Kefir; Milk; Yogurt,,,50 gallons,HACCP; FSMA,
J. Wilbur Foods,Kenmore,WA,https://www.jwilburfoods.com/,206-795-5210,andrew@jwilburfoods.com,https://www.oregon.gov/odaroadmap/operations/pages/pnw-co-packer-locator.aspx,Oregon ODA PNW Co-packer Locator (fetched 2026-08-21),Hot Fill; Cold Fill,hot-fill,hot-fill,No minimum,,
Northwest Tart Cherry,Mesa,WA,https://freshpickswa.com/about-us/northwest-tart-cherry/,509-269-4100,northwestcherry@gmail.com,https://www.oregon.gov/odaroadmap/operations/pages/pnw-co-packer-locator.aspx,Oregon ODA PNW Co-packer Locator (fetched 2026-08-21),Frozen pitted tart cherries; Purees; Dehydration,frozen,,"100,000lbs",SQF,
"San Gennaro Foods, Inc.",Kent,WA,http://www.sangennarofoods.com/,253-872-2011,tony@polenta.net,https://www.oregon.gov/odaroadmap/operations/pages/pnw-co-packer-locator.aspx,Oregon ODA PNW Co-packer Locator (fetched 2026-08-21),Sauces; Soup; Condiments; Shelf stable; Frozen items; Polenta; Hot Fill; Pouch bags; Glass Jars; Bottles,frozen; hot-fill; sauce; sauces,hot-fill; sauce/condiment,1 Production Day,Kosher; Organic; Non-GMO; Gluten Free; SQF,
Snoqualmie Ice Cream,Snohomish,WA,,425-876-5766,barry@snoqualmieicecream.com,https://www.oregon.gov/odaroadmap/operations/pages/pnw-co-packer-locator.aspx,Oregon ODA PNW Co-packer Locator (fetched 2026-08-21),Frozen Dessert Production; Gelato; Ice cream bars; Fruit bars; Sorbets,frozen,,300 gallons,HACCP; Organic; Kosher; SQF Level 2,
World Wide Gourmet Foods,Woodinville,WA,,800-422-0852,johnd@wwgourmet.com,https://www.oregon.gov/odaroadmap/operations/pages/pnw-co-packer-locator.aspx,Oregon ODA PNW Co-packer Locator (fetched 2026-08-21),Baked goods; Confections; Chocolate manufacturing; Snack Foods; Smoked salmon; Jerky,chocolate; confection; jerky; snacks,,Low,Kosher; HACCP,
Powers Inc.,Spokane,WA,http://www.powers-inc.com/,509-489-1955,sstradling@powers-inc.com,https://www.oregon.gov/odaroadmap/operations/pages/pnw-co-packer-locator.aspx,Oregon ODA PNW Co-packer Locator (fetched 2026-08-21),Pillow packs; Form & fill; Foil pack; Resealable pouches,,,"4,000lbs",Kosher; SQF; HACCP,
Bridgewell Agribusiness LLC,Clackamas,OR,https://www.bridgewellab.com/manufacturing/,503-765-7408,tkiessling@bridgewellab.com,https://www.oregon.gov/odaroadmap/operations/pages/pnw-co-packer-locator.aspx,Oregon ODA PNW Co-packer Locator (fetched 2026-08-21),Dry Ingredients; Packaging; Dry Blending; Oil,dry-blend,,"2,000 lbs",SQF; Organic; Non-GMO; Kosher; Gluten Free,
SOMA Kombucha,Portland,OR,,503-756-9646,jp@somakombucha.com,https://www.oregon.gov/odaroadmap/operations/pages/pnw-co-packer-locator.aspx,Oregon ODA PNW Co-packer Locator (fetched 2026-08-21),Fermentation; Beverage R&D; Co-Packing Project Management,beverage,,Low,Organic,
Lisanatti Foods,Oregon City,OR,https://nattifoods.com/,503-652-1988,jeff@lisanattifoods.com,https://www.oregon.gov/odaroadmap/operations/pages/pnw-co-packer-locator.aspx,Oregon ODA PNW Co-packer Locator (fetched 2026-08-21),Shredded plant based and imitation cheese; Retail and food service packing; Private label plant based and imitation cheese,,,Inquire about Minimums,GMP; Kosher,
Noel Canning and Bottling,Yakima,WA,www.noelcanning.com,509-248-4545,dandrews@noelcorp.com,https://www.oregon.gov/odaroadmap/operations/pages/pnw-co-packer-locator.aspx,Oregon ODA PNW Co-packer Locator (fetched 2026-08-21),Beverages; Soda; Non-Alcoholic Carbonated Beverages; CBD non-alcoholic beverages; Ready to Drink Beverages; PET Jars,beverage,,"4,000 24 pack cases",FSSC 22000; Organic,
Wolf Pack International,Gold Bar,WA,https://www.wolfpackint.com/services,360-793-2988,info@wolfpackint.com,https://www.oregon.gov/odaroadmap/operations/pages/pnw-co-packer-locator.aspx,Oregon ODA PNW Co-packer Locator (fetched 2026-08-21),Acidified Food; BBQ Sauce; Chutneys; Cold Fill; Condiments; Co-Packing Project Management; Dips; Fruit Spreads; Fruit Syrup; Hot Fill; Hot Sauce; Jams; Jellies; Pickles; Salsas; Sauces; Soup; Syrups,acidified; hot-fill; salsa; sauce; sauces,hot-fill; sauce/condiment,Low,Acidified Food Certification; HACCP; FDA,
Portland Plant Foods Inc DBA Better Bean,Wilsonville,OR,https://www.linkedin.com/company/portland-plant-foods-dba-better-bean,503-310-0123,keith@betterbeanco.com,https://www.oregon.gov/odaroadmap/operations/pages/pnw-co-packer-locator.aspx,Oregon ODA PNW Co-packer Locator (fetched 2026-08-21),Acidified Food; Dips; Deli tubs; Hot fill/Quick chill; Hummus; Soup; Pillow packs; Single serve,acidified; hot-fill,hot-fill,1 Production Day,Gluten Free; Kosher; Non-GMO; Organic,
Schilling Cider,Auburn,WA,http://www.schillingcider.com/,,copack@schillingcider.com,https://www.oregon.gov/odaroadmap/operations/pages/pnw-co-packer-locator.aspx,Oregon ODA PNW Co-packer Locator (fetched 2026-08-21),Aluminum Can; Beverages; CBD; Carbonation; Cold Fill; Drinks; Fermentation; Hard Cider; Non-alcoholic Beverages; Non-Alcoholic Carbonated Beverages; Packaging; Ready to Drink Beverages; Wine; Velcorin; Kegs,beverage,,"6,000 Gallons",Non-alcoholic Certification,
Bite Me Inc.,Lakewood,WA,https://bitemeinc.cc/,206-286-7519,sales@bitemecookiesbakery.com,https://www.oregon.gov/odaroadmap/operations/pages/pnw-co-packer-locator.aspx,Oregon ODA PNW Co-packer Locator (fetched 2026-08-21),Baked goods; Cookie dough; Cookies; Granola,,,Inquire about Minimums,SQF; Kosher,
Flying Bee Ranch,Salem,OR,https://flyingbeeranch.net/,503-399-8904,info@flyingbeeranch.net,https://www.oregon.gov/odaroadmap/operations/pages/pnw-co-packer-locator.aspx,Oregon ODA PNW Co-packer Locator (fetched 2026-08-21),Honey,,,Inquire about Minimums,,
Albina City Nuts,Portland,OR,,503-956-9141,scott.sbell@gmail.com,https://www.oregon.gov/odaroadmap/operations/pages/pnw-co-packer-locator.aspx,Oregon ODA PNW Co-packer Locator (fetched 2026-08-21),Bag & Fill; Roasted Nuts; Roasted corn,,,Low,GMP,
Attune Foods,Eugene,OR,https://www.8avegranola.com/solutions/,541-743-9600,,https://www.oregon.gov/odaroadmap/operations/pages/pnw-co-packer-locator.aspx,Oregon ODA PNW Co-packer Locator (fetched 2026-08-21),Granola,,,,,
Cocoa Pack,Portland,OR,https://www.cocoapack.com/,503-484-5574,info@cocoapack.com,https://www.oregon.gov/odaroadmap/operations/pages/pnw-co-packer-locator.aspx,Oregon ODA PNW Co-packer Locator (fetched 2026-08-21),Chocolate; Chocolate manufacturing; Drinking chocolates; Drinking mixes,chocolate,,Low,,
DeCasa Fine Foods,Eugene,OR,https://decasafinefoods.com/,541-689-8737,info@decasafinefoods.com,https://www.oregon.gov/odaroadmap/operations/pages/pnw-co-packer-locator.aspx,Oregon ODA PNW Co-packer Locator (fetched 2026-08-21),Salsas; Bean dip; Tortilla chips,salsa,sauce/condiment,Inquire about Minimums,Organic; GMP,
Independence Brew Hub,Independence,OR,,503-580-4735,ryan@p45brewing.com,https://www.oregon.gov/odaroadmap/operations/pages/pnw-co-packer-locator.aspx,Oregon ODA PNW Co-packer Locator (fetched 2026-08-21),Beverages; Brewing,beverage,,,,
Mickleberry Gardens,Portland,OR,https://mickelberrygardens.com/pages/small-scale-co-packers-portland-or-contract-manufacturing,503-454-6639,madelyn@mickelberrygardens.com,https://www.oregon.gov/odaroadmap/operations/pages/pnw-co-packer-locator.aspx,Oregon ODA PNW Co-packer Locator (fetched 2026-08-21),Honey; Tinctures; Vinegar infusions; Cold Fill; skincare,,,"1,000 units",GMP,
Nouriche Broth,Portland,OR,https://nourichebroth.com/,503-808-0370,hello@nourichebroth.com,https://www.oregon.gov/odaroadmap/operations/pages/pnw-co-packer-locator.aspx,Oregon ODA PNW Co-packer Locator (fetched 2026-08-21),Bone broth,,,Inquire about Minimums,,
Plum Deluxe,Portland,OR,https://www.plumdeluxe.com/,,andy@plumdeluxe.com,https://www.oregon.gov/odaroadmap/operations/pages/pnw-co-packer-locator.aspx,Oregon ODA PNW Co-packer Locator (fetched 2026-08-21),Tea,,,Low,,
TMK Creamery,Canby,OR,https://tmkcreamery.com/,503-887-9286,tessastuedli@gmail.com,https://www.oregon.gov/odaroadmap/operations/pages/pnw-co-packer-locator.aspx,Oregon ODA PNW Co-packer Locator (fetched 2026-08-21),Dairy Products; Ice Cream; Whey products; Cheese,dairy,,Inquire about Minimums,,
Toby's Family Foods,Springfield,OR,https://tobysfamilyfoods.com/,541-689-8506,procurement@tobysfamilyfoods.com,https://www.oregon.gov/odaroadmap/operations/pages/pnw-co-packer-locator.aspx,Oregon ODA PNW Co-packer Locator (fetched 2026-08-21),HPP juice; Salad dressing; Spreads; Dips,HPP,HPP; sauce/condiment,Inquire about Minimums,3rd-Party Audits,
Squirrel Crow Foods,Portland,OR,https://eattempeh.com/,404-966-7162,squirrelandcrowfoods@gmail.com,https://www.oregon.gov/odaroadmap/operations/pages/pnw-co-packer-locator.aspx,Oregon ODA PNW Co-packer Locator (fetched 2026-08-21),Fermentation; Tempeh,,,Low,,
Everfresh,Boring,OR,www.everfreshfruit.com,800-239-8026,info@everfreshfruit.com,https://www.oregon.gov/odaroadmap/operations/pages/pnw-co-packer-locator.aspx,Oregon ODA PNW Co-packer Locator (fetched 2026-08-21),Ice cream mixes; Apple pie filling; Apple processing; Chocolate bar coating; Chocolate; Caramel,chocolate,,,,
Higher Taste,Cornelius,OR,https://www.thehighertaste.com/,503-230-7944,jon@thehighertaste.com,https://www.oregon.gov/odaroadmap/operations/pages/pnw-co-packer-locator.aspx,Oregon ODA PNW Co-packer Locator (fetched 2026-08-21),Burritos; Private Labels; Private label plant based and imitation cheese,,,Inquire about Minimums,3rd-Party Audits,
Rose City Confections,Portland,OR,https://rosecityconfections.com/,503-662-2227,kelli@rosecityconfections.com,https://www.oregon.gov/odaroadmap/operations/pages/pnw-co-packer-locator.aspx,Oregon ODA PNW Co-packer Locator (fetched 2026-08-21),CBD; Candy,,,Low,,
Miss Hannah's,Newberg,OR,https://misshannahspopcorn.com/,971-264-0663,linda@misshannahspopcorn.com,https://www.oregon.gov/odaroadmap/operations/pages/pnw-co-packer-locator.aspx,Oregon ODA PNW Co-packer Locator (fetched 2026-08-21),Popcorn; Private Labels,,,Low,,
Galactic Unicorn Packaging,Portland,OR,,,info@galacticup.com,https://www.oregon.gov/odaroadmap/operations/pages/pnw-co-packer-locator.aspx,Oregon ODA PNW Co-packer Locator (fetched 2026-08-21),Carbonation; CBD non-alcoholic beverages; Functional Beverages; Non-Alcoholic Carbonated Beverages; Velcorin,beverage,,200 gallons,,
Euphoria Chocolate Company,Eugene,OR,https://euphoriachocolate.com/,541-344-4914,sales@euphoriachocolate.com,https://www.oregon.gov/odaroadmap/operations/pages/pnw-co-packer-locator.aspx,Oregon ODA PNW Co-packer Locator (fetched 2026-08-21),Chocolate; Nuts; Enrobed; Wine infusions,chocolate,,Inquire about Minimums,,
Eurobake Corp,Portland,OR,www.eurobakebakery.com,360-553-8950,josh@eurobakebakery.com,https://www.oregon.gov/odaroadmap/operations/pages/pnw-co-packer-locator.aspx,Oregon ODA PNW Co-packer Locator (fetched 2026-08-21),Baked goods; Cakes; Cookie dough; Cookies; Batters; Breads; Pastry; Rolls; Frozen dough; Bag & Fill; Pouch bags; Bag in Box; Cartons; Clamshell style packaging; Flo wrapping; Paper bag with window; Shrink wrap packaging,frozen,,Inquire about Minimums,GMP; SQF; FSMA,
Next Step Copack,Oregon City,OR,www.nextstepcopack.com,971-409-0096,dale@nextstepcopack.com,https://www.oregon.gov/odaroadmap/operations/pages/pnw-co-packer-locator.aspx,Oregon ODA PNW Co-packer Locator (fetched 2026-08-21),Dry Ingredients; Dry Powder Blends; Spices,blend,,Low,FDA,
Aloha From Oregon,Eugene,OR,http://www.alohafromoregon.com/,541-343-5519,office@alohofromoregon.com,https://www.oregon.gov/odaroadmap/operations/pages/pnw-co-packer-locator.aspx,Oregon ODA PNW Co-packer Locator (fetched 2026-08-21),Jams; Jellies; Marmalades; Preserves; Syrups,,,,,
Bahman Fine Foods,University City,WA,http://www.bahmanfinefoods.com/,253-988-8989,bd@bahmanfinefoods.com,https://www.oregon.gov/odaroadmap/operations/pages/pnw-co-packer-locator.aspx,Oregon ODA PNW Co-packer Locator (fetched 2026-08-21),Sauces; Hot Sauce; Canning; Potato Flakes; Canned Fruit,can; canning; sauce; sauces,sauce/condiment,Inquire about Minimums,Kosher; Halal,
Hazelnut Growers of Oregon,Donald,OR,https://oregonorchard.com/,503-648-3858,lschmidt@hazelnut.com,https://www.oregon.gov/odaroadmap/operations/pages/pnw-co-packer-locator.aspx,Oregon ODA PNW Co-packer Locator (fetched 2026-08-21),Dried Fruit; Nuts; Specialty Items,,,Inquire about Minimums,Kosher; Halal,
Alpenrose/Smith Brothers Farm,Clackamas,OR,https://alpenrose.com/co-package/,503-244-1133,wholesale@alpenrose.com,https://www.oregon.gov/odaroadmap/operations/pages/pnw-co-packer-locator.aspx,Oregon ODA PNW Co-packer Locator (fetched 2026-08-21),Ice Cream; Sour Cream; Dairy Products; Private Labels; Juice,dairy,,Inquire about Minimums,Organic; SQF,
American Noodle Inc.,Portland,OR,https://www.americasfoodsinc.com/services.php,503-284-6818,rayfew@gmail.com,https://www.oregon.gov/odaroadmap/operations/pages/pnw-co-packer-locator.aspx,Oregon ODA PNW Co-packer Locator (fetched 2026-08-21),Cold Fill; Hot Fill; Dry Ingredients; Tea; Spices; Sauces,hot-fill; sauce; sauces,hot-fill; sauce/condiment,Inquire about Minimums,FDA,
Buckman Coffee Factory,Portland,OR,https://buckmancoffee.com/,,https://buckmancoffee.com/pages/contact-us,https://www.oregon.gov/odaroadmap/operations/pages/pnw-co-packer-locator.aspx,Oregon ODA PNW Co-packer Locator (fetched 2026-08-21),Coffee Roasting,,,6 hour shift,,
Better Beverage Company,Bend,OR,https://betterbeveragecompany.com/,,wade@betterbeveragecompany.com,https://www.oregon.gov/odaroadmap/operations/pages/pnw-co-packer-locator.aspx,Oregon ODA PNW Co-packer Locator (fetched 2026-08-21),Non-alcoholic Beverages; Non-Alcoholic Carbonated Beverages; Fermentation; fermented beverage,beverage,,Inquire about Minimums,SQF; FDA; Organic; 3rd-Party Audits,
Classic Foods,Portland,OR,https://classic-foods.com/wp/,503-234-9387,jakeg@classic-foods.com,https://www.oregon.gov/odaroadmap/operations/pages/pnw-co-packer-locator.aspx,Oregon ODA PNW Co-packer Locator (fetched 2026-08-21),Spices; Fresh pasta,,,,,
Baxter North America,Salem,OR,https://baxtersna.com/contract-manufacturing/,503-362-3674,https://baxtersna.com/contact/,https://www.oregon.gov/odaroadmap/operations/pages/pnw-co-packer-locator.aspx,Oregon ODA PNW Co-packer Locator (fetched 2026-08-21),,,,,,
Crater Lake Soda - Yoshida Group,Portland,OR,http://craterlakesoda.com/,503-284-1114,http://craterlakesoda.com/contact-us/,https://www.oregon.gov/odaroadmap/operations/pages/pnw-co-packer-locator.aspx,Oregon ODA PNW Co-packer Locator (fetched 2026-08-21),Carbonation; Glass bottle; Soda,,,Inquire about Minimums,SQF,
Independence Brew Pub,Independence,OR,https://www.p45brewing.com/,503-359-9279,Ryan@p45brewing.com,https://www.oregon.gov/odaroadmap/operations/pages/pnw-co-packer-locator.aspx,Oregon ODA PNW Co-packer Locator (fetched 2026-08-21),Aluminum Can; Beer; Non-alcoholic Beverages; Mobile canning,beverage; can; canning,,Low,,
Essential Wholesale & Labs,Portland,OR,https://essentiallabs.com/pages/private-labeling,503-917-0887,contactus@essentiallabs.com,https://www.oregon.gov/odaroadmap/operations/pages/pnw-co-packer-locator.aspx,Oregon ODA PNW Co-packer Locator (fetched 2026-08-21),Cosmetics; skincare; Shampoo; Health & beauty,,,Inquire about Minimums,,
Conan's Hot Sauces & Marinadres LLC,Vancouver,WA,,360-718-8961,conansjuju@gmail.com,https://www.oregon.gov/odaroadmap/operations/pages/pnw-co-packer-locator.aspx,Oregon ODA PNW Co-packer Locator (fetched 2026-08-21),Dry Blending; Shelf stable; Acidified Food,acidified; dry-blend,,Inquire about Minimums,,
Northwest Gourmet Foods,Renton,WA,https://www.nwgourmetfoods.com/pages/services,425-793-5001,https://www.nwgourmetfoods.com/pages/contact,https://www.oregon.gov/odaroadmap/operations/pages/pnw-co-packer-locator.aspx,Oregon ODA PNW Co-packer Locator (fetched 2026-08-21),Sauces; Salad dressing; Soup,sauce; sauces,sauce/condiment,Inquire about Minimums,SQF; Organic; Kosher,
Del Rio Vineyards,Gold Hill,OR,https://delriovineyards.com/,541-855-2062,jm@delriovineyards.com,https://www.oregon.gov/odaroadmap/operations/pages/pnw-co-packer-locator.aspx,Oregon ODA PNW Co-packer Locator (fetched 2026-08-21),Wine,,,Inquire about Minimums,,
Oregon Brineworks,Hood River,OR,https://oregonbrineworks.com/,541-354-1357,oregonbrineworks@gmail.com,https://www.oregon.gov/odaroadmap/operations/pages/pnw-co-packer-locator.aspx,Oregon ODA PNW Co-packer Locator (fetched 2026-08-21),Fermentation; Pickles; Sauerkraut,,,Low,,
Helsman Pilot Plant,Portland,OR,https://helmsmangroup.com/services/pilot-plant/,510-671-8300,mark@helmsmangroup.com,https://www.oregon.gov/odaroadmap/operations/pages/pnw-co-packer-locator.aspx,Oregon ODA PNW Co-packer Locator (fetched 2026-08-21),Pilot plant,,,Inquire about Minimums,,
Ralenti Pasta,Portland,OR,https://www.rallentipasta.com/,503-702-7001,adam@rallentipasta.com,https://www.oregon.gov/odaroadmap/operations/pages/pnw-co-packer-locator.aspx,Oregon ODA PNW Co-packer Locator (fetched 2026-08-21),Pasta,,,Inquire about Minimums,Gluten Free; Organic; 3rd-Party Audits,
Jima Food Manufacturing & Packaging LLC DBA Pride of the West,Vancouver,WA,https://prideofthewest.com/pages/custom-packing-filling,360-694-4976,falgun@prideofthewest.com,https://www.oregon.gov/odaroadmap/operations/pages/pnw-co-packer-locator.aspx,Oregon ODA PNW Co-packer Locator (fetched 2026-08-21),Dry Blending; Dry Ingredients,dry-blend,,Low,Gluten Free,
Merino's,Westport,WA,https://merinoseafoods.com/,360-268-5009,https://merinoseafoods.com/contact-merinos/,https://www.oregon.gov/odaroadmap/operations/pages/pnw-co-packer-locator.aspx,Oregon ODA PNW Co-packer Locator (fetched 2026-08-21),Canning; Seafood,can; canning; seafood,,Low,,
Solida Labs,Eugene,OR,https://www.solida-labs.com/pages/solida-labs-i-co-packing,541-321-6705,https://www.solida-labs.com/pages/solida-labs-co-pack-contact-form,https://www.oregon.gov/odaroadmap/operations/pages/pnw-co-packer-locator.aspx,Oregon ODA PNW Co-packer Locator (fetched 2026-08-21),Gummies; Topicals; Bottles; Packaging; CBD,,,Inquire about Minimums,,
Premium Growers LLC,Salem,OR,https://premiumgrowers.com/,503-592-7176,bob@premiumgrowers.com,https://www.oregon.gov/odaroadmap/operations/pages/pnw-co-packer-locator.aspx,Oregon ODA PNW Co-packer Locator (fetched 2026-08-21),Hazelnuts; Chocolate Covered hazelnuts; Boba Pearls; Popcorn,chocolate,,Inquire about Minimums,,
Rikki Gourmet Foods,Woodinville,WA,https://www.rikkiusa.com/,425-881-6881,info@rikkiusa.com,https://www.oregon.gov/odaroadmap/operations/pages/pnw-co-packer-locator.aspx,Oregon ODA PNW Co-packer Locator (fetched 2026-08-21),Sauces,sauce; sauces,sauce/condiment,Inquire about Minimums,SQF,
Pan's Mushroom Jerky,Portland,OR,https://www.mushroomjerky.com/,,hello@mushroomjerky.com,https://www.oregon.gov/odaroadmap/operations/pages/pnw-co-packer-locator.aspx,Oregon ODA PNW Co-packer Locator (fetched 2026-08-21),Frying,,,Inquire about Minimums,3rd-Party Audits,
Tao of Tea,Portland,OR,https://taooftea.com/tao-brewery/,503-975-8327,veerinder@taooftea.com,https://www.oregon.gov/odaroadmap/operations/pages/pnw-co-packer-locator.aspx,Oregon ODA PNW Co-packer Locator (fetched 2026-08-21),Dry Ingredients; Dry Powder Blends; Tea,blend,,Low,Organic,
Vern's,Olympia,WA,https://southsoundfresh.localfoodmarketplace.com/Producer/a4c6a441-7aca-4e71-abde-eb378ea13a2c,360-870-2040,vernsfoods@gmail.com,https://www.oregon.gov/odaroadmap/operations/pages/pnw-co-packer-locator.aspx,Oregon ODA PNW Co-packer Locator (fetched 2026-08-21),Soup; Dressings,,sauce/condiment,Inquire about Minimums,,
Yellow Emperor,Eugene,OR,https://yellowemperor.com/,,newprojects@yellowemperor.com,https://www.oregon.gov/odaroadmap/operations/pages/pnw-co-packer-locator.aspx,Oregon ODA PNW Co-packer Locator (fetched 2026-08-21),Dietary Supplements,,,"2,500 units",NSF; GMP; Organic; Halal,
Quality Harvest Foods Corp,Portland,OR,https://qualityharvestfoods.com/,503-252-3006,"contact form - https://qualityharvestfoods.com/contact/ - this goes to CEO, and customer service",https://www.oregon.gov/odaroadmap/operations/pages/pnw-co-packer-locator.aspx,Oregon ODA PNW Co-packer Locator (fetched 2026-08-21),Baked goods; Bars; Breadsticks,,,"50,000 cases per year",BRCGS; FDA,
Cuesta Springs Ice Company,Spokane,WA,www.cuestaspringsice.com,509-328-2070,thorzen@cuestaspringsice.com,https://www.oregon.gov/odaroadmap/operations/pages/pnw-co-packer-locator.aspx,Oregon ODA PNW Co-packer Locator (fetched 2026-08-21),Packaged ice,,,,NSF,
"Lukens Farms Inc, DBA Grace Harbor Farms",Custer,WA,https://www.graceharborfarms.com/,360-366-4151,david@graceharborfarms.com,https://www.oregon.gov/odaroadmap/operations/pages/pnw-co-packer-locator.aspx,Oregon ODA PNW Co-packer Locator (fetched 2026-08-21),Milk; Yogurt; Kefir; Gelato; Cultured buttermilk; Goat milk; Goat cheese; Goat yogurt,,,70 gallons,Organic,
"Encore Cider, LLC",Seattle,WA,https://republicofcider.com/incubator,206-504-6604,george@republicofcider.com,https://www.oregon.gov/odaroadmap/operations/pages/pnw-co-packer-locator.aspx,Oregon ODA PNW Co-packer Locator (fetched 2026-08-21),Hard Cider; Non-alcoholic Beverages; Sine,beverage,,,,
OOLA Industries,Seattle,WA,http//www.ooladistillery.com,206-709-7909,kirby@ooladistillery.com,https://www.oregon.gov/odaroadmap/operations/pages/pnw-co-packer-locator.aspx,Oregon ODA PNW Co-packer Locator (fetched 2026-08-21),1 liter bottling; 750ml bottling; Distilling,bottling,,1 pallet,,
Brown Sugar Baking Company,Seattle,WA,www.brownsugarbakingcompany.com,206-556-0749,brownsugarbaking@live.com,https://www.oregon.gov/odaroadmap/operations/pages/pnw-co-packer-locator.aspx,Oregon ODA PNW Co-packer Locator (fetched 2026-08-21),Baked goods,,,Low,Certified Vegan; Gluten Free,
Commodities Plus Inc.,Vancouver,WA,https://commoditiesplus.net/,216-798-5121,nvanhorn@commoditiesplus.net,https://www.oregon.gov/odaroadmap/operations/pages/pnw-co-packer-locator.aspx,Oregon ODA PNW Co-packer Locator (fetched 2026-08-21),Dry Ingredients; Dry Powder Blends; Dry Blending; Flour,dry-blend,,Inquire about Minimums,SQF; Kosher; Halal,
Catalyst Foods Inc,Sumner,WA,http://www.catalyst-foods.com/,415-613-4572,info@catalyst-foods.com,https://www.oregon.gov/odaroadmap/operations/pages/pnw-co-packer-locator.aspx,Oregon ODA PNW Co-packer Locator (fetched 2026-08-21),Bulk proteins; Ready to eat meals; Scratch made packaged items,,,,3rd-Party Audits; USDA; NSF; HACCP; PCQI,
Pasta Fresh,Redmond,WA,www.pastafresh.com,425-333-2058,mark@pastafresh.com,https://www.oregon.gov/odaroadmap/operations/pages/pnw-co-packer-locator.aspx,Oregon ODA PNW Co-packer Locator (fetched 2026-08-21),Fresh pasta; Pasta; Dry pasta; Gnocchi products; Ravioli,,,,Organic; FDA,
Sweetmarie dba Marie's Bees,Ferndale,WA,https://mariesbees.com/,360-224-2387,marisapapetti@gmail.com,https://www.oregon.gov/odaroadmap/operations/pages/pnw-co-packer-locator.aspx,Oregon ODA PNW Co-packer Locator (fetched 2026-08-21),Chocolate; Enrobed; Vinegars,chocolate,,Inquire about Minimums,,
"Enfield Farms, Inc.",Lynden,WA,http://www.enfieldfarms.com/,360-354-3019,info@enfieldfarms.com,https://www.oregon.gov/odaroadmap/operations/pages/pnw-co-packer-locator.aspx,Oregon ODA PNW Co-packer Locator (fetched 2026-08-21),Fruit,,,Inquire about Minimums,Non-GMO; SQF; Kosher; Sysco's Sustainable Agriculture program ; Organic,
Forte Chocolate,Mount Vernon,WA,www.fortechocolates.com,360-913-1604,karen@fortechocolates.com,https://www.oregon.gov/odaroadmap/operations/pages/pnw-co-packer-locator.aspx,Oregon ODA PNW Co-packer Locator (fetched 2026-08-21),Chocolate,chocolate,,Inquire about Minimums,,
"Rainy Day Bees, LLC",Shoreline,WA,www.rainydaybees.com,206-519-8505,peter@rainydaybees.com,https://www.oregon.gov/odaroadmap/operations/pages/pnw-co-packer-locator.aspx,Oregon ODA PNW Co-packer Locator (fetched 2026-08-21),Honey; Flavored honey; Pollen freeze drying,,,,,
RichlandHub,Vancouver,WA,http://www.richlandhub.com/,360-672-7077,bonnym@richlandhub.com,https://www.oregon.gov/odaroadmap/operations/pages/pnw-co-packer-locator.aspx,Oregon ODA PNW Co-packer Locator (fetched 2026-08-21),Coffee Roasting,,,,Organic,
Vibe Coffee Group Inc.,Lynnwood,WA,www.whidbeycoffee.com,425-322-4524,dan@vibecoffeegroup.com,https://www.oregon.gov/odaroadmap/operations/pages/pnw-co-packer-locator.aspx,Oregon ODA PNW Co-packer Locator (fetched 2026-08-21),Coffee Roasting,,,Inquire about Minimums,,
Willamette Valley Fruit Company,Salem,OR,https://oregonpotato.com/companies/willamette-valley-fruit-company/,503-586-2203,derek@wvfco.com,https://www.oregon.gov/odaroadmap/operations/pages/pnw-co-packer-locator.aspx,Oregon ODA PNW Co-packer Locator (fetched 2026-08-21),IQF; Bag & Fill; Sieve puree,,,,Organic; SQF; Kosher,
Partners a Tasteful Choice Company,Seatac,WA,http://www.partnerscrackers.com/,,caraf@partnerscrackers.com,https://www.oregon.gov/odaroadmap/operations/pages/pnw-co-packer-locator.aspx,Oregon ODA PNW Co-packer Locator (fetched 2026-08-21),Crackers; Brazilian cheese bread; Flat bread crackers,,,Inquire about Minimums,BRCGS; Organic; Non-GMO; Gluten Free; Kosher,
"Watkins Farm Foods, Inc. DBA Almond Blossom Roasted Nuts",Cashmere,WA,http://www.shopalmondblossom.com/,509-888-3857,Info@shopalmondblossom.com,https://www.oregon.gov/odaroadmap/operations/pages/pnw-co-packer-locator.aspx,Oregon ODA PNW Co-packer Locator (fetched 2026-08-21),Dried Fruit; Nuts,,,$200,,
KombuchaLuv,Centralia,WA,www.KombuchaLuv.com,360-860-8573,Biz@kombuchaluv.com,https://www.oregon.gov/odaroadmap/operations/pages/pnw-co-packer-locator.aspx,Oregon ODA PNW Co-packer Locator (fetched 2026-08-21),Popcorn; Barbecue sauce; Kombucha; Maple syrup; Freeze dried candy; Puffcorn,sauce,sauce/condiment,,,
La Parisienne Sandwich LLC,Fife,VA,,253-281-3273,simo59143@gmail.com,https://www.oregon.gov/odaroadmap/operations/pages/pnw-co-packer-locator.aspx,Oregon ODA PNW Co-packer Locator (fetched 2026-08-21),Fruit cups; Parfaits; Sandwiches; School meals,,,,,locator state field reads VA; city Fife is in WA
Salty Sailors' Smokehouse,Poulsbo,WA,www.Crimsoncove.com,360-598-2683,Brad@crimsoncove.com,https://www.oregon.gov/odaroadmap/operations/pages/pnw-co-packer-locator.aspx,Oregon ODA PNW Co-packer Locator (fetched 2026-08-21),Smoked salmon; Smoked nuts; Smoked cheese; Smoked sea salt; Oil,,,,HACCP,
UniSea Cold Storage,Redmond,WA,www.unisea.com,425-448-0165,victor.mesa@unisea.com,https://www.oregon.gov/odaroadmap/operations/pages/pnw-co-packer-locator.aspx,Oregon ODA PNW Co-packer Locator (fetched 2026-08-21),Seafood; Vacuum packaging seafood fillets and steaks,seafood,,,SQF,
"Northern Fish Products, Inc.",Tacoma,WA,www.northernfish.com,253-592-6311,rswanes@northernfish.com,https://www.oregon.gov/odaroadmap/operations/pages/pnw-co-packer-locator.aspx,Oregon ODA PNW Co-packer Locator (fetched 2026-08-21),Smoked salmon,,,1000 lbs.,SQF; Kosher; HACCP,
CinnAGirls,Centralia,WA,,360-388-7035,Robyneh1@yahoo.com,https://www.oregon.gov/odaroadmap/operations/pages/pnw-co-packer-locator.aspx,Oregon ODA PNW Co-packer Locator (fetched 2026-08-21),Breakfast sandwiches; Quiche turkey pesto,,,,,
"Movie Style Popcorn, Inc.",Spokane,WA,,509-220-5460,moviestylepopcorn@gmail.com,https://www.oregon.gov/odaroadmap/operations/pages/pnw-co-packer-locator.aspx,Oregon ODA PNW Co-packer Locator (fetched 2026-08-21),Caramel Corn; Popcorn; Snack Foods,snacks,,Inquire about Minimums,,
Forcehtta Pasta,Seattle,WA,http://www.forchettapasta.com/,425-221-4117,mike@forchettapasta.com,https://www.oregon.gov/odaroadmap/operations/pages/pnw-co-packer-locator.aspx,Oregon ODA PNW Co-packer Locator (fetched 2026-08-21),Fresh pasta; Gnocchi products,,,200 lbs.,,
Northwest Expressions,Shelton,WA,https://nwexpressions.com/pages/co-paking,360-229-0976,bonnie@nwexpressions.com,https://www.oregon.gov/odaroadmap/operations/pages/pnw-co-packer-locator.aspx,Oregon ODA PNW Co-packer Locator (fetched 2026-08-21),Brittle; Chocolate; Chocolate bar coating; Cookies; Popcorn; Toffee; Flo wrapping,chocolate,,Inquire about Minimums,FDA,
Northwest Co-Packing,Seattle,WA,http://www.nwcopack.com/,206-920-9048,nick@nwcopack.com,https://www.oregon.gov/odaroadmap/operations/pages/pnw-co-packer-locator.aspx,Oregon ODA PNW Co-packer Locator (fetched 2026-08-21),Coffee Roasting; Portion packs; K-Cup; Toll roasting,,,Low,,
Golden Glen Creamery,Bow,WA,http://www.goldenglencreamry.com/,360-766-6455,info@goldenglencreamery.com,https://www.oregon.gov/odaroadmap/operations/pages/pnw-co-packer-locator.aspx,Oregon ODA PNW Co-packer Locator (fetched 2026-08-21),Cheese,,,,USDA,
Whidbey Island Seafood Company LLC,Oak Harbor,WA,http://www.whidbeyseafoods.com/,360-320-3286,sales@whidbeyseafood.com,https://www.oregon.gov/odaroadmap/operations/pages/pnw-co-packer-locator.aspx,Oregon ODA PNW Co-packer Locator (fetched 2026-08-21),Custom seafood smoking; Seafood processing,seafood,,,USDA,
K'ul Chocolate,Bellingham,WA,www.kulchocolate.com,877-342-2452,paul@kulchocolate.com,https://www.oregon.gov/odaroadmap/operations/pages/pnw-co-packer-locator.aspx,Oregon ODA PNW Co-packer Locator (fetched 2026-08-21),Chocolate; Chocolate bar coating; Chocolate manufacturing,chocolate,,"5,000 lbs.",GMP; Kosher; Organic,
Crescent Specialty Foods Inc.,Everett,WA,http://www.csf1.com/,425-212-5832,info@csf1.com,https://www.oregon.gov/odaroadmap/operations/pages/pnw-co-packer-locator.aspx,Oregon ODA PNW Co-packer Locator (fetched 2026-08-21),Dry beans; Lentils; Plastic Jars; Glass Jars,,,,,
Blue Ocean Tea Co. Inc.,Bellingham,WA,http://www.blueoceantea.com/,778-882-8737,markarathoon@blueoceantea.com,https://www.oregon.gov/odaroadmap/operations/pages/pnw-co-packer-locator.aspx,Oregon ODA PNW Co-packer Locator (fetched 2026-08-21),Tea; Dried beverages; Powder filling,beverage,,,Kosher; SQF; Organic,
"Cascade Range, LLC",Burlington,WA,,360-631-8203,cascaderangellc@gmail.com,https://www.oregon.gov/odaroadmap/operations/pages/pnw-co-packer-locator.aspx,Oregon ODA PNW Co-packer Locator (fetched 2026-08-21),Hot Fill; Hot Pack; Granola; Powder filling; Jams; Sauces; Nut butters; Syrups,hot-fill; sauce; sauces,hot-fill; sauce/condiment,Low,,
Ocean's Kitchen,Kent,WA,http://www.oceanskitchen.us/,206-880-9624,sam@oceanskitchen.us,https://www.oregon.gov/odaroadmap/operations/pages/pnw-co-packer-locator.aspx,Oregon ODA PNW Co-packer Locator (fetched 2026-08-21),Kanikama (Imitation Crabmeat),meat,,,BRCGS,
Feral Fungi,Estacada,OR,www.feralfungi.com,410-459-2293,orders@feralfungi.com,https://www.oregon.gov/odaroadmap/operations/pages/pnw-co-packer-locator.aspx,Oregon ODA PNW Co-packer Locator (fetched 2026-08-21),Tinctures,,,Inquire about Minimums,,
Premier Packing,Lynden,WA,http://www.premier-packing.com/,,sales@premier-packing.com,https://www.oregon.gov/odaroadmap/operations/pages/pnw-co-packer-locator.aspx,Oregon ODA PNW Co-packer Locator (fetched 2026-08-21),Seafood; Seafood processing,seafood,,,BRCGS; HACCP; Kosher,
Monterosso Coffee Roasters,Shelton,WA,http://www.monterossocoffee.com/,425-770-6873,LEOVARDO95@YAHOO.COM,https://www.oregon.gov/odaroadmap/operations/pages/pnw-co-packer-locator.aspx,Oregon ODA PNW Co-packer Locator (fetched 2026-08-21),Dry packaging; Dry Ingredients,,,,FDA,
Seattle Gummy Company,Renton,WA,https://seattlegummy.com/,206-257-0464,BFitch@seattlegummy.com,https://www.oregon.gov/odaroadmap/operations/pages/pnw-co-packer-locator.aspx,Oregon ODA PNW Co-packer Locator (fetched 2026-08-21),Gummies,,,,NSF; FDA; GMP,
"Cole Adventures, LLC dba Mima's Famous Salsa",Wenatchee,WA,https://www.mimasfamoussalsa.com/,360-621-4537,Mima@MimasFamousSalsa.com,https://www.oregon.gov/odaroadmap/operations/pages/pnw-co-packer-locator.aspx,Oregon ODA PNW Co-packer Locator (fetched 2026-08-21),Sauces; Liquid based products,sauce; sauces,sauce/condiment,Inquire about Minimums,,
CB's Nuts,Hansville,WA,http://www.cbsnuts.com/,206-372-6842,tami@cbsnuts.com,https://www.oregon.gov/odaroadmap/operations/pages/pnw-co-packer-locator.aspx,Oregon ODA PNW Co-packer Locator (fetched 2026-08-21),Peanut butter; Peanuts,,,1 pallet,Non-GMO; Organic; Kosher,
Eagle Beverage Products,Kent,WA,WWW.EAGLE-BEVERAGE.COM,208-818-9709,JGLUHAK@EAGLEBEVERAGE.COM,https://www.oregon.gov/odaroadmap/operations/pages/pnw-co-packer-locator.aspx,Oregon ODA PNW Co-packer Locator (fetched 2026-08-21),Smoothie bases; Syrups; Powder filling; Espresso syrups; Non-Alcoholic bar mixes; Non-alcoholic spirits,,,150 gallons per sku,SQF,
Motovotano LLC,Anacortes,WA,http://www.motovotano.com/,360-399-1096,james@motovotano.com,https://www.oregon.gov/odaroadmap/operations/pages/pnw-co-packer-locator.aspx,Oregon ODA PNW Co-packer Locator (fetched 2026-08-21),Tea; Blending of Dry Mixes,blend,,"5,000 tea bags per sku",GMP,
Pizza Commissary - The Dough Factory,Sumner,WA,http://www.pizzacommissary.com/,253-921-2131,info@pizzacommissary.com,https://www.oregon.gov/odaroadmap/operations/pages/pnw-co-packer-locator.aspx,Oregon ODA PNW Co-packer Locator (fetched 2026-08-21),Pizza dough,,,100 cases,FDA,
Blue Bike Foods,Bellingham,WA,https://bluebikefoods.com/,360-798-3696,zacf@erinbakers.com,https://www.oregon.gov/odaroadmap/operations/pages/pnw-co-packer-locator.aspx,Oregon ODA PNW Co-packer Locator (fetched 2026-08-21),Granola; Nuts; Bar Mixes; Cookies; Snack Foods,snacks,,Inquire about Minimums,Non-GMO; Organic,
Tillamook Bay Cannery,Tillamook,OR,https://tillamookbaycannery.com/,503-812-6911,ccoon1675@gmail.com,https://www.oregon.gov/odaroadmap/operations/pages/pnw-co-packer-locator.aspx,Oregon ODA PNW Co-packer Locator (fetched 2026-08-21),Canning,can; canning,,Inquire about Minimums,HACCP; GMP,
"Ryan Hersey Enterprises, Inc DBA Penny's Salsa & Fresh Produce",Sumner,WA,https://pennyssalsa.com/food-service-products/?Industrial,253-850-1856,dusty@pennyssalsa.com,https://www.oregon.gov/odaroadmap/operations/pages/pnw-co-packer-locator.aspx,Oregon ODA PNW Co-packer Locator (fetched 2026-08-21),Cut Vegetables; Cut Fruits; Salsas,salsa,sauce/condiment,,HACCP; 3rd-Party Audits; Global GAP; Non-GMO,
PNW Creamery,Albany,OR,http://www.pnwcreamery.com/,503-930-9993,tyler@crystalcreekusa.com,https://www.oregon.gov/odaroadmap/operations/pages/pnw-co-packer-locator.aspx,Oregon ODA PNW Co-packer Locator (fetched 2026-08-21),Frozen Dessert Production; Milk; Ice Cream; Ice cream mixes; Plastic Jars; Glass Jars,frozen,,Low,,
Ranger Chocolate Co.,Portland,OR,https://rangerchocolate.co/,5032068924,g@rangerchocolate.com,https://www.oregon.gov/odaroadmap/operations/pages/pnw-co-packer-locator.aspx,Oregon ODA PNW Co-packer Locator (fetched 2026-08-21),Chocolate; Confections; Granola; Sauces,chocolate; confection; sauce; sauces,sauce/condiment,Inquire about Minimums,NSF,
Southern Classic Food Group,Brundidge,AL,https://www.southernclassicfood.com/,334-735-3400,quality@southernclassicfood.com,https://www.pickyourown.org/copackers-Alabama.php,PickYourOwn.org Alabama Co-Packers (fetched 2026-08-21),,beverage,,,,
HNO Blending Solutions,Fordyce,AR,https://www.hnoblending.com,(870) 352-3189,info@hnoblending.com,https://www.pickyourown.org/copackers-Arkansas.php,PickYourOwn.org Arkansas Co-Packers (fetched 2026-08-21),"Product development services, Recipe development, Packaging, Acidified canning, Hot packing, Glass, Plastic, Paper, Scale-up recipes, We can file forms and paperwork, We can source (find) ingredients, We can source (find) packaging, Private labeling, Larger volumes only",acidified; canning,,,,Larger volumes only
"Coyote Kitchen, Inc.",Phoenix,AZ,https://www.coyotekitchen.net/,(602) 420-9337,,https://www.pickyourown.org/copackers-Arizona.php,PickYourOwn.org Arizona Co-Packers (fetched 2026-08-21),,,,,,
AZPACK,Tempe,AZ,https://azpack.com/,480-449-7770,,https://www.pickyourown.org/copackers-Arizona.php,PickYourOwn.org Arizona Co-Packers (fetched 2026-08-21),,canning,,,kosher; halal; Non-GMO,
Mad Wills Food Company,Auburn,CA,https://www.madwills.com,(530) 823-8527,scott@madwills.com,https://www.pickyourown.org/copackers-California.php,PickYourOwn.org California Co-Packers (fetched 2026-08-21),"Product development services, Recipe development, Dry shelf storage, Hot packing, Cold packing, CERTIFIED ORGANIC , Glass, Plastic, Scale-up recipes, We can source (find) ingredients, We can source (find) packaging, Private labeling, We specialize in small and start-ups, Free Consulting services",sauces,sauce/condiment,,organic,
"California Spice Basket, Inc.",Burlingame,CA,https://www.caspicebasket.com/,(650) 771-6100,dana@caspicebasket.com,https://www.pickyourown.org/copackers-California.php,PickYourOwn.org California Co-Packers (fetched 2026-08-21),"Product development services, Recipe development, Business development consulting services, Packaging, Dry shelf storage, Kosher, Nut-free facility, Plastic, Metal, Paper, Scale-up recipes, We can file forms and paperwork, We can source (find) ingredients, We can source (find) packaging, Private labeling, We specialize in small and start-ups, Free Consulting services",dairy,,,kosher; nut-free,
Nimiano Spices Inc,Chatsworth,CA,,(310) 210-6365,sales@nimiano.com,https://www.pickyourown.org/copackers-California.php,PickYourOwn.org California Co-Packers (fetched 2026-08-21),"Packaging, Distributor, Dry shelf storage, Glass, Plastic, Scale-up recipes, We can source (find) ingredients, We can source (find) packaging, Private labeling, We specialize in small and start-ups",,,,,Specializes in small and start-ups
Proculinary Kitchens,Clovis,CA,http://www.pro-culinary.com/,(559) 213-4698,geospice@gmail.com,https://www.pickyourown.org/copackers-California.php,PickYourOwn.org California Co-Packers (fetched 2026-08-21),"Proculinary Kitchens - Copacker, Commercial kitchen, Incubator, Product development services, Recipe development, Business development consulting services, Bakery, Low acid canning, Hot packing, Glass, Plastic, We can file forms and paperwork, We specialize in small and start-ups, Paid Consulting services",bakery; canning,,,,shared kitchen; Specializes in small and start-ups
The Osso Good Co.,Fresno,CA,https://www.ossogoodbones.com,,hello@ossogoodbones.com,https://www.pickyourown.org/copackers-California.php,PickYourOwn.org California Co-Packers (fetched 2026-08-21),Commercial kitchen,sauces,sauce/condiment,,BRC; organic; USDA,shared kitchen
Tender Heifer Snack Co.,Hemet,CA,https://tenderheifersnackco.com/,(925) 448-7778,patti@smokehousejerkyco.com,https://www.pickyourown.org/copackers-California.php,PickYourOwn.org California Co-Packers (fetched 2026-08-21),"Product development services, Recipe development, Packaging, Drop-shipper, Distributor, Nut-free facility, Plastic, Scale-up recipes, Scale-up recipes, We can source (find) ingredients, We can source (find) packaging, Private labeling, We specialize in small and start-ups",snacks; jerky,,,nut-free,
Sweet Shell Enterprises LLC,Las Vegas,CA,,(702) 337-8702,sal@sweetshellco.com,https://www.pickyourown.org/copackers-Nevada.php,PickYourOwn.org Nevada Co-Packers (fetched 2026-08-21),for pet foods,,,,,
Universal Pure,Mira Loma,CA,https://www.universalpure.com,(951) 582-3828,sales@universalpure.com,https://www.pickyourown.org/copackers-California.php,PickYourOwn.org California Co-Packers (fetched 2026-08-21),"Refrigerated storage, Cold packing, Plastic, Other Larger volumes only",HPP; beverage; bottling,HPP,,,Larger volumes only; review: contradiction — see copackers-review.md
Minimus Products LLC,Newbury Park,CA,http://www.minimusproducts.biz,(805) 376-6352,,https://www.pickyourown.org/copackers-California.php,PickYourOwn.org California Co-Packers (fetched 2026-08-21),contract packager,beverage,,,organic; kosher; FDA,
Cross Roots Juice,San Diego,CA,https://www.crossrootsjuice.com,(858) 245-1678,adam@crossrootsjuice.com,https://www.pickyourown.org/copackers-California.php,PickYourOwn.org California Co-Packers (fetched 2026-08-21),"Product development services, QA/QC Product testing services, Recipe development, Business development consulting services, Refrigerated storage, Freezer storage, Dry shelf storage, Glass, Plastic, Scale-up recipes, Scale-up recipes, We can source (find) ingredients, We can source (find) packaging, Private labeling, Business services, Other We specialize in small and start-ups, Free Consulting services, Paid Consulting services",,,,,Specializes in small and start-ups
Sae Kitchen,San Marcos,CA,https://www.saekitchen.com,(619) 851-2904,,https://www.pickyourown.org/copackers-California.php,PickYourOwn.org California Co-Packers (fetched 2026-08-21),"Sae Kitchen - Copacker, Commercial kitchen, Incubator, Product development services, QA/QC Product testing services, Recipe development, Business development consulting services, Refrigerated storage, Freezer storage, Dry shelf storage, Glass, Plastic, Paper, We can file forms and paperwork, We can source (find) ingredients, We can source (find) packaging, Private labeling, Business services, We specialize in small and start-ups, Free Consulting services, Paid Consulting services",,,,,shared kitchen
My Green Network,Santa Ana,CA,https://www.mygreennetwork.com,(323) 488-3314,contact@mygreennetwork.com,https://www.pickyourown.org/copackers-California.php,PickYourOwn.org California Co-Packers (fetched 2026-08-21),"Commercial kitchen, Incubator, Product development services, Packaging, Distributor, Refrigerated storage, Freezer storage, Dry shelf storage, Bakery, Hot packing, Cold packing, Glass, Plastic, Metal, Paper, Scale-up recipes, Scale-up recipes, We can file forms and paperwork, We can source (find) ingredients, We can source (find) packaging, Private labeling, Business services, Other We specialize in small and start-ups, Free Consulting services, Paid Consulting services",bakery,,,,shared kitchen
Gramercy Bakery LLC,Torrance,CA,https://gramercybakery.com,(310) 787-8028,sales@gramercybakery.com,https://www.pickyourown.org/copackers-California.php,PickYourOwn.org California Co-Packers (fetched 2026-08-21),"Bakery, Kosher, CERTIFIED ORGANIC , Plastic, We can source (find) ingredients, Private labeling",bakery,,,organic; kosher,
Superr Store Industries,Turlock,CA,https://www.ssica.com,(209) 664-3241,aescobar@ssica.com,https://www.pickyourown.org/copackers-California.php,PickYourOwn.org California Co-Packers (fetched 2026-08-21),"Product development services, Recipe development lab testing services, Distributor, Larger volumes only",dairy; beverage,,,,Larger volumes only
Pure Co-Packing/Earth Source Organics,Vista,CA,,(760) 734-1867,,https://www.pickyourown.org/copackers-California.php,PickYourOwn.org California Co-Packers (fetched 2026-08-21),"Product development services, Packaging, Drop-shipper, Refrigerated storage, Freezer storage, Dry shelf storage, Kosher, CERTIFIED ORGANIC , Nut-free facility, We can file forms and paperwork, We can source (find) ingredients, We can source (find) packaging, Private labeling, We specialize in small and start-ups, Paid Consulting services",chocolate,,,organic; kosher; nut-free; gluten-free,Specializes in small and start-ups
The Spice Guy,Aurora,CO,https://www.thespiceguyco.com,(303) 482-1620,zach@thespiceguyco.com,https://www.pickyourown.org/copackers-Colorado.php,PickYourOwn.org Colorado Co-Packers (fetched 2026-08-21),"Product development services, Recipe development lab testing services, Larger volumes only, Free Consulting services, Paid Consulting services",acidified; sauces,sauce/condiment,Spices: 250 lbs Acidified Foods: 50 gallons,FDA; USDA,Contact: Zach
"Foremother Foods, LLC",Boulder,CO,https://www.picaflor.co/,(720) 442-3816,picaflorculture@gmail.com,https://www.pickyourown.org/copackers-Colorado.php,PickYourOwn.org Colorado Co-Packers (fetched 2026-08-21),"Cheese, dressings/pickles/sauces, field crops, flavorings, extracts, syrups, fruits, vegetables, grains, nuts, seeds, juices, milk, oils, potato chips, soft drinks, canned specialties, frozen specialties, vacuum-packed specialties, spices, condiments, tea | Picaflor Fermented Pepper Sauce & Flakes",frozen; sauces,sauce/condiment,"500 lb. raw processing batch minimum, 300 lb. bulk fermentation batch minimum, 50 lb. dehydration batch minimum. High-touch, small batch processing may be available upon request.",,Contact: Marcus McCauley
The Kitchen Coop,Broomfield,CO,http://www.the-kitchen-coop.com/features/co-manufacturing/,(303) 330-0295,info@the-kitchen-coop.com,https://www.pickyourown.org/copackers-Colorado.php,PickYourOwn.org Colorado Co-Packers (fetched 2026-08-21),,,,,gluten-free; kosher; FDA; USDA; Non-GMO,Contact: Jeff Greenburg
Rocky Mountain Gourmet Food Company,Castle Rock,CO,https://www.facebook.com/RockyMountainGourmetFoodCompany,720-470-3637,toddj@rockymountaingourmetfoodcompany.com,https://www.pickyourown.org/copackers-Colorado.php,PickYourOwn.org Colorado Co-Packers (fetched 2026-08-21),"Dressings/Pickles/Sauces, Flavoring, Extracts and Syrups, Spices and Condiments | Sauces, Seasonings",sauces; salsa,sauce/condiment,,,Contact: Todd Jilbert
Western Innovations Inc.,Castle Rock,CO,http://westerninnovationsinc.com/,(303) 307-4500,chris@yumbanashoppe.com,https://www.pickyourown.org/copackers-Colorado.php,PickYourOwn.org Colorado Co-Packers (fetched 2026-08-21),Copacker,bakery; frozen; sauces,sauce/condiment,Short runs are welcome. Specific quantities determined for each product,organic; gluten-free,
Yumbana LLC,Castle Rock,CO,http://yumbanashoppe.com,303-957-8175,chris@yumbana.com,https://docs.google.com/spreadsheets/d/e/2PACX-1vTA82aZVxeliPx-7GKPe7UKKzNEvBS9jN1dqVN-U1jqUXflespT9AdkVYHek7RlyVZT68pBUrjIycL3/pub?gid=560248172&single=true&output=csv,"Colorado Co-Pack Directory (public Google Sheet gid=560248172, fetched 2026-08-21)","Bread/Cakes, Cookies/Crackers, Grains/Nuts/Seeds, Icings, Bars, Frozen Specialties",bakery; frozen,,,gluten-free,"Contact: Christopher Lehn; Gourmet Gluten-Free, Soy-Free bakery. Licensed, 3rd party certified, insured and exclusively Gluten-Free."
C Vision,Colorado Springs,CO,http://visionfoodsllc.com,719-459-3308,geoff@visionfoodsllc.com,https://docs.google.com/spreadsheets/d/e/2PACX-1vTA82aZVxeliPx-7GKPe7UKKzNEvBS9jN1dqVN-U1jqUXflespT9AdkVYHek7RlyVZT68pBUrjIycL3/pub?gid=560248172&single=true&output=csv,"Colorado Co-Pack Directory (public Google Sheet gid=560248172, fetched 2026-08-21)",,,,,,Contact: Geoff Hyche
Mineralife Nutraceuticals LLC,Colorado Springs,CO,https://www.mylabelcbd.com,(719) 219-8111,customerservice@mineralifeonline.com,https://www.pickyourown.org/copackers-Colorado.php,PickYourOwn.org Colorado Co-Packers (fetched 2026-08-21),"Dietary supplements | Liquid Vitamins, Soft Gels",,,,FDA,Contact: Steve Malsom
"Mission Coffee Roasters, Inc.",Colorado Springs,CO,https://www.missioncoffeeroasters.com,(888) 673-4069,missionroasters@gmail.com,https://www.pickyourown.org/copackers-Colorado.php,PickYourOwn.org Colorado Co-Packers (fetched 2026-08-21),"Commercial kitchen, Incubator, Product development services, Recipe development, Business development consulting services, Packaging, Drop-shipper, Distributor, Refrigerated storage, Freezer storage, Dry shelf storage, Bakery, Glass, Plastic, Metal, Paper, Scale-up recipes, Scale-up recipes, We can file forms and paperwork, We can source (find) ingredients, We can source (find) packaging, Private labeling, Business services, Other We specialize in small and start-ups, Free Consulting services, P",bakery,,,,shared kitchen; Specializes in small and start-ups
Trisco Foods,Colorado Springs,CO,http://triscofoods.com.au,719-266-5900,peter@triscofoods.com,https://docs.google.com/spreadsheets/d/e/2PACX-1vTA82aZVxeliPx-7GKPe7UKKzNEvBS9jN1dqVN-U1jqUXflespT9AdkVYHek7RlyVZT68pBUrjIycL3/pub?gid=560248172&single=true&output=csv,"Colorado Co-Pack Directory (public Google Sheet gid=560248172, fetched 2026-08-21)","Shelf Stable Sweet and Savory liquids (dressings/sauces, syrups, condiments, beverages and other liquids); liquid thickener for beverages | Liquid thickener, coffee syrups",acidified; beverage; sauces,sauce/condiment,Short runs are welcome. Specific quantities determined for each product,BRC; FDA,Contact: Peter Gordon; Co-packer of Sweet and Savory liduids
Deer Trail Gold Mining Company,Deer Trail,CO,http://www.deertrailgoldmine.com,,phil@deertrailgoldmine.com,https://docs.google.com/spreadsheets/d/e/2PACX-1vTA82aZVxeliPx-7GKPe7UKKzNEvBS9jN1dqVN-U1jqUXflespT9AdkVYHek7RlyVZT68pBUrjIycL3/pub?gid=560248172&single=true&output=csv,"Colorado Co-Pack Directory (public Google Sheet gid=560248172, fetched 2026-08-21)","Bakery Mixes, Bread/Cake and Similar Products, Candy/Confections, Flavoring, Extracts and Syrups, Fruit Fillings, Fruits, Vegetables, Grains, Nuts and Seeds, Icings, Frozen Specialties, Spices and Condiments | Gourmet Fudge, Cold Food Prep/Assembly, Soups/Stocks",bakery; frozen,sauce/condiment,None,,Contact: Phillip Steel
Art Coco Chocolate Company,Denver,CO,https://www.carousel-candies.com/,303-292-6364,,https://www.pickyourown.org/copackers-Colorado.php,PickYourOwn.org Colorado Co-Packers (fetched 2026-08-21),,chocolate,,,,
AVA Manufacturing,Denver,CO,http://avamanufacturing.com,720-277-9764,andrea@avamanufacturing.com,https://docs.google.com/spreadsheets/d/e/2PACX-1vTA82aZVxeliPx-7GKPe7UKKzNEvBS9jN1dqVN-U1jqUXflespT9AdkVYHek7RlyVZT68pBUrjIycL3/pub?gid=560248172&single=true&output=csv,"Colorado Co-Pack Directory (public Google Sheet gid=560248172, fetched 2026-08-21)",Baked Products,,,,,Contact: Andrea Blau
Basecamp Co-Pack,Denver,CO,http://www.basecampcopack.com,(303) 520-8815,jeff@basecampcopack.com,https://www.pickyourown.org/copackers-Colorado.php,PickYourOwn.org Colorado Co-Packers (fetched 2026-08-21),"Bakery, breakfast/fruit/nut/protein bars, Powdered Mixes | Fruit and Nut Bars Breakfast Bars Protein Bars Powdered mixes",bakery,,Negotiable,gluten-free; FDA,Contact: Jeff Kingsbury
Culinaire,Denver,CO,https://www.culinairefoods.com/,(303) 592-9100,leo@culinairefoods.com,https://www.pickyourown.org/copackers-Colorado.php,PickYourOwn.org Colorado Co-Packers (fetched 2026-08-21),"Meats, prepared and sausage, frozen specialties | Meats, prepared and sausage, frozen specialties",frozen,,500/SKU,SQF,Contact: Leo Reiff
Kitchen Network Bottling Co.,Denver,CO,http://kndenver.com,303-922-1011,main@knbottling.com,https://docs.google.com/spreadsheets/d/e/2PACX-1vTA82aZVxeliPx-7GKPe7UKKzNEvBS9jN1dqVN-U1jqUXflespT9AdkVYHek7RlyVZT68pBUrjIycL3/pub?gid=560248172&single=true&output=csv,"Colorado Co-Pack Directory (public Google Sheet gid=560248172, fetched 2026-08-21)","Dressings/Pickles/Sauces, Flavoring, Extracts and Syrups, Fruit Fillings, Meat, Oils/Shortening, Poultry, Canned Specialties, Beverages, Spices and Condiments, Tea | Low acid, heat filled, shelf stable foods",beverage; sauces; salsa; meat; bottling,sauce/condiment,"100 gallons, exceptions can be made",FDA; USDA; HACCP,Contact: Jose Esparza
"Landmark Foods, LLC",Denver,CO,http://landmarkfoods.net,303-345-4169,info@landmarkfoods.net,https://docs.google.com/spreadsheets/d/e/2PACX-1vTA82aZVxeliPx-7GKPe7UKKzNEvBS9jN1dqVN-U1jqUXflespT9AdkVYHek7RlyVZT68pBUrjIycL3/pub?gid=560248172&single=true&output=csv,"Colorado Co-Pack Directory (public Google Sheet gid=560248172, fetched 2026-08-21)","Beverage Bottling: Lemonade, Sports Drinks, Vitamin Water, Fruit Juices, Vegetable Juice, Tea, Cocktail Mixes, Chai, CBD Beverage, CBD Tinctures, Honey, Oils, Syrups. Dry Mixes: Protein Powder, Sports Powders, Cocoa, Coco, Drink Mixes, Dry Mixes, Bakery Mixes, Grains, Nuts, Seeds, Loose Leaf Tea, Single Herbs, Herbal Blends, Single Spices, Spice Blends, Chia Seed, Collagen, Hemp Hearts | Cocktail Mixes, Tea, Lemonade, Fruit Juice, Salsa, Sauces, Marinades, Oatmeal, Dried Fruit, Spice Blends, Hard Candy",bakery; beverage; sauces; salsa; bottling,sauce/condiment,"min Water, Fruit Juices, Vegetable Juice, Tea, Cocktail Mixes, Chai, CBD Beverage, C",organic; FDA; HACCP,Contact: Steve Arrington
"Natural Foodworks Group, LLC",Denver,CO,https://www.nfworks.com,(303) 639-9090,info@nfworks.com,https://www.pickyourown.org/copackers-Colorado.php,PickYourOwn.org Colorado Co-Packers (fetched 2026-08-21),,HPP; bakery; snacks; sauces; meat,HPP; sauce/condiment,,,"UPDATE for 2022- They may have closed, their website is gone 4969 Colorado Blvd, Denver, CO 80216.; Source notes possible closure"
Pressery,Denver,CO,http://pressery.com,,ian@pressery.com,https://docs.google.com/spreadsheets/d/e/2PACX-1vTA82aZVxeliPx-7GKPe7UKKzNEvBS9jN1dqVN-U1jqUXflespT9AdkVYHek7RlyVZT68pBUrjIycL3/pub?gid=560248172&single=true&output=csv,"Colorado Co-Pack Directory (public Google Sheet gid=560248172, fetched 2026-08-21)",,,,,,Contact: Ian Lee
PRiMO Specialty Foods,Denver,CO,https://yayprimo.com/,(303) 570-9189,info@yayprimo.com,https://www.pickyourown.org/copackers-Colorado.php,PickYourOwn.org Colorado Co-Packers (fetched 2026-08-21),"Dressings/Pickles/Sauces, Fruit Spreads/Jams/Jellies/Preserves, Canned Specialties, Spices and Condiments",sauces,sauce/condiment,None,,Contact: PRIMO Vic
"Silver State Foods, Inc.",Denver,CO,https://www.silverstatefoods.com,(303) 433-3351,tom@silverstatefoods.com,https://www.pickyourown.org/copackers-Colorado.php,PickYourOwn.org Colorado Co-Packers (fetched 2026-08-21),"Dressings/Pickles/Sauces, Flavoring, Extracts, Syrups, Juices (Fruit & Vegetable), Pasta Products | Long goods pasta, Short cuts pasta, Sauces",frozen; sauces; salsa,sauce/condiment,50 Gallons,,"Contact: Tom, Dana, Andrew or Partrick"
Temptee Specialty Foods,Denver,CO,http://tempteeco.com,303-292-1577,qa@tempteeco.com,https://docs.google.com/spreadsheets/d/e/2PACX-1vTA82aZVxeliPx-7GKPe7UKKzNEvBS9jN1dqVN-U1jqUXflespT9AdkVYHek7RlyVZT68pBUrjIycL3/pub?gid=560248172&single=true&output=csv,"Colorado Co-Pack Directory (public Google Sheet gid=560248172, fetched 2026-08-21)","Fresh/Frozen foods, Meats, Eggs, Tallow | Frozen cooked red Chili, Fresh Cooked Chii, Cooked/Scrambled Eggs (fresh/frozen), Linked Items (sausage, brats, hotdogs), Shredded/Sliced Injected Meats, Individual Packaged Meats, Marinated/Brined products, Shelf Stable Green Chili, Tallow",frozen; meat,,Depends on product and machinery needed,HACCP,"Contact: Maggie Hartley; Interested in Packing: Meat, Meats (prepared & sausage), Oils/Shortening, Poultry, Specialties (frozen), Specialties (vacuum) , downsizing and repacking for portions"
"Rocky Mountain Food Factory, Inc.",Englewood,CO,https://www.rockymtnfoodfactory.com,(303) 761-3330,mercedesrh@earthlink.net,https://www.pickyourown.org/copackers-Colorado.php,PickYourOwn.org Colorado Co-Packers (fetched 2026-08-21),"Ready to eat foods such as sauces, meat fillings, convenience foods , frozen and refrigerated. Salad dressings, marinades and appetizer dips. Also Thermally processed , commercially sterile, shelf stable food sauces in glass jars. | Meat products/meatballs/fillings, Sauces (Mexican, Italian, Other), Burritos (breakfastm chicken, vegetarian), Rice, Beans, Salsa, Pico de Gallo, Dinner Trays, Salad Dressings, Tamales, Quesadillas, Meat, Non-Meat Sauces",bakery; frozen; sauces; meat; salsa,sauce/condiment,500 Pounds,SQF; organic; FDA; USDA; HACCP; GMP,Contact: Delrosario Huang
Epicurean Butter,Federal Heights,CO,https://www.epicureanbutter.com,720-261-8175,epicureanbutter@msn.com,https://www.pickyourown.org/copackers-Colorado.php,PickYourOwn.org Colorado Co-Packers (fetched 2026-08-21),,sauces,sauce/condiment,,,Contact: Janey Hubschman Description of services or product specialties: Other condiment
Burns and McCoy Sauce Company,Fort Collins,CO,http://www.burnsandmccoy.com,,contact@burnsandmccoy.com,https://www.pickyourown.org/copackers-Colorado.php,PickYourOwn.org Colorado Co-Packers (fetched 2026-08-21),"Dressings/Pickles/Sauces, Flavoring, Extracts and Syrups, Juices (fruit/vegetable), Spices and Condiments | Sauces, BBQ Sauce, Beverages",sauces; beverage,sauce/condiment,50 gallons,FDA,Contact: Jay Turner
Golden Moon Distillery,Golden,CO,http://goldenmoondistillery.com,303-993-7174,,https://docs.google.com/spreadsheets/d/e/2PACX-1vTA82aZVxeliPx-7GKPe7UKKzNEvBS9jN1dqVN-U1jqUXflespT9AdkVYHek7RlyVZT68pBUrjIycL3/pub?gid=560248172&single=true&output=csv,"Colorado Co-Pack Directory (public Google Sheet gid=560248172, fetched 2026-08-21)","Distilled spirts | Whiskey, Gin, Vodka, Liquor, Liquer, Brandy",,,1000 Bottles,,Contact: Stephen Gould
Redlaw Co-Packers,Golden,CO,https://www.facebook.com/redlawcopackers,(720) 450-9215,justin@redlawsacue.com,https://www.pickyourown.org/copackers-Colorado.php,PickYourOwn.org Colorado Co-Packers (fetched 2026-08-21),,sauces; salsa,sauce/condiment,,,"UPDATE for 2022- They may have closed, their website is gone 15874 W.; Source notes possible closure"
Scale Food Labs,Golden,CO,http://scalefoodlabs.com,973-767-9060,hello@scalefoodlabs.com,https://docs.google.com/spreadsheets/d/e/2PACX-1vTA82aZVxeliPx-7GKPe7UKKzNEvBS9jN1dqVN-U1jqUXflespT9AdkVYHek7RlyVZT68pBUrjIycL3/pub?gid=560248172&single=true&output=csv,"Colorado Co-Pack Directory (public Google Sheet gid=560248172, fetched 2026-08-21)","Dressings/Pickles, Sauces, Flavoring, Extracts, Syrups, Fruit Fillings, Fruits/Vegetables (fresh), Fruit/Vegetable Juices, Oils, Shortening, Bottled/Canned Soft Drinks, Canned Specialties, Vacuum Packed Specialties, Spices, Condiments, Tea. | Bottles, Jars & Jugs",sauces; salsa,sauce/condiment,"100 gallons, test batches are 5 gallons",FDA; USDA; HACCP,
Smart Cookie Barkery,Golden,CO,http://smartcookietreats.com/pages/private-label,,woof@smartcookietreats.com,https://docs.google.com/spreadsheets/d/e/2PACX-1vTA82aZVxeliPx-7GKPe7UKKzNEvBS9jN1dqVN-U1jqUXflespT9AdkVYHek7RlyVZT68pBUrjIycL3/pub?gid=560248172&single=true&output=csv,"Colorado Co-Pack Directory (public Google Sheet gid=560248172, fetched 2026-08-21)","Dog Treats: turn-key private label solutions available | Biscuits, Soft & Chewy Treats",,,500 pounds/SKU,HACCP,Contact: Bri Bradley
Kim's Gourmet Sauces,Hotchkiss,CO,https://www.kimsgourmet.com,(303) 961-5911,pat@kimsgourmet.com,https://www.pickyourown.org/copackers-Colorado.php,PickYourOwn.org Colorado Co-Packers (fetched 2026-08-21),"Dressings, Pickles, Sauces, Spices, Condiments | Sauces - retail & foodservice, BBQ Sauces, Hot Sauces, Margarita Mixes, Bloody Mary mixes, Wing Sauces, Pasta Sauces, Salsas",bakery; beverage; frozen; sauces; salsa; meat; bottling,sauce/condiment,40 gallons,organic; FDA; USDA,Contact: Patrick Coyne
Leroux Creek Foods,Hotchkiss,CO,http://lerouxcreek.com,970-872-2256,sarah@lerouxcreek.com,https://docs.google.com/spreadsheets/d/e/2PACX-1vTA82aZVxeliPx-7GKPe7UKKzNEvBS9jN1dqVN-U1jqUXflespT9AdkVYHek7RlyVZT68pBUrjIycL3/pub?gid=560248172&single=true&output=csv,"Colorado Co-Pack Directory (public Google Sheet gid=560248172, fetched 2026-08-21)","Applesauce, Fruit purees, Saurekraut, Fermented Foods, Dressings/Sauces/salsas, Fruits, Vegetables (Fresh and Frozen), Juices, Specialties",frozen; sauces; salsa,sauce/condiment,Depends,SQF; organic,"Contact: Sarah Tuft; SQF Certified, Allergen free Co-packing in Western Colorado"
Motherlode Co-Packing,Hudson,CO,https://www.MotherlodeProvisions.com,(303) 485-8555,co-packing@motherlodeprovisions.com,https://www.pickyourown.org/copackers-Colorado.php,PickYourOwn.org Colorado Co-Packers (fetched 2026-08-21),"dressings/sauces, syrups, condiments, beverages and other liquids.",bakery; beverage; sauces,sauce/condiment,,SQF; FDA,Contact: Kit Maxfield
Carefree Cuisine,Littleton,CO,http://carefreecuisine.com,303-630-9568,elpspecialty@gmail.com,https://docs.google.com/spreadsheets/d/e/2PACX-1vTA82aZVxeliPx-7GKPe7UKKzNEvBS9jN1dqVN-U1jqUXflespT9AdkVYHek7RlyVZT68pBUrjIycL3/pub?gid=560248172&single=true&output=csv,"Colorado Co-Pack Directory (public Google Sheet gid=560248172, fetched 2026-08-21)","Flavoring, Extracts and Syrups, Fruit Fillings, Fruits/Vegetables (Fresh and Frozen) Meat/Sausage, Poultry, Frozen Specialties. | Flavoring, Extracts and Syrups, Fruit Fillings, Fruits/Vegetables (Fresh and Frozen) Meat/Sausage, Poultry, Frozen Specialties.",frozen; meat,,None,USDA; HACCP,Contact: Patrick Geherin
Colorado Copacking Company,Longmont,CO,http://coloradocopacker.com,303-834-8313,info@coloradocopacker.com,https://docs.google.com/spreadsheets/d/e/2PACX-1vTA82aZVxeliPx-7GKPe7UKKzNEvBS9jN1dqVN-U1jqUXflespT9AdkVYHek7RlyVZT68pBUrjIycL3/pub?gid=560248172&single=true&output=csv,"Colorado Co-Pack Directory (public Google Sheet gid=560248172, fetched 2026-08-21)","Bakery Mixes, Dressings/Pickles/Sauces, Flavoring, Extracts and Syrups, Juices (Fruit/Vegetable), Oils, Shortening, Soft Drinks, Spices and Condiments, Tea | Sauces, Beverage Mixes, Dressings, BBQ Sauce, Beverage Mixers",bakery; beverage; sauces; salsa,sauce/condiment,50 Gallons,,Contact: Carlos Ruiz
Skyway Foods,Longmont,CO,http://skywayfood.com,,jeggers@skywayfood.com,https://docs.google.com/spreadsheets/d/e/2PACX-1vTA82aZVxeliPx-7GKPe7UKKzNEvBS9jN1dqVN-U1jqUXflespT9AdkVYHek7RlyVZT68pBUrjIycL3/pub?gid=560248172&single=true&output=csv,"Colorado Co-Pack Directory (public Google Sheet gid=560248172, fetched 2026-08-21)",,frozen,,,gluten-free,"Contact: Jarrett Eggers; Food production facilities, ambient, refrigerated and frozen storage for rent - co-pack & gluten free baking"
Two Moms in the Raw,Longmont,CO,https://www.twomomsintheraw.com,(720) 221-8555,mike@twomomsintheraw.com,https://www.pickyourown.org/copackers-Colorado.php,PickYourOwn.org Colorado Co-Packers (fetched 2026-08-21),"Candy/Confections, Cookies/Crackers, Grains, Nuts and Seeds, Dehydration | Granola bars, Nut bars, Truffles, Crackers, Cereal",,,,,"UPDATE for 2022- They may have closed, their website is gone 1200 S.; Source notes possible closure"
Boulder Sausage,Louisville,CO,https://www.bouldersausage.com,(303) 665-6302,info@bouldersausage.com,https://www.pickyourown.org/copackers-Colorado.php,PickYourOwn.org Colorado Co-Packers (fetched 2026-08-21),"Meat, Prepared & Sausage | Breakfast Sausage links and bulk Bratwurst Links Retail or Foodservice Italian Sausage links or bulk Hot Italian Sausage links or bulk Retail or Foodservice Chorizo Sausage Retail or Foodservice Hatch Green Chili Brats",meat,,200 pounds,USDA; HACCP,
Kefla Organics,Louisville,CO,,415-663-5776,brian@enjoykefla.com,https://docs.google.com/spreadsheets/d/e/2PACX-1vTA82aZVxeliPx-7GKPe7UKKzNEvBS9jN1dqVN-U1jqUXflespT9AdkVYHek7RlyVZT68pBUrjIycL3/pub?gid=560248172&single=true&output=csv,"Colorado Co-Pack Directory (public Google Sheet gid=560248172, fetched 2026-08-21)","Hemp derived chocolates, gummies, oils | Organic CBD chocolates, gummies & oils",,,"Chocolates: 5000 units, Gummies: 10,000 units, Oils: 250 units (30ml)",organic,Contact: Brian Donovan
The Honest Stand,Louisville,CO,https://www.thehoneststand.com,(918) 289-8449,alexandra@thehoneststand.com,https://www.pickyourown.org/copackers-Colorado.php,PickYourOwn.org Colorado Co-Packers (fetched 2026-08-21),"Product development services, Packaging, Hot packing, CERTIFIED ORGANIC , Plastic, Scale-up recipes, We can file forms and paperwork, We can source (find) packaging, Private labeling, Other Larger volumes only",dairy; sauces,sauce/condiment,,organic; GFSI,Larger volumes only
Awakened Foods,Loveland,CO,http://awakenedfoodcrafters.com,970-366-4567,jeff@awakenedfoods.com,https://docs.google.com/spreadsheets/d/e/2PACX-1vTA82aZVxeliPx-7GKPe7UKKzNEvBS9jN1dqVN-U1jqUXflespT9AdkVYHek7RlyVZT68pBUrjIycL3/pub?gid=560248172&single=true&output=csv,"Colorado Co-Pack Directory (public Google Sheet gid=560248172, fetched 2026-08-21)","Granola, Cookies, Nut Mixes, Extruded Puffs, Compression Popped Chips. | Granola, Cookies, Nut Mixes, Extruded Puffs, Compression Popped Chips.",,,"Typically 1-shift per flavor; approx 3,000-5,000 lb/flavor.",SQF; gluten-free; HACCP,"Contact: Jeff Schmidgall; Powered by industry veterans in entrepreneurship, branding, manufacturing, and R&D, Awakened Food Crafters is here to be your trusted business partner. We will help you achieve your growth vision through a shared commitment to quality, innovation, and strong communication."
Custom Blending,Loveland,CO,,,,https://docs.google.com/spreadsheets/d/e/2PACX-1vTA82aZVxeliPx-7GKPe7UKKzNEvBS9jN1dqVN-U1jqUXflespT9AdkVYHek7RlyVZT68pBUrjIycL3/pub?gid=560248172&single=true&output=csv,"Colorado Co-Pack Directory (public Google Sheet gid=560248172, fetched 2026-08-21)","Bakery mixes, bread/cakes, grains, nuts and seeds, pasta products, spices and condiments, tea | Herbs and spices, Proprietary Blends, Soup Mixes, Bakery Mixes, Sauce Seasonings, Snack Food Toppings",bakery; snacks; sauces,sauce/condiment,"Minimum bulk blend 50 pounds, minimum retail blend 200 pounds.",FDA; HACCP; GMP,Contact: Kristie Cotter
Wild Zora/Flatiron Food Factory,Loveland,CO,http://wildzora.com/,970-541-9672,josh@wildzora.com,https://docs.google.com/spreadsheets/d/e/2PACX-1vTA82aZVxeliPx-7GKPe7UKKzNEvBS9jN1dqVN-U1jqUXflespT9AdkVYHek7RlyVZT68pBUrjIycL3/pub?gid=560248172&single=true&output=csv,"Colorado Co-Pack Directory (public Google Sheet gid=560248172, fetched 2026-08-21)",,,,,,Contact: Josh Tabiin
Flowstate Co-Packing,Montrose,CO,,,flowstatecopacking@gmail.com,https://docs.google.com/spreadsheets/d/e/2PACX-1vTA82aZVxeliPx-7GKPe7UKKzNEvBS9jN1dqVN-U1jqUXflespT9AdkVYHek7RlyVZT68pBUrjIycL3/pub?gid=560248172&single=true&output=csv,"Colorado Co-Pack Directory (public Google Sheet gid=560248172, fetched 2026-08-21)",,,,,,Contact: Mike Flynn; Coming online late spring 2024
Boulder Organic Foods,Niwot,CO,http://boulderorganicfoods.com,303-530-0470,greg@boulderorganicfoods.com,https://docs.google.com/spreadsheets/d/e/2PACX-1vTA82aZVxeliPx-7GKPe7UKKzNEvBS9jN1dqVN-U1jqUXflespT9AdkVYHek7RlyVZT68pBUrjIycL3/pub?gid=560248172&single=true&output=csv,"Colorado Co-Pack Directory (public Google Sheet gid=560248172, fetched 2026-08-21)","Fresh soups, sauces, dips, puddings, gravies, etc. | Fresh soups, dips, sauces, gravy",sauces,sauce/condiment,"250,000 lbs annually",organic; gluten-free; USDA; SQF; FDA; HACCP,"Contact: Greg Powers; We specialize in kettle-cooked foods, including organic, gluten-free, conventional, and USDA proteins."
Colorado Mountain Jam,Palisade,CO,https://www.plumdaisy.com,970-464-0745,brian@plumdaisy.com,https://www.pickyourown.org/copackers-Colorado.php,PickYourOwn.org Colorado Co-Packers (fetched 2026-08-21),,,,,organic; kosher,
Frangiosa Farms,Parker,CO,http://frangiosafarms.com,833-233-2256,info@frangiosafarms.com,https://docs.google.com/spreadsheets/d/e/2PACX-1vTA82aZVxeliPx-7GKPe7UKKzNEvBS9jN1dqVN-U1jqUXflespT9AdkVYHek7RlyVZT68pBUrjIycL3/pub?gid=560248172&single=true&output=csv,"Colorado Co-Pack Directory (public Google Sheet gid=560248172, fetched 2026-08-21)","Honey, CBD | Honey, Honey Packets, Tinctures, Sticks",sauces,sauce/condiment,5000,,"Contact: Nick French; Interested in Packing: Dressings, Pickles, Sauces, Flavoring (extracts/syrups), Fruit fillings"
Freshies Food Corporation,Peyton,CO,https://www.freshies.com,(303) 382-1805,brenna@freshies.com,https://www.pickyourown.org/copackers-Colorado.php,PickYourOwn.org Colorado Co-Packers (fetched 2026-08-21),"Juices, Fruit/Vegetable | 375 ml bottle, 32 oz bottle, 64 oz bottle, 128 oz bottle",acidified; canning,,"420 – 32 oz. bottles for a proprietary blend, 1 case for standard flavors",HACCP,Specializes in small and start-ups
Fuel Kitchens,Pueblo,CO,https://www.fuelkitchens.com/,719-545-0155,nathan@fuelkitchens.com,https://docs.google.com/spreadsheets/d/e/2PACX-1vTA82aZVxeliPx-7GKPe7UKKzNEvBS9jN1dqVN-U1jqUXflespT9AdkVYHek7RlyVZT68pBUrjIycL3/pub?gid=560248172&single=true&output=csv,"Colorado Co-Pack Directory (public Google Sheet gid=560248172, fetched 2026-08-21)","Sauces and condiments: hot sauces, salsas, salad dressings, barbeque sauces, jams, chili crisp, and many more.",canning; sauces; salsa,sauce/condiment,"100 gallons per run, 1,000 gallons per year.",FDA; HACCP,Contact: Nathan Stern
Claremont Foods,Westminster,CO,http://claremontfoods.com,303-652-0260,fern@claremontfoods.com,https://docs.google.com/spreadsheets/d/e/2PACX-1vTA82aZVxeliPx-7GKPe7UKKzNEvBS9jN1dqVN-U1jqUXflespT9AdkVYHek7RlyVZT68pBUrjIycL3/pub?gid=560248172&single=true&output=csv,"Colorado Co-Pack Directory (public Google Sheet gid=560248172, fetched 2026-08-21)","Nutrition, protein bars. Extruded, slabbed, enrobed | Nutrition, protein bars. Extruded, slabbed, enrobed",,,"50,000 bars/SKU",SQF; gluten-free; kosher,"Contact: Fern Smith; SQF Level 2, (99%). Gluten free, kosher"
Cappellos,,CO,http://cappellos.com,,stacey@cappellos.com,https://docs.google.com/spreadsheets/d/e/2PACX-1vTA82aZVxeliPx-7GKPe7UKKzNEvBS9jN1dqVN-U1jqUXflespT9AdkVYHek7RlyVZT68pBUrjIycL3/pub?gid=560248172&single=true&output=csv,"Colorado Co-Pack Directory (public Google Sheet gid=560248172, fetched 2026-08-21)",,,,,,"Contact: Stacey Marcellus, Ben Frohlichstein"
Onofrio's Ultimate Foods,New Haven,CT,https://www.ultimatefoods.net,203-469-4014,ronofrio@ultimatefoods.net,https://www.pickyourown.org/copackers-Connecticut.php,PickYourOwn.org Connecticut Co-Packers (fetched 2026-08-21),"Shelf stable sauces, Relishes, Meat sauces/soups, Salsas, Condiments, Marinades, FDA inspected, Local Health Department inspected, HACCP certified, Kosher, Organic.",sauces; salsa; meat,sauce/condiment,,organic; kosher; FDA; HACCP,
CAPG Co-packing,Southbury,CT,https://www.capgcopacking.com,(203) 984-5087,bryan@capgcopacking.com,https://www.pickyourown.org/copackers-Connecticut.php,PickYourOwn.org Connecticut Co-Packers (fetched 2026-08-21),"Incubator, Product development services, Recipe development, Business development consulting services, Packaging, Drop-shipper, Dry shelf storage, Bakery, Certified Organic, Plastic, Paper, Scale-up recipes, Scale-up recipes, We can file forms and paperwork, We can source (find) ingredients, We can source (find) packaging, Private labeling, Business services, We specialize in small and start-ups",bakery,,,organic,
"Premiere Packaging Partners, LLC",Waterbury,CT,https://www.ppp-foods.com,(203) 437-8148,orders@ppp-foods.com,https://www.pickyourown.org/copackers-Connecticut.php,PickYourOwn.org Connecticut Co-Packers (fetched 2026-08-21),"Product development services, QA/QC Product testing services, Recipe development, Business development consulting services, Packaging, Drop-shipper, Distributor, Refrigerated storage, Freezer storage, Dry shelf storage, Low acid canning, Hot packing, Cold packing, Pickles, relishes, Kosher, Certified Organic, Glass, Plastic, Metal, Paper, Scale-up recipes, We can file forms and paperwork, We can source (find) ingredients, We can source (find) packaging, Private labeling, Business services, We sp",canning,,,organic; kosher,Specializes in small and start-ups; updates and customer portal access.
Southeast Bottling & Beverage,Dade City,FL,https://southeast-bottling.com/our-capabilities/,(352) 567-2200,,https://www.pickyourown.org/copackers-Delaware.php,PickYourOwn.org Delaware Co-Packers (fetched 2026-08-21),"Beverage Co Packers Serving Delaware, Louisiana, Tennessee, West Virginia, Kentucky & Eastern United States",hot-fill; beverage; bottling,hot-fill,,kosher,
"DeLand Bakery, INC",DeLand,FL,https://www.delandbakery.com,(386) 734-7553,contact@delandbakery.com,https://www.pickyourown.org/copackers-Florida.php,PickYourOwn.org Florida Co-Packers (fetched 2026-08-21),"Product development services, QA/QC Product testing services, Packaging, Freezer storage, Dry shelf storage, Bakery, Kosher, CERTIFIED ORGANIC , Glass, Plastic, Scale-up recipes, We can file forms and paperwork, We can source (find) ingredients, We can source (find) packaging, Private labeling, We specialize in small and start-ups",bakery,,,organic; kosher; gluten-free,Specializes in small and start-ups
Smart Baking Company,Debary,FL,https://www.smartbakingco.com,(321) 696-5791,info@smartbakingco.com,https://www.pickyourown.org/copackers-Florida.php,PickYourOwn.org Florida Co-Packers (fetched 2026-08-21),"Product development services, Packaging, Drop-shipper, Bakery, Kosher, Private labeling, We specialize in small and start-ups, Larger volumes only",bakery,,,kosher; gluten-free,Larger volumes only; Specializes in small and start-ups
Sunny Flavors,Deland,FL,https://www.islandgrovefoods.com,800-243-3877,debbie@islandgrovefoods.com,https://www.pickyourown.org/copackers-Florida.php,PickYourOwn.org Florida Co-Packers (fetched 2026-08-21),"Hot sauces, BBQ sauces, salad dressings, co-pack and private label.",sauces,sauce/condiment,,,Contact: Debbie Ingling
Tropical Bottling Corp.,Medley,FL,https://tropicalbottling.com/beverage-copacker/,786-631-5549,,https://www.pickyourown.org/copackers-Florida.php,PickYourOwn.org Florida Co-Packers (fetched 2026-08-21),beverage copacker,beverage; canning; bottling,,,,
Space Coast Sauces,Melbourne,FL,https://www.spacecoastsauces.com,(321) 376-1278,ryan@kimsgourmet.com,https://www.pickyourown.org/copackers-Florida.php,PickYourOwn.org Florida Co-Packers (fetched 2026-08-21),"Product development services, Recipe development, Packaging, Refrigerated storage, Freezer storage, Dry shelf storage, Acidified canning, Low acid canning, Hot packing, Glass, Plastic, Scale-up recipes, Scale-up recipes, We can source (find) ingredients, We can source (find) packaging, Private labeling",acidified; canning; sauces,sauce/condiment,,,
BGR World,Miami,FL,https://www.bgrworld.com,(786) 314-8800,maria@bgrworld.com,https://www.pickyourown.org/copackers-Florida.php,PickYourOwn.org Florida Co-Packers (fetched 2026-08-21),"Packaging, Glass, Plastic, Metal, Paper, We can file forms and paperwork, Private labeling, Business services, OtherWe specialize in small and start-ups, Larger volumes only, Free Consulting services",,,,,Larger volumes only
Bagel King Wholesale Bakery,Orlando,FL,https://www.bagelkingbakery.com,(407) 660-2000,customerservice@bagelkingbakery.com,https://www.pickyourown.org/copackers-Florida.php,PickYourOwn.org Florida Co-Packers (fetched 2026-08-21),"Product development services, Recipe development, Packaging, Refrigerated storage, Freezer storage, Dry shelf storage, Bakery, Kosher, Plastic, Paper, We can source (find) ingredients, We can source (find) packaging, Private labeling, Larger volumes only",bakery,,,kosher; GFSI,Larger volumes only
Paca Foods,Tampa,FL,https://www.pacafoods.com,800-338-7419,,https://www.pickyourown.org/copackers-Florida.php,PickYourOwn.org Florida Co-Packers (fetched 2026-08-21),dry blended food products.,,,,,
Z Natural Foods,West Palm Beach,FL,https://www.ZNaturalFoods.com,561-242-1880,bulksales@znaturalfoods.com,https://www.pickyourown.org/copackers-Florida.php,PickYourOwn.org Florida Co-Packers (fetched 2026-08-21),"Z Natural Foods - Copacker, Organic and Kosher products",,,,organic; kosher,
Buy K-Cups,Weston FL,FL,https://buykcupscheap.com/,(954) 835-4151,info@buykcupscheap.com,https://www.pickyourown.org/copackers-Florida.php,PickYourOwn.org Florida Co-Packers (fetched 2026-08-21),Private labeling #505,,,MOQ requirements,organic,
PREP Commercial Kitchens,Atlanta,GA,https://www.PREPATL.com,(404) 920-4150,jr@prepatl.com,https://www.pickyourown.org/copackers-Georgia.php,PickYourOwn.org Georgia Co-Packers (fetched 2026-08-21),"Commercial kitchen, Incubator, Product development services, QA/QC Product testing services, Recipe development, Lab testing services, Business development consulting services, Refrigerated storage, Freezer storage, Dry shelf storage, Bakery, Scale-up recipes, We can file forms and paperwork, We can source (find) ingredients, We can source (find) packaging, Private labeling, Business services, We specialize in small and start-ups, Larger volumes only",bakery,,,,shared kitchen; Larger volumes only; Specializes in small and start-ups
Dillon Candy Company,Boston,GA,https://www.dilloncandy.com,600-382-8338,amy@dilloncandy.com,https://www.pickyourown.org/copackers-Georgia.php,PickYourOwn.org Georgia Co-Packers (fetched 2026-08-21),candies,,,,,
"D & D Foods, Inc, aka Foys.",Columbus,GA,https://www.foysbbq.com/,706-322-4507,byancey@ddfoods.net,https://www.pickyourown.org/copackers-Georgia.php,PickYourOwn.org Georgia Co-Packers (fetched 2026-08-21),"D & D Foods, Inc, aka Foys. - Copacker, BBQ sauces, salad dressing, marinades; 3715 4th Ave., Columbus, GA 31904.",sauces,sauce/condiment,,,
Serenity Farms DBA Hogwaller BBQ Sauce,Hoboken,GA,https://www.hogwallerbbq.com,912-550-6494,kennydasher@yahoo.com,https://www.pickyourown.org/copackers-Georgia.php,PickYourOwn.org Georgia Co-Packers (fetched 2026-08-21),sauces,sauces,sauce/condiment,,,
The Olive Oven,McDonough,GA,https://listing.visuallysold.com/176_crumbley_rd-3626?branding=false,(678) 632-0001,info@loafco.com,https://www.pickyourown.org/copackers-Georgia.php,PickYourOwn.org Georgia Co-Packers (fetched 2026-08-21),"Commercial kitchen, Refrigerated storage, Freezer storage, Dry shelf storage, Bakery, We specialize in small and start-ups",bakery,,,,shared kitchen; Specializes in small and start-ups
Kickin' Mule,Morganton,GA,,706-374-0519,andy@amezzano4re.net,https://www.pickyourown.org/copackers-Georgia.php,PickYourOwn.org Georgia Co-Packers (fetched 2026-08-21),"Sauces, relishes, rubs, minimum",sauces,sauce/condiment,minimum,,
"Lauri Jo's Southern Style Canning, LLC",Norman Park,GA,https://www.laurijos.com/,229-769-3391,laurijo@laurijos.com,https://www.pickyourown.org/copackers-Georgia.php,PickYourOwn.org Georgia Co-Packers (fetched 2026-08-21),"salad dressings, sauces, salsas, relish in glass or plastic containers",canning; sauces; salsa,sauce/condiment,"min 4332 US Hwy 319 N, Norman Park, GA 31771",,
Parisa's Manufacturing Kitchen,Saint Simon's Island,GA,,912-634-6485,sales@parisassauce.com,https://www.pickyourown.org/copackers-Georgia.php,PickYourOwn.org Georgia Co-Packers (fetched 2026-08-21),refrigerated cold sauces,sauces,sauce/condiment,,,"UPDATE for 2021, Their website is gone; There's nothing else about them on the internet, so I assume they have closed.; Source notes possible closure"
"Braswell Foods, Inc.",Statesboro,GA,http://braswells.com/,912-764-6191,customerservice@braswells.com,https://www.pickyourown.org/copackers-Georgia.php,PickYourOwn.org Georgia Co-Packers (fetched 2026-08-21),"jellies, jams, preserves, sauces, dressings P O Box 485, Statesboro, GA 30458.",sauces,sauce/condiment,,,
Blackberry Patch,Thomasville,GA,http://www.blackberrypatch.com,229-558-9996,,https://www.pickyourown.org/copackers-Georgia.php,PickYourOwn.org Georgia Co-Packers (fetched 2026-08-21),"jams, jellies, maple pralines and apple pie syrups. P. O. Box 1639, Thomasville, GA 31799.",,,,,
Hillside Orchard Farms,Tiger,GA,https://www.hillsideorchard.com,866-782-4995,lsmith@hillsideorchard.com,https://www.pickyourown.org/copackers-Georgia.php,PickYourOwn.org Georgia Co-Packers (fetched 2026-08-21),"jams, jellies,preserves, sauces, dressings, juices; salsa, syrup,pickles, relish; minimum: jam, jellies, preserves",sauces; salsa,sauce/condiment,"minimum: jam, jellies, preserves",,
Hongar Farms Gourmet Foods,Tucker,GA,https://www.hongarfarms.com,770-938-9884,todd@hongarfarms.com,https://www.pickyourown.org/copackers-Georgia.php,PickYourOwn.org Georgia Co-Packers (fetched 2026-08-21),"SQF certified Cold-fill only, glass or plastic; vegetable and olive oils, vinegars",,,,SQF,
True Spice Packing,Tucker,GA,https://www.truespicefoods.com,(404) 502-2394,neil@truespicefoods.com,https://www.pickyourown.org/copackers-Georgia.php,PickYourOwn.org Georgia Co-Packers (fetched 2026-08-21),"Packaging, Drop-shipper, Distributor, Dry shelf storage, Kosher, CERTIFIED ORGANIC , Glass, Plastic, Paper, Scale-up recipes, We can file forms and paperwork, We can source (find) ingredients, We can source (find) packaging, Private labeling, Larger volumes only",beverage,,,organic; kosher,Larger volumes only
Todd's Premium Foods,Des Moines,IA,https://www.toddspremiumfoods,(515) 771-9435,diana@todds.co,https://www.pickyourown.org/copackers-Iowa.php,PickYourOwn.org Iowa Co-Packers (fetched 2026-08-21),"Refrigerated storage, Freezer storage, Dry shelf storage, Acidified canning, Low acid canning, Hot packing, Cold packing, Kosher, CERTIFIED ORGANIC , Scale-up recipes, We can file forms and paperwork, We can source (find) ingredients, We can source (find) packaging, Private labeling, We specialize in small and start-ups, Larger volumes only",hot-fill; acidified; canning; bottling,hot-fill,,organic; kosher; SQF,Larger volumes only; Specializes in small and start-ups
Shells by Design,Garner,IA,https://www.shellsbydesign.com,877-766-1122,info@shellsbydesign.com,https://www.pickyourown.org/copackers-Iowa.php,PickYourOwn.org Iowa Co-Packers (fetched 2026-08-21),"Freezer storage, Dry shelf storage, Bakery, Private labeling",bakery,,,,
Palmer Candy Company,Sioux City,IA,https://www.palmercandy.com,712-258-5543,,https://www.pickyourown.org/copackers-Iowa.php,PickYourOwn.org Iowa Co-Packers (fetched 2026-08-21),full line of confections and nutmeats.,,,,,
Sandstone Farms,Kuna,ID,https://www.sandstonefarms.com,866-203-2844,customerservice@sandstonefarms.com,https://www.pickyourown.org/copackers-Idaho.php,PickYourOwn.org Idaho Co-Packers (fetched 2026-08-21),pickled vegetables and wine jelly.,,,,,
Hudson Blaise,Twin Falls,ID,https://www.hudsonblaise.com/,(208) 724-8833,info@hudsonblaise.com,https://www.pickyourown.org/copackers-Idaho.php,PickYourOwn.org Idaho Co-Packers (fetched 2026-08-21),"Product development services, Business development consulting services, Distributor, We specialize in small and start-ups, Larger volumes",frozen,,,,
Food Blends,Addison,IL,https://www.oxydryfoodblends.com,630-678-5300,info@foodblends.com,https://www.pickyourown.org/copackers-Illinois.php,PickYourOwn.org Illinois Co-Packers (fetched 2026-08-21),dry ingredients blending,,,,,
Kuntry Kettle LLC,Ava,IL,,(618) 426-1600,contact@kkmail.email,https://www.pickyourown.org/copackers-Illinois.php,PickYourOwn.org Illinois Co-Packers (fetched 2026-08-21),"Acidified canning, Hot packing, Glass, Scale-up recipes, We can file forms and paperwork, We can source (find) ingredients, We can source (find) packaging, Private labeling",acidified; canning; sauces; salsa,sauce/condiment,,GMP,
"Dutch American Foods, Inc.",Beecher,IL,https://www.dutchamericanfoods.com/,708-946-3000,,https://www.pickyourown.org/copackers-Illinois.php,PickYourOwn.org Illinois Co-Packers (fetched 2026-08-21),Dry Food Processing Co-Packers,,,,,
Assemblies Unlimited Inc,Bloomingdale,IL,https://www.assemblies.com,(877) 273-6259,,https://www.pickyourown.org/copackers-Illinois.php,PickYourOwn.org Illinois Co-Packers (fetched 2026-08-21),"Packaging, Cold packing, Kosher, CERTIFIED ORGANIC , Nut-free facility, Glass, Plastic, Metal, Paper, We can source (find) packaging, Private labeling, Larger volumes only",,,,organic; kosher; nut-free,Larger volumes only
Harvest Food Group,Chicago,IL,https://www.harvestfoodgroup.com/index.php/co-packing,773-847-3313,,https://www.pickyourown.org/copackers-Illinois.php,PickYourOwn.org Illinois Co-Packers (fetched 2026-08-21),"Frozen fruit, vegetable, rice, pasta, protein, sauce blending and packing",frozen; sauces,sauce/condiment,,SQF; USDA,
Proven Partners Group,Elgin,IL,https://www.provenpartnersgroup.com,(224) 238-2084,cbarrow@provenpartnersgroup.com,https://www.pickyourown.org/copackers-Illinois.php,PickYourOwn.org Illinois Co-Packers (fetched 2026-08-21),"Dry shelf storage, Kosher, Certified Organic, Nut-free facility, Plastic, Metal, Paper",,,,organic; kosher; nut-free; SQF,
Kernel Season's LLC,Elk Grove Village,IL,https://www.nomorenakedpopcorn.com,773-292-4567,info@kernelseasons.com,https://www.pickyourown.org/copackers-Illinois.php,PickYourOwn.org Illinois Co-Packers (fetched 2026-08-21),"Gluten-free, Kosher, Organic/Natural popcorn and Other Oils",,,,organic; gluten-free; kosher,"Contact: Jean Doyle, 2401 East Devon Avenue, Elk Grove Village, IL 60007"
"Ajinomoto Health & Nutrition North America, Inc.",Itasca,IL,https://www.ajinorthamerica.com/businesses/food-solutions/,773-714-1436,ajina_csr@ajiusa.com,https://www.pickyourown.org/copackers-Illinois.php,PickYourOwn.org Illinois Co-Packers (fetched 2026-08-21),Food Solutions,,,,,
Van Drunen Farms,Momence,IL,https://www.vandrunenfarms.com,815-472-3100,sales@vandrunen.com,https://www.pickyourown.org/copackers-Illinois.php,PickYourOwn.org Illinois Co-Packers (fetched 2026-08-21),Individually Quick Frozen (IQF) herbs and vegetables,frozen,,,,
Y-T Packing Co Turasky Meats,Springfield,IL,https://www.turaskymeats.com/wholesale--co-packing.html,217-522-3345,info@turaskymeats.com,https://www.pickyourown.org/copackers-Illinois.php,PickYourOwn.org Illinois Co-Packers (fetched 2026-08-21),meats,snacks; meat; jerky,,,,
Dillman Farm,Bloomington,IN,https://www.dillmanfarm.com,812-825-5525,,https://www.pickyourown.org/copackers-Indiana.php,PickYourOwn.org Indiana Co-Packers (fetched 2026-08-21),,,,,,Contact: Aaron Sokaland
AmeriQual Foods,Evansville,IN,https://ameriqualgroup.com/ameriqual/private-label/,812-867-1444,,https://www.pickyourown.org/copackers-Indiana.php,PickYourOwn.org Indiana Co-Packers (fetched 2026-08-21),,,,,,
AmeriQual Packaging,Evansville,IN,https://ameriqualgroup.com/ameriqual/private-label/,812-421-4876,,https://www.pickyourown.org/copackers-Indiana.php,PickYourOwn.org Indiana Co-Packers (fetched 2026-08-21),,,,,,
"Big B Distributors, Inc.",Evansville,IN,https://bigbbarbecue.com/,812-425-5235,,https://www.pickyourown.org/copackers-Indiana.php,PickYourOwn.org Indiana Co-Packers (fetched 2026-08-21),,sauces; salsa,sauce/condiment,,,Contact: Richard Bonenberger
Sonoma Co Packing,Shelby,IN,https://sonomafarmcopacking.com,(219) 613-5419,dominic@sonomafarm.com,https://www.pickyourown.org/copackers-Indiana.php,PickYourOwn.org Indiana Co-Packers (fetched 2026-08-21),"Product development services, Recipe development, Packaging, Acidified canning, Low acid canning, Hot packing, Cold packing, Kosher, Nut-free facility, Glass, Plastic, Scale-up recipes, Scale-up recipes, We can file forms and paperwork, We can source (find) ingredients, We can source (find) packaging, Private labeling, Business services, We specialize in small and start-ups, Free Consulting services, Paid Consulting services",acidified; canning,,,kosher; nut-free,
Gourmet Express LLC,Greenville,KY,https://www.gourmetdining.net,504-455-7616,gourmetdining@aol.com,https://www.pickyourown.org/copackers-Kentucky.php,PickYourOwn.org Kentucky Co-Packers (fetched 2026-08-21),"P. O. Box 310, Greenville, KY 42345.",,,,,Contact: Don Avera
"AnnuLox Technologies, LLC",Lexington,KY,https://www.annulox.com,(859) 309-1960,s.moynahan@annulox.com,https://www.pickyourown.org/copackers-Kentucky.php,PickYourOwn.org Kentucky Co-Packers (fetched 2026-08-21),"Product development services, Lab testing services, Packaging, Drop-shipper, Distributor, Acidified canning, Nut-free facility, Plastic, Metal, Scale-up recipes, Scale-up recipes, We specialize in small and start-ups, Paid Consulting services 551A Horton Court, Lexington, KY 40511.",acidified; beverage; canning; bottling,,,nut-free,Specializes in small and start-ups
BEC CoPackers,Slidell,LA,https://www.beccopackers.com,(985) 326-8385,michelle@beccopackers.com,https://www.pickyourown.org/copackers-Louisiana.php,PickYourOwn.org Louisiana Co-Packers (fetched 2026-08-21),"BEC CoPackers - Copacker, Product development services, Recipe development, Business development consulting services, Packaging, Refrigerated storage, Freezer storage, Dry shelf storage, Hot packing, Cold packing, Kosher, CERTIFIED ORGANIC , Glass, Plastic, Scale-up recipes, Scale-up recipes, We can source (find) ingredients, We can source (find) packaging, Private labeling, We specialize in small and start-ups, Paid Consulting services",,,,organic; kosher,Specializes in small and start-ups
"Cutone Specialty Foods, Inc.",Chelsea,MA,https://www.cutonespecialtyfoods.com,617-889-1122,butch@cutonespecialtyfoods.com,https://www.pickyourown.org/copackers-Massachusetts.php,PickYourOwn.org Massachusetts Co-Packers (fetched 2026-08-21),"Cutone Specialty Foods, Inc. - Copacker, Canned or Preserved Vegetables/Fruits, Pickles and Pickled Vegetables, Private Label.",,,,,Contact: Lenny Proc
"IQF Custom Packing, Inc.",Fall River,MA,https://www.iqfcustompacking.com,508-646-4044,iqf@iqfcustompacking.com,https://www.pickyourown.org/copackers-Massachusetts.php,PickYourOwn.org Massachusetts Co-Packers (fetched 2026-08-21),"Frozen fish and entrees, frozen co-packing facility near New Bedford,MA. Storage and shipping also available.Test runs.",frozen; seafood,,,,Contact: Russell Young
Western MA Food Processing Center,Greenfield,MA,https://wmfpc.org,413-774-7204 ext. 104,katem@fccdc.org,https://www.pickyourown.org/copackers-Massachusetts.php,PickYourOwn.org Massachusetts Co-Packers (fetched 2026-08-21),"Commercial kitchen, Incubator, Product development services, Business development consulting services, Refrigerated storage, Freezer storage, Dry shelf storage, Acidified canning, Hot packing, Pickles, relishes, Certified Organic, Glass, Plastic, Scale-up recipes, Scale-up recipes, Business services, We specialize in small and start-ups, Free Consulting services",acidified; canning,,,organic,shared kitchen; Specializes in small and start-ups
"Hans Kissle, Co.",HAVERHILL,MA,https://www.hanskissle.com/,(978) 556-4500,,https://www.pickyourown.org/copackers-Massachusetts.php,PickYourOwn.org Massachusetts Co-Packers (fetched 2026-08-21),Refrigerated coleslaw and salads,,,,,
"Venus Wafers, Inc.",Hingham,MA,https://www.venuswafers.com,781-740-1002,mthompson@venuswafers.com,https://www.pickyourown.org/copackers-Massachusetts.php,PickYourOwn.org Massachusetts Co-Packers (fetched 2026-08-21),"Crackers, flatbreads, natural and organic, certified Kosher and Non-GMO.",,,,organic; kosher; Non-GMO,Contact: Michael Thompson
"Plenus Group, Inc.",Lowell,MA,https://www.plenus-group.com,978-970-3832,info@plenus-group.com,https://www.pickyourown.org/copackers-Massachusetts.php,PickYourOwn.org Massachusetts Co-Packers (fetched 2026-08-21),"Frozen soups, sauces and chowders.",frozen; sauces; meat; seafood,sauce/condiment,,USDA,Contact: Jennifer Jolly
"Sauces 'N Love, Inc.",Lynn,MA,https://www.saucesnlove.com,781-595-7771,info@saucesnlove.com,https://www.pickyourown.org/copackers-Massachusetts.php,PickYourOwn.org Massachusetts Co-Packers (fetched 2026-08-21),"Gluten-Free, Organic/Natural, Vegetarian, Pesto, Other Sauces, Seasonings and Cooking Enhancers, Pasta Sauce, Dessert Toppings.",acidified; bakery; frozen; sauces; salsa; seafood,sauce/condiment,,organic; gluten-free; FDA,Contact: Paolo Volpati-Kedra
Stock Pot Malden LLC,Malden,MA,https://www.stockpotmalden.com,781-605-1426,info@stockpotmalden.com,https://www.pickyourown.org/copackers-Massachusetts.php,PickYourOwn.org Massachusetts Co-Packers (fetched 2026-08-21),"facility servicing food trucks, food product wholesalers, and caterers",,,,,
Fatboy Foods,Medford,MA,https://www.fbfoods.com,(617) 335-4468,karl@fbfoods.com,https://www.pickyourown.org/copackers-Massachusetts.php,PickYourOwn.org Massachusetts Co-Packers (fetched 2026-08-21),"Fatboy Foods - Copacker, Product development services, Recipe development, Business development consulting services, Dry shelf storage, Hot packing, Cold packing, Seafoods, Glass, Plastic, Scale-up recipes, We can file forms and paperwork, We can source (find) ingredients, We can source (find) packaging, Private labeling, Other We specialize in small and start-ups",sauces,sauce/condiment,,USDA,Specializes in small and start-ups
"Bake & Joy Foods, Inc.",North Andover,MA,https://www.bakenjoy.com/,978-683-1414,gfregone@bakenjoy.com,https://www.pickyourown.org/copackers-Massachusetts.php,PickYourOwn.org Massachusetts Co-Packers (fetched 2026-08-21),"Frozen bread dough, pastry, cake and fillings.",bakery; frozen,,min frozen 2600 lbs/ mon,organic; kosher,
"Dimitria Delights, Inc",North Grafton,MA,https://www.dimitriadelights.com/,508-839-3035,,https://www.pickyourown.org/copackers-Massachusetts.php,PickYourOwn.org Massachusetts Co-Packers (fetched 2026-08-21),"Sweetbread, puff pastry dough and bakery products.",bakery,,,,
"Alfredo's Italian Foods, Mfg. Co. Inc .",Quincy,MA,https://www.aapasta.com/,617-479-6360,lino@aapasta.com,https://www.pickyourown.org/copackers-Massachusetts.php,PickYourOwn.org Massachusetts Co-Packers (fetched 2026-08-21),,frozen,,,USDA,
Worcester Regional Food Hub,Shrewsbury,MA,https://www.worcester.foodhub.org,508-667-5792,info@worcesterfoodhub.org,https://www.pickyourown.org/copackers-Massachusetts.php,PickYourOwn.org Massachusetts Co-Packers (fetched 2026-08-21),Incubator kitchen,,,,,Contact: Shon Rainford
"Ashley Food Company, Inc.",Sudbury,MA,https://www.ashleyfood.com,,,https://www.pickyourown.org/copackers-Massachusetts.php,PickYourOwn.org Massachusetts Co-Packers (fetched 2026-08-21),"Ashley Food Company, Inc. - formerly a Copacker of Sauces and condiments. P. O. Box 912, Sudbury, MA 01776.",sauces,sauce/condiment,,,Listed under Closed Co-Packers
New England Candy Company LLC,West Wareham,MA,https://www.CapeCodProvisions.com,(508) 776-0499,jack@capecodprovisions.com,https://www.pickyourown.org/copackers-Massachusetts.php,PickYourOwn.org Massachusetts Co-Packers (fetched 2026-08-21),"Commercial kitchen, Packaging, Drop-shipper, Distributor, Dry shelf storage, Plastic, Private labeling, We specialize in small and start-ups, Free Consulting services",,,,,shared kitchen; Specializes in small and start-ups
"Angy's Food Products, Inc.",Westfield,MA,https://angyslandolfifoodgroup.com/,413-572-1010,,https://www.pickyourown.org/copackers-Massachusetts.php,PickYourOwn.org Massachusetts Co-Packers (fetched 2026-08-21),Frozen/Pasta.,frozen,,,,
Chesapeake Bay Snacks,Baltimore,MD,https://www.chesapeakebaysnacks.com,(410) 675-6675,thad@chesapeakebaysnacks.com,https://www.pickyourown.org/copackers-Maryland.php,PickYourOwn.org Maryland Co-Packers (fetched 2026-08-21),"Packaging, Drop-shipper, Distributor, Hot packing, Cold packing, Glass, Plastic, We can source (find) ingredients, We can source (find) packaging, Private labeling, We specialize in small and start-ups",snacks; bottling,,,,Specializes in small and start-ups
Mid Atlantic Foods,Pocomoke City,MD,https://www.mafi.com,410-957-4100,,https://www.pickyourown.org/copackers-Maryland.php,PickYourOwn.org Maryland Co-Packers (fetched 2026-08-21),,meat,,,,
Longmeadow Foods,Gray,ME,https://www.pembertonsgourmet.com,207-657-6446,,https://www.pickyourown.org/copackers-Maine.php,PickYourOwn.org Maine Co-Packers (fetched 2026-08-21),"desserts, sauces, toppings and treats.",sauces,sauce/condiment,,,
"Pemberton's Foods, Inc.",Gray,ME,https://www.pembertonsgourmet.com,207-657-6446,,https://www.pickyourown.org/copackers-Maine.php,PickYourOwn.org Maine Co-Packers (fetched 2026-08-21),"jams, jellies, grilling sauces, salsa, pasta sauce, pesto and dessert toppings.",sauces; salsa,sauce/condiment,,,
Green Geans LLC,Westbrook,ME,https://www.greengeans.com,(207) 413-7988,greengeans207@gmail.com,https://www.pickyourown.org/copackers-Maine.php,PickYourOwn.org Maine Co-Packers (fetched 2026-08-21),"Commercial kitchen, Product development services, Recipe development, Business development consulting services, Plastic, Scale-up recipes, We can source (find) ingredients, We can source (find) packaging, Private labeling, Business services, Other Paid Consulting services",seafood,,,,shared kitchen
Prospectors LLC,Grand Rapids,MI,https://www.drinkprospectors.com,(616) 634-8260,david@drinkprospectors.com,https://www.pickyourown.org/copackers-Michigan.php,PickYourOwn.org Michigan Co-Packers (fetched 2026-08-21),"Recipe development, Packaging, Acidified canning, Hot packing, Cold packing, CERTIFIED ORGANIC , Glass, Plastic, Metal, Scale-up recipes, We can file forms and paperwork, We can source (find) ingredients, We can source (find) packaging, Private labeling, We specialize in small and start-ups, Larger volumes only",hot-fill; acidified; beverage; canning,hot-fill,,organic,Larger volumes only; Specializes in small and start-ups
Proper Beverage Co.,Husdonville,MI,https://www.properbeverage.com,(616) 414-2463,larry.griesbach@properbeverage.com,https://www.pickyourown.org/copackers-Michigan.php,PickYourOwn.org Michigan Co-Packers (fetched 2026-08-21),"Acidified canning, Low acid canning, Metal, Scale-up recipes, We can file forms and paperwork, We can source (find) ingredients, We can source (find) packaging, Private labeling",acidified; beverage; canning,,,,
Qualia Specialty Provisions,Madison Heights,MI,https://qualiaprovisions.com,(248) 930-2332,jared@qualiaprovisions.com,https://www.pickyourown.org/copackers-Michigan.php,PickYourOwn.org Michigan Co-Packers (fetched 2026-08-21),"Dry shelf storage, Nut-free facility, Glass, Plastic, Metal, Paper, Scale-up recipes, We can source (find) ingredients, We can source (find) packaging, Private labeling, Other We specialize in small and start-ups",,,,nut-free,Specializes in small and start-ups
Total Food Package,Spring Lake,MI,https://totalfoodpackage.com/,(616) 847-1868,sales@totalfoodpackage.com,https://www.pickyourown.org/copackers-Michigan.php,PickYourOwn.org Michigan Co-Packers (fetched 2026-08-21),"Dry shelf storage, Kosher, Certified Organic, Nut-free facility, We can source (find) ingredients, We can source (find) packaging, Private labeling, Business services, We specialize in small and start-ups",,,,organic; kosher; nut-free; gluten-free,Specializes in small and start-ups
Food for Thought,Traverse City,MI,https://foodforthought.net,(888) 935-2748,orders@foodforthought.net,https://www.pickyourown.org/copackers-Michigan.php,PickYourOwn.org Michigan Co-Packers (fetched 2026-08-21),"Hot packing, Certified Organic, Larger volumes only",sauces; salsa; bottling,sauce/condiment,,organic,Larger volumes only
G. E. F. Gourmet Foods,Mountain Lake,MN,https://www.gladcorn.com,800-692-6762,greatsnack@frontiernet.net,https://www.pickyourown.org/copackers-Minnesota.php,PickYourOwn.org Minnesota Co-Packers (fetched 2026-08-21),"G. E. F. Gourmet Foods - Copacker, Organic flour, cereal and mixes.",,,,organic,
Healthy For Life Meals,New Hope,MN,https://www.healthyforlifemeals.com,(763) 746-8800,corp@healthyforlifemeals.com,https://www.pickyourown.org/copackers-Minnesota.php,PickYourOwn.org Minnesota Co-Packers (fetched 2026-08-21),"Product development services, QA/QC Product testing services, Recipe development, Business development consulting services, Packaging, Plastic, Scale-up recipes, We can file forms and paperwork, We can source (find) ingredients, We can source (find) packaging, Private labeling, Business services, Larger volumes only, Paid Consulting services",,,,,Larger volumes only
Red Monkey Foods,Mount Vernon,MO,https://www.redmonkeyfoods.com,417-466-9109,jbrinkhofft@redmonkeyfoods.com,https://www.pickyourown.org/copackers-Missouri.php,PickYourOwn.org Missouri Co-Packers (fetched 2026-08-21),"Red Monkey Foods - - Copacker, Full-line Spices, Herbs, Other Sauces, Seasonings and Cooking Enhancers and Rubs.",sauces,sauce/condiment,,,Contact: Jeff Brinkhoff
Favazza Specialty Foods,Saint Louis,MO,https://www.favazzafoods.com,(314) 962-5000,dylan@favazzafoods.com,https://www.pickyourown.org/copackers-Missouri.php,PickYourOwn.org Missouri Co-Packers (fetched 2026-08-21),"Refrigerated storage, Freezer storage, Dry shelf storage, Cold packing, Plastic, Paper, We can source (find) ingredients, We can source (find) packaging, Private labeling",frozen,,,USDA,
Select Brands LLC,Springfield,MO,https://select-brands.net/one-stop/,417-863-0404,sales@select-brands.net,https://www.pickyourown.org/copackers-Missouri.php,PickYourOwn.org Missouri Co-Packers (fetched 2026-08-21),"Contract Manufacturing, Private Labeling, Food Service, Retort Packaging",retort,retort,,SQF; organic; FDA; USDA; Non-GMO; HACCP,
"Indianola Pecan House, Inc.",Indianola,MS,https://www.pecanhouse.com,800-541-6252,pecan@pecanhouse.com,https://www.pickyourown.org/copackers-Mississippi.php,PickYourOwn.org Mississippi Co-Packers (fetched 2026-08-21),"Indianola Pecan House, Inc. - Copacker, Sugar-free, other Chocolate, nuts and other Snacks.",snacks; chocolate,,,,
"Mississippi Cheese Straw Factory, Inc.",Yazoo City,MS,https://www.mscheesestraws.com,800-530-7496,info@mscheesestraws.com,https://www.pickyourown.org/copackers-Mississippi.php,PickYourOwn.org Mississippi Co-Packers (fetched 2026-08-21),"Mississippi Cheese Straw Factory, Inc. - - Copacker, Bread/Biscuits, Cakes/Pastries, Cookies and Other Baked Goods, Hors d'oeuvres and Appetizers. 342-South Mound Street, Yazoo City, MS 39194.",,,,,Contact: Hunter Yerger
West Fork Creations,Red Lodge,MT,https://www.kingscupboard.com,406-446-3060,,https://www.pickyourown.org/copackers-Montana.php,PickYourOwn.org Montana Co-Packers (fetched 2026-08-21),"West Fork Creations - - Copacker, chocolate sauces.",sauces; chocolate,sauce/condiment,,,
"House-Autry Mills, Inc.",Four Oaks,NC,http://www.house-autry.com,800-849-0802,,https://www.pickyourown.org/copackers-North-Carolina.php,PickYourOwn.org North Carolina Co-Packers (fetched 2026-08-21),"House-Autry Mills, Inc. - Copacker, Baking Mixes, Flour, Meals, Sauces, Seasonings and Cooking Enhancers. P. O. Box 460, Four Oaks, NC 27524.",sauces,sauce/condiment,,,
Stormberg Foods,Goldsboro,NC,http://stormbergfoods.com/the-home-of-american-biltong/,(252) 340-2434,,https://www.pickyourown.org/copackers-North-Carolina.php,PickYourOwn.org North Carolina Co-Packers (fetched 2026-08-21),"Product development services, Larger volumes only",,,,,Larger volumes only
LC Foods,Raleigh,NC,https://www.lowcarbfoods.com/,,lcfoodscorp@aol.com,https://www.pickyourown.org/copackers-North-Carolina.php,PickYourOwn.org North Carolina Co-Packers (fetched 2026-08-21),"Refrigerated storage, Freezer storage, Dry shelf storage, Bakery, Plastic, Scale-up recipes, Private labeling, We specialize in small and start-ups",bakery,,,,
Neu Spice and Seasoning LLC,Washington,NC,https://neuspice.com/,(252) 378-7912,flavor@neuspice.com,https://www.pickyourown.org/copackers-North-Carolina.php,PickYourOwn.org North Carolina Co-Packers (fetched 2026-08-21),"Product development services, Recipe development, Packaging, Drop-shipper, Dry shelf storage, Plastic, Scale-up recipes, We can source (find) ingredients, We can source (find) packaging, Private labeling, We specialize in small and start-ups",,,,,Specializes in small and start-ups
Golding Farms Foods,Winston-Salem,NC,https://www.goldingfarmsfoods.com,336-766-6161,information@goldingfarmsfoods.com,https://www.pickyourown.org/copackers-North-Carolina.php,PickYourOwn.org North Carolina Co-Packers (fetched 2026-08-21),Golding Farms Foods - Copacker,,,,,
South Atlantic Packaging,Winston-Salem,NC,https://www.southatlanticpackaging.com,(607) 727-6655,jason@southatlanticpackaging.com,https://www.pickyourown.org/copackers-North-Carolina.php,PickYourOwn.org North Carolina Co-Packers (fetched 2026-08-21),"Packaging, Dry shelf storage, Kosher, Private labeling, Business services, Other We specialize in small and start-ups, Larger volumes only",,,,kosher; SQF; FDA,Larger volumes only
Wanda's Nature Farm Foods,Lincoln,NE,https://www.superbakes.com,800-735-6828,,https://www.pickyourown.org/copackers-Nebraska.php,PickYourOwn.org Nebraska Co-Packers (fetched 2026-08-21),Wanda's Nature Farm Foods - - Copacker,bakery,,,,
Panorama Wellness Production,Omaha,NE,,(531) 200-3646,,https://www.pickyourown.org/copackers-Nebraska.php,PickYourOwn.org Nebraska Co-Packers (fetched 2026-08-21),"Packaging, Refrigerated storage, Freezer storage, Plastic, Scale-up recipes, We can file forms and paperwork, We can source (find) ingredients, We can source (find) packaging, Private labeling",,,,,
El Pinto Foods LLC,Albuquerque,NM,"https://www.elpinto.com/co-packing,-hot-fill-manufacturing,-private-label-manufacturing",505-898-1771,sarah@elpinto.com,https://www.pickyourown.org/copackers-Idaho.php,PickYourOwn.org Idaho Co-Packers (fetched 2026-08-21),"Organic/Natural, Vegetarian Salsa and Dips. 10500 4th Street, Albuquerque, NM 87114.",hot-fill; salsa,hot-fill; sauce/condiment,,organic; SQF,
Fish Ski Provisions,Alcalde,NM,http://fishskiprovisions.com,720-442-0824,fishski@fishskiprovisions.com,https://docs.google.com/spreadsheets/d/e/2PACX-1vTA82aZVxeliPx-7GKPe7UKKzNEvBS9jN1dqVN-U1jqUXflespT9AdkVYHek7RlyVZT68pBUrjIycL3/pub?gid=560248172&single=true&output=csv,"Colorado Co-Pack Directory (public Google Sheet gid=560248172, fetched 2026-08-21)","Dry goods: meals, spices, pasta, feeds, beans, cereals, grains, nuts, and seeds | Macaroni and cheese, grits, spice mixes",,,400 units,,"Contact: Rob McCormack; We're a one stop shop for dry ingredient co-packing, co-branding, and private label packing. FishSki Provisions is happy to lend our food manufacturing expertise to help your brand grow; support your event, and/or private label."
"Cassie's Country Cupboard, LLC",Celina,OH,https://www.cassiescountrycupboard.com,(419) 852-0839,cassie@cassiescountrycupboard.com,https://www.pickyourown.org/copackers-Ohio.php,PickYourOwn.org Ohio Co-Packers (fetched 2026-08-21),"Commercial kitchen, Dry shelf storage, Plastic, We specialize in small and start-ups",,,minimum order quantities,,shared kitchen; Specializes in small and start-ups
"Uncle Jester's Fine Foods, LLC",Dayton,OH,https://www.crazyunclejester.com/co-packing/,937-550-1025,info@crazyunclejester.com,https://www.pickyourown.org/copackers-Ohio.php,PickYourOwn.org Ohio Co-Packers (fetched 2026-08-21),"Dayton, OH 45475.",acidified; sauces; salsa,sauce/condiment,,FDA,
Prime Solutions - BLDG E,Granville,OH,https://www.primesolutionspackaging.com,(614) 400-5484,cs@primechemco.com,https://www.pickyourown.org/copackers-Ohio.php,PickYourOwn.org Ohio Co-Packers (fetched 2026-08-21),"Product development services, Packaging, Drop-shipper, Distributor, Dry shelf storage, Glass, Plastic, Metal, Paper, Scale-up recipes, Scale-up recipes, We can source (find) ingredients, We can source (find) packaging, Private labeling, Business services",,,,,
Signature Sauces,Independence,OH,https://signaturesauces.com/,216-642-4605,info@signaturesauces.com,https://www.pickyourown.org/copackers-Ohio.php,PickYourOwn.org Ohio Co-Packers (fetched 2026-08-21),Signature Sauces - Copacker,sauces,sauce/condiment,,,
Eastgate Group,Lebanon,OH,https://eastgategroup.com/,(513) 934-0018,,https://www.pickyourown.org/copackers-Ohio.php,PickYourOwn.org Ohio Co-Packers (fetched 2026-08-21),"Eastgate Group - Copacker, Packaging, Glass, Plastic, Metal, Scale-up recipes, Scale-up recipes, We can source (find) packaging, Private labeling, Business services",beverage,,,BRC; GFSI; organic; kosher; FDA; USDA,
Waggoner Chocolates,North Canton,OH,https://www.waggonerchocolates.com,,jwaggoner@waggonerchocolates.com,https://www.pickyourown.org/copackers-Ohio.php,PickYourOwn.org Ohio Co-Packers (fetched 2026-08-21),"Waggoner Chocolates - Copacker, Kosher, Cookies, Full-line Chocolate, Full-line Candy and Other Candy.",chocolate,,,kosher,Contact: Joe Waggoner
To-Go Packs,Rockbridge,OH,https://to-gopacks.com,(216) 235-2110,rick@to-gopacks.com,https://www.pickyourown.org/copackers-Ohio.php,PickYourOwn.org Ohio Co-Packers (fetched 2026-08-21),"To-Go Packs - Copacker, Incubator, Product development services, QA/QC Product testing services, Recipe development, Business development consulting services, Packaging, Refrigerated storage, Freezer storage, Dry shelf storage, Acidified canning, Hot packing, Glass, Plastic, Scale-up recipes, Scale-up recipes, We can file forms and paperwork, We can source (find) ingredients, We can source (find) packaging, Private labeling, We specialize in small and start-ups PO BOX 33, Rockbridge, OH 43149.",acidified; canning; sauces,sauce/condiment,,FDA,Specializes in small and start-ups
Woeber Mustard Mfg. Co.,Springfield,OH,https://www.woebermustard.com,800-548-2929,rickschmidt@woebermustard.com,https://www.pickyourown.org/copackers-Ohio.php,PickYourOwn.org Ohio Co-Packers (fetched 2026-08-21),"Woeber Mustard Mfg. Co. - Copacker, Kosher, Other Lifestyle Mustards and Condiments, Vinegar.",,sauce/condiment,,kosher,Contact: Rick Schmidt
Patter Fam Foods Co Packing,Wheelersburg,OH,http://www.patterfamsauces.com/pages/patter-fam-foods,(740)352-2008,patterfamsauce@yahoo.com,https://www.pickyourown.org/copackers-Ohio.php,PickYourOwn.org Ohio Co-Packers (fetched 2026-08-21),,,,,,
Conspirator Beverage,Clackamas,OR,https://www.conspiratorbeverage.com,(503) 714-5062,info@conspiratorbeverage.com,https://www.pickyourown.org/copackers-Oregon.php,PickYourOwn.org Oregon Co-Packers (fetched 2026-08-21),"Packaging, Metal, Scale-up recipes, Private labeling",beverage; canning; bottling,,,,
Oregon Hill Farms,Helens,OR,https://oregonhill.com,(503) 397-2791,info@oregonhill.com,https://www.pickyourown.org/copackers-Oregon.php,PickYourOwn.org Oregon Co-Packers (fetched 2026-08-21),"Acidified canning, Hot packing, Kosher, Nut-free facility, Glass, Plastic, Scale-up recipes, We can source (find) ingredients, We can source (find) packaging, Private labeling, Other We specialize in small and start-ups",acidified; canning,,minimum quantities than the large co-packers require,kosher; nut-free,Specializes in small and start-ups
Bob's Red Mill,Milwaukie,OR,https://www.bobsredmill.com/,503-654-3215,,https://www.pickyourown.org/copackers-Oregon.php,PickYourOwn.org Oregon Co-Packers (fetched 2026-08-21),Dry mixes,,,,,
"St. Cousair, Inc.",Newberg,OR,https://www.stcousair-oregon.com/private-retail.html,(503) 538-2929,info@stcousair-oregon.com,https://www.pickyourown.org/copackers-Oregon.php,PickYourOwn.org Oregon Co-Packers (fetched 2026-08-21),Specializes in Japanese food products,sauces,sauce/condiment,,,
Rock Solid Manufacturing,Portland,OR,https://www.rocksolidmanufacturing.com,(503) 954-3469,admin@rocksolidmanufacturing.com,https://www.pickyourown.org/copackers-Oregon.php,PickYourOwn.org Oregon Co-Packers (fetched 2026-08-21),"Product development services, Recipe development, Packaging, Drop-shipper, Glass, Plastic, Scale-up recipes, Scale-up recipes, We can file forms and paperwork, We can source (find) ingredients, We can source (find) packaging, Private labeling, We specialize in small and start-ups",,,,,Specializes in small and start-ups
Swift Cider,Portland,OR,https://www.swiftcider.com/co-packing,(503) 703-2994,copacking@swiftcider.com,https://www.pickyourown.org/copackers-Oregon.php,PickYourOwn.org Oregon Co-Packers (fetched 2026-08-21),"Product development services, QA/QC Product testing services, Recipe development lab testing services, Business development consulting services, We specialize in small and start-ups",beverage,,,,
"West Coast CoPacker, Inc",Salem,OR,https://westcoastcopacker.com/,(702) 273-9714,info@westcoastcopacker.com,https://www.pickyourown.org/copackers-Oregon.php,PickYourOwn.org Oregon Co-Packers (fetched 2026-08-21),"Hot packing, Cold packing, CERTIFIED ORGANIC , Glass, Plastic, Scale-up recipes, Scale-up recipes, We can source (find) ingredients, We can source (find) packaging, Private labeling, We specialize in small and start-ups",beverage; sauces; salsa,sauce/condiment,,organic; gluten-free; FDA,Specializes in small and start-ups
Millennium Packaging Services Co-packer,Carbondale,PA,https://www.mil-pkg.com,1-570-282-2024,debra.lubitz@mil-pkg.com,https://www.pickyourown.org/copackers-Pennsylvania.php,PickYourOwn.org Pennsylvania Co-Packers (fetched 2026-08-21),"Dry shelf storage, Kosher, Certified Organic, Nut-free facility, Plastic, Paper",,,,organic; kosher; nut-free,
Gaffney Foods,DALLASTOWN,PA,https://www.facebook.com/gaffneyfoods,(717) 378-2451,info@gaffneyfoods.com,https://www.pickyourown.org/copackers-Pennsylvania.php,PickYourOwn.org Pennsylvania Co-Packers (fetched 2026-08-21),"Product development services, Recipe development, Dry shelf storage, Acidified canning, Hot packing, Pickles, relishes, Glass, Plastic, Scale-up recipes, We can file forms and paperwork, We can source (find) ingredients, We can source (find) packaging, Private labeling, Business services, We specialize in small and start-ups, Free Consulting services",acidified; canning; sauces; salsa,sauce/condiment,,,Specializes in small and start-ups
The Sweetery,Anderson,SC,https://www.thesweetery.com,800-752-1188,,https://www.pickyourown.org/copackers-South-Carolina.php,PickYourOwn.org South Carolina Co-Packers (fetched 2026-08-21),"Cakes, candies.",,,,,
Cobalt International Inc.,Rock Hill,SC,https://www.cobaltinternational.com,(803) 830-6675,rparham@cobaltinternational.com,https://www.pickyourown.org/copackers-South-Carolina.php,PickYourOwn.org South Carolina Co-Packers (fetched 2026-08-21),"Product development services, QA/QC Product testing services, Lab testing services, Packaging, Drop-shipper, Distributor, Dry shelf storage, Nut-free facility, Plastic, Scale-up recipes, Scale-up recipes, We can file forms and paperwork, We can source (find) ingredients, We can source (find) packaging, Private labeling, Business services, Other We specialize in small and start-ups, Free Consulting services",,,,nut-free,Specializes in small and start-ups
Doug Jeffords Company,Franklin,TN,https://www.dougjeffords.com,615-373-0044,,https://www.pickyourown.org/copackers-Tennessee.php,PickYourOwn.org Tennessee Co-Packers (fetched 2026-08-21),"Batters, breadings, seasonings, specialty salts, spices, and herbs",,,,,
Porky's Gourmet Foods,Gallatin,TN,https://porkysgourmet.com,615-230-7000,,https://www.pickyourown.org/copackers-Tennessee.php,PickYourOwn.org Tennessee Co-Packers (fetched 2026-08-21),"Sauces, relishes, seasonings, dry rubs and salsas",sauces; salsa,sauce/condiment,,,
Brothers Fine Foods,Lewisburg,TN,https://www.brothersfinefoods.com,877-777-7556,mharris@brothersfinefoods.com,https://www.pickyourown.org/copackers-Tennessee.php,PickYourOwn.org Tennessee Co-Packers (fetched 2026-08-21),"Sauces, salsas, relishes",sauces; salsa,sauce/condiment,,,
Das Jam Haus,Limestone,TN,https://www.dasjamhaus.com,423-257-3460,dasjamhaus@emypeople.net,https://www.pickyourown.org/copackers-Tennessee.php,PickYourOwn.org Tennessee Co-Packers (fetched 2026-08-21),"Pickles, relishes, jams, jellies, salsas, sauces, butters",sauces; salsa,sauce/condiment,,,
T. Ho Foods Inc.,Loudon,TN,https://thofoods.com,(865) 765-0316,thoaiho@thofoods.com,https://www.pickyourown.org/copackers-Tennessee.php,PickYourOwn.org Tennessee Co-Packers (fetched 2026-08-21),"Refrigerated storage, Freezer storage, Hot packing, Cold packing, Glass, Plastic, Paper, Scale-up recipes, Scale-up recipes, Private labeling, We specialize in small and start-ups",sauces,sauce/condiment,,,
"St. Clair Foods, Inc.",Memphis,TN,https://www.stclair.com,901-396-8680,brian@stclair.com,https://www.pickyourown.org/copackers-Tennessee.php,PickYourOwn.org Tennessee Co-Packers (fetched 2026-08-21),"Full-line Frozen, Other Frozen, Ready Meals/Pizza/Soups.",frozen,,,,Contact: Brian Edmonds
Chairmans Foods,Nashville,TN,https://www.chairmansfoods.com,615-231-4315 ext 202,cstaudt@chairmansfoods.com,https://www.pickyourown.org/copackers-Tennessee.php,PickYourOwn.org Tennessee Co-Packers (fetched 2026-08-21),"Soups, stews, chowders, entrees, fillings/toppings, sauces, deli salads, gravies, dips, side dishes",sauces,sauce/condiment,,,Contact: Chris Staudt
Further Farms,Nashville,TN,https://furtherfoods.com,(615)397-3010,josh@furtherfoods.com,https://www.pickyourown.org/copackers-Tennessee.php,PickYourOwn.org Tennessee Co-Packers (fetched 2026-08-21),"Hot sauce, seasonings, relishes, condiments, acidified foods 315 10th Ave. North, Suite 100, Nashville, TN 37203.",acidified; sauces,sauce/condiment,,,Contact: Josh Davis
Standard Functional Food Group Inc. (SFFGI),Nashville,TN,https://www.sffgi.com,615-889-6360,,https://www.pickyourown.org/copackers-Tennessee.php,PickYourOwn.org Tennessee Co-Packers (fetched 2026-08-21),"Functional Food Bars-Sports Nutrition, Weight Management, Functional, Nutritional and more. SQG Level",,,,organic,Contact: Bryan Lewis
Allegro Fine Foods,Paris,TN,https://www.allegromarinade.com/about-us/contract-manufacture,731-642-6113 x224,dgriffo@allegromarinade.com,https://www.pickyourown.org/copackers-Tennessee.php,PickYourOwn.org Tennessee Co-Packers (fetched 2026-08-21),"Sauces, marinades",sauces,sauce/condiment,,,
Nashville Kitchen and Cannery,,TN,https://www.nashvillekitchenandcannery.com,,parker@nashvillekitchenandcannery.com,https://www.pickyourown.org/copackers-Tennessee.php,PickYourOwn.org Tennessee Co-Packers (fetched 2026-08-21),"Jams, jellies, sauces, acidified foods",acidified; sauces,sauce/condiment,,,Contact: Parker Baggett
Tennessee Gourmet,,TN,https://www.tngourmetsauce.com,615-453-1617,mrgreen1@bellsouth.net,https://www.pickyourown.org/copackers-Tennessee.php,PickYourOwn.org Tennessee Co-Packers (fetched 2026-08-21),,sauces,sauce/condiment,,,Contact: Sue Sykes
"EPD, Inc.",Angleton,TX,https://www.epdinc.org,(979) 362-1670,joseph@epdinc.org,https://www.pickyourown.org/copackers-Texas.php,PickYourOwn.org Texas Co-Packers (fetched 2026-08-21),"Recipe development, Packaging, Drop-shipper, Kosher, Certified Organic, Nut-free facility, Glass, Plastic, Metal, Paper, Scale-up recipes, We can source (find) ingredients, We can source (find) packaging, Private labeling, Business services, We specialize in small and start-ups, Larger volumes only, Paid Consulting services",beverage,,,organic; kosher; nut-free,Larger volumes only; Specializes in small and start-ups
Teasdale formerly Jardine Foods,Buda,TX,https://teasdalelatinfoods.com/,512-295-4600,,https://www.pickyourown.org/copackers-Texas.php,PickYourOwn.org Texas Co-Packers (fetched 2026-08-21),"#1 Chisholm Trail Buda, TX 78610.",canning; sauces; salsa,sauce/condiment,,organic,
Colgin,Dallas,TX,https://www.colgin.com/,(888) 226-5446,,https://www.pickyourown.org/copackers-Texas.php,PickYourOwn.org Texas Co-Packers (fetched 2026-08-21),"Professional Contract Packaging, Commercial Drink Packaging, Commercial Sauce Packaging, Contract Liquid Bottling, Contract Private Label Packaging",beverage; sauces; bottling,sauce/condiment,,FDA,
Paciguo Distribution,Dallas,TX,https://www.facebook.com/paciugo,(214) 682-0114,info@paciugo.com,https://www.pickyourown.org/copackers-Texas.php,PickYourOwn.org Texas Co-Packers (fetched 2026-08-21),"Product development services, Recipe development, Lab testing services, Distributor, Freezer storage, Paper, Scale-up recipes, We can source (find) ingredients, We can source (find) packaging, Private labeling, We specialize in small and start-ups, Free Consulting services",frozen,,,SQF; FDA,Specializes in small and start-ups
Beer Dudes Canning,Denton,TX,https://www.beerdudescanning.com,(972) 454-4191,info@beerdudescanning.com,https://www.pickyourown.org/copackers-Texas.php,PickYourOwn.org Texas Co-Packers (fetched 2026-08-21),"Cold packing, Metal, We can file forms and paperwork, We can source (find) ingredients, We can source (find) packaging, Private labeling, We specialize in small and start-ups, Larger volumes only, Free Consulting services, Paid Consulting services",beverage; canning,,,,Larger volumes only; Specializes in small and start-ups
TexBev Co-Packing & Manufacturing,Fort Worth,TX,https://www.texbev.com/,(469) 350-2612,sales@texbev.com,https://www.pickyourown.org/copackers-Texas.php,PickYourOwn.org Texas Co-Packers (fetched 2026-08-21),"Beverage Copacker, Packaging, Kosher, Certified Organic, Metal, Scale-up recipes, Scale-up recipes, We can source (find) ingredients, We can source (find) packaging, Private labeling, Business services, Other We specialize in small and start-ups",beverage,,,organic; kosher; SQF; gluten-free; USDA; Non-GMO; HACCP,
Bally Plus,GARLAND,TX,https://WWW.BALLYPLUS.COM,(972) 485-8878,garymurphy@ballyplus.com,https://www.pickyourown.org/copackers-Texas.php,PickYourOwn.org Texas Co-Packers (fetched 2026-08-21),"Product development services, Recipe development, Refrigerated storage, Freezer storage, Dry shelf storage, Hot packing, Cold packing, Glass, Plastic, Metal, Private labeling, Other Larger volumes only",sauces; bottling,sauce/condiment,"MOQ of 5-10 pallets per item, per order)",,Larger volumes only
Cactus Juice Bottling,Graham,TX,https://www.cactusjuicebottling.com,1-800-305-6494,orders@cactusjuicetm.com,https://www.pickyourown.org/copackers-Texas.php,PickYourOwn.org Texas Co-Packers (fetched 2026-08-21),"Packaging, Drop-shipper, Distributor, Refrigerated storage, Dry shelf storage, Cold packing, Plastic, Scale-up recipes, We can source (find) ingredients, We can source (find) packaging, Private labeling, Free Consulting services",beverage; bottling,,,SQF,
Heritage Family Specialty Foods,Grand Prairie,TX,https://www.hfsfoods.com,800-648-2837,michael.moss@hfsfoods.com,https://www.pickyourown.org/copackers-Texas.php,PickYourOwn.org Texas Co-Packers (fetched 2026-08-21),Heritage Family Specialty Foods - Copacker,frozen; sauces,sauce/condiment,,organic,Contact: Don Barnes Description of services or product specialties: Organic/Natural Bak
Komplete Packaging,Grand Prairie,TX,https://www.kpak.com,(214) 252-8100,,https://www.pickyourown.org/copackers-Texas.php,PickYourOwn.org Texas Co-Packers (fetched 2026-08-21),"Packaging, Drop-shipper, Refrigerated storage, Freezer storage, Dry shelf storage, Hot packing, Cold packing, Kosher, CERTIFIED ORGANIC , Glass, Plastic, Metal, Paper, We can source (find) ingredients, We can source (find) packaging, Private labeling, We specialize in small and start-ups, Larger volumes only",,,,organic; kosher; SQF; AIB,Larger volumes only; Specializes in small and start-ups
The Spice Guild,Grand Prairie,TX,https://www.culinary-focus.com,(334) 799-5380,katherine@culinary-focus.com,https://www.pickyourown.org/copackers-Texas.php,PickYourOwn.org Texas Co-Packers (fetched 2026-08-21),"Product development services, Recipe development, Business development consulting services, Kosher, CERTIFIED ORGANIC , Scale-up recipes, We can source (find) ingredients, Private labeling, We specialize in small and start-ups, Larger volumes only 2522 109th Street, Grand Prairie, TX 75050.",,,,organic; kosher,Specializes in small and start-ups
Curio Sweets,HOUSTON,TX,https://curiosweets.com/,(832) 840-4549,contact@curiosweets.com,https://www.pickyourown.org/copackers-Texas.php,PickYourOwn.org Texas Co-Packers (fetched 2026-08-21),"Product development services, QA/QC Product testing services, Recipe development, Lab testing services, Business development consulting services, Packaging, Refrigerated storage, Freezer storage, Dry shelf storage, Bakery, Scale-up recipes, Scale-up recipes, Private labeling, Business services",bakery,,MOQ (minimum,GFSI,
Nano Hemp Tech Labs,Houston,TX,https://nanohemptechlabs.com,(281) 541-0047,info@nanohemptechlabs.com,https://www.pickyourown.org/copackers-Texas.php,PickYourOwn.org Texas Co-Packers (fetched 2026-08-21),"Packaging, Dry shelf storage, Glass, Plastic, Scale-up recipes, Scale-up recipes, Private labeling, Other We specialize in small and start-ups, Larger volumes only",beverage,,,,Larger volumes only; Specializes in small and start-ups
Jananna Foods,Kilgore,TX,,903-984-2041,,https://www.pickyourown.org/copackers-Texas.php,PickYourOwn.org Texas Co-Packers (fetched 2026-08-21),P.O. Box,,,,,
Azar Nut Company,Paso,TX,https://www.azarnutco.com,800-351-8178,kim@azarnutco.com,https://www.pickyourown.org/copackers-Texas.php,PickYourOwn.org Texas Co-Packers (fetched 2026-08-21),,,,,kosher,"Contact: Kim Williams Description of services or product specialties: Kosher, Hard Cand"
Amigos Canning Co.,San Antonio,TX,,210-798-5360,,https://www.pickyourown.org/copackers-Texas.php,PickYourOwn.org Texas Co-Packers (fetched 2026-08-21),,canning,,,,
KT Element,San Antonio,TX,,(210) 320-3058,info@elementkombucha.com,https://www.pickyourown.org/copackers-Texas.php,PickYourOwn.org Texas Co-Packers (fetched 2026-08-21),"Product development services, Recipe development, Packaging, Refrigerated storage, Certified Organic, Metal, Scale-up recipes, We can file forms and paperwork, We can source (find) ingredients, We can source (find) packaging, Private labeling, We specialize in small and start-ups, Paid Consulting services",beverage,,,organic,Specializes in small and start-ups
Wildway,San Antonio,TX,http://www.wildwayoflife.com,512-273-7530,info@wildwayoflife.com,https://www.nongmoproject.org/copacker/,Non-GMO Project Co-Packer Directory (fetched 2026-08-21),"Blending, mixing, pouch packaging, flat bag packaging, single serve packaging, bag-in-box packaging.",,,,SQF; organic; gluten-free; Non-GMO Project,Independent manufacturer listed on Non-GMO Project Co-Packer Directory.
The Ya-Hoo! Baking Company,Sherman,TX,https://www.yahoocake.com,800-575-9373,wholesale@yahoocake.com,https://www.pickyourown.org/copackers-Texas.php,PickYourOwn.org Texas Co-Packers (fetched 2026-08-21),The Ya-Hoo! Baking Company - Copacker,frozen,,,,Contact: Geoff Crowley Description of services or product specialties: Cakes/Pastries
Waco Bottling,Woodway,TX,https://www.wacobottling.com/,254-340-4679,contact@wacobottling.com,https://www.pickyourown.org/copackers-Texas.php,PickYourOwn.org Texas Co-Packers (fetched 2026-08-21),,beverage; sauces; bottling,sauce/condiment,,,
Kaurina's Ice Cream,,TX,https://www.kaurinas.com,(972) 888-9990,info@kaurinas.com,https://www.pickyourown.org/copackers-Texas.php,PickYourOwn.org Texas Co-Packers (fetched 2026-08-21),"Product development services, Recipe development, Business development consulting services, Refrigerated storage, Freezer storage, Dry shelf storage, Cold packing, Scale-up recipes, Scale-up recipes, We can source (find) ingredients, We can source (find) packaging, Private labeling, Business services, We specialize in small and start-ups, Paid Consulting services 75244.",frozen,,,,Specializes in small and start-ups
Factory6,American Fork,UT,https://www.factory6mfg.com/,(385) 387-1040,trsaccato@hotmail.com,https://www.pickyourown.org/copackers-Utah.php,PickYourOwn.org Utah Co-Packers (fetched 2026-08-21),"QA/QC Product testing services, Packaging, Private labeling, Othe",,,,,
Tall Hat Foods,Lindon,UT,https://www.tallhatfoods.com,(773) 657-4509,jason@tallhatfoods.com,https://www.pickyourown.org/copackers-Utah.php,PickYourOwn.org Utah Co-Packers (fetched 2026-08-21),"Product development services, Recipe development, Lab testing services, Packaging, Refrigerated storage, Freezer storage, Hot packing, Cold packing, CERTIFIED ORGANIC , Plastic, Scale-up recipes, We can source (find) packaging, Private labeling, Larger volumes only, Paid Consulting services",sauces,sauce/condiment,,organic,Larger volumes only
Cornaby's Specialty Foods & Co-Packing,Payson,UT,https://www.cornabys.com,(801) 754-4968,sales@cornabys.com,https://www.pickyourown.org/copackers-Utah.php,PickYourOwn.org Utah Co-Packers (fetched 2026-08-21),"Product development services, Recipe development, Packaging, Acidified canning, Low acid canning, Hot packing, Cold packing, Pickles, relishes, Glass, Plastic, Scale-up recipes, We can source (find) ingredients, We can source (find) packaging, Private labeling, We specialize in small and start-ups, Larger volumes only, Paid Consulting services",acidified; bakery; canning; frozen; sauces; salsa,sauce/condiment,,,Larger volumes only
Maple Mountain Co-Packers,Provo,UT,http://mmcp.co/,(801) 960-3387,sales@gommcp.com,https://www.pickyourown.org/copackers-Utah.php,PickYourOwn.org Utah Co-Packers (fetched 2026-08-21),"Packaging, Dry shelf storage, Hot packing, Cold packing, Plastic, Metal, Paper, Business services, We specialize in small and start-ups, Larger volumes only",,,,FDA,Specializes in small and start-ups
SS Nutra,Sandy,UT,,(855) 339-0028,sales@ssnutra.co,https://www.pickyourown.org/copackers-Utah.php,PickYourOwn.org Utah Co-Packers (fetched 2026-08-21),"Product development services, Recipe development, Packaging, Drop-shipper, Glass, Plastic, Metal, Paper, Scale-up recipes, Scale-up recipes, We can source (find) ingredients, We can source (find) packaging, Private labeling, Business services, We specialize in small and start-ups 9587s 500w, Sandy, UT 84070.",,,,,Specializes in small and start-ups
Pasta by Valente,Charlottesville,VA,https://www.pastavalente.com,888-575-7670,retail@pastavalente.com,https://www.pickyourown.org/copackers-Virginia.php,PickYourOwn.org Virginia Co-Packers (fetched 2026-08-21),"Pasta by Valente - Copacker, Nut-free, Organic/Natural Vegetarian Pasta (dry). P. O. Box 2307, Charlottesville, VA 22902.",,,,organic; nut-free,
"Friendship Industries, Inc.",Harrisonburg,VA,https://friendship-industries.com/contract-packaging/,540-434-9586,sales@friendship-industries.com,https://www.pickyourown.org/copackers-Virginia.php,PickYourOwn.org Virginia Co-Packers (fetched 2026-08-21),,,,,,
Summit Beverage Group,Marion,VA,https://www.summitbeveragegroup.com/,(276) 781-0671,geofsoares@aol.com,https://www.pickyourown.org/copackers-Virginia.php,PickYourOwn.org Virginia Co-Packers (fetched 2026-08-21),Beverages,beverage,,600 bottles a min,organic; kosher; USDA,
Jody's Popcorn,Norfolk,VA,https://www.jodyspopcorn.com,(757) 422-8646,order@jodyspopcorn.com,https://www.pickyourown.org/copackers-Virginia.php,PickYourOwn.org Virginia Co-Packers (fetched 2026-08-21),"Drop-shipper, We specialize in small and start-ups",,,minimum quantities,kosher,
Ashman Manufacturing Company,Virginia Beach,VA,https://www.ashmanco.com,(757) 428-6734,natalie@ashmanco.com,https://www.pickyourown.org/copackers-Virginia.php,PickYourOwn.org Virginia Co-Packers (fetched 2026-08-21),"Product development services, QA/QC Product testing services, Recipe development, Lab testing services, Packaging, Dry shelf storage, Acidified canning, Hot packing, Cold packing, Glass, Plastic, Scale-up recipes, Scale-up recipes, We can file forms and paperwork, We can source (find) ingredients, We can source (find) packaging, Private labeling, Business services, We specialize in small and start-ups, Larger volumes only, Free Consulting services",acidified; canning,,,,Larger volumes only
"The Virginia Diner, Inc.",Wakefield,VA,https://www.vadiner.com,757-899-6213,sstephens@vadiner.com,https://www.pickyourown.org/copackers-Virginia.php,PickYourOwn.org Virginia Co-Packers (fetched 2026-08-21),"The Virginia Diner, Inc. - Copacker, Organic/Natural, Sugar Free Full-line Snacks, Nuts and Pretzels.",snacks,,,organic,Contact: Scott Stephens
Virginia Packing,detail. Based in Toano,VA,https://www.virginiapacking.com/,757 250 3764,contact@virginiapacking.com,https://www.pickyourown.org/copackers-Virginia.php,PickYourOwn.org Virginia Co-Packers (fetched 2026-08-21),"Specialty co-packer for cured meats, cheeses and other quality foods",meat,,,SQF; FDA; USDA,
Grafton Village Cheese,Grafton,VT,https://www.graftonvillagecheese.com,802-246-2221,info@graftonvillagecheese.com,https://www.pickyourown.org/copackers-Vermont.php,PickYourOwn.org Vermont Co-Packers (fetched 2026-08-21),"Grafton Village Cheese - Copacker, Cheese, Hors d'oeuvres/Appetizers. PO Box 87, Grafton, VT05146.",,,,,
"Olivia's Crouton Company, Inc.",New Haven,VT,https://www.oliviascroutons.com,888-425-3080,fwc@oliviascroutons.com,https://www.pickyourown.org/copackers-Vermont.php,PickYourOwn.org Vermont Co-Packers (fetched 2026-08-21),"Olivia's Crouton Company, Inc. - Copacker, Organic/Natural Crackers, Other Baked Goods, Salad Dressing and Other Snacks",snacks,sauce/condiment,,organic,
Freedom Foods LLC,Randolph,VT,https://www.freedon-foods.com,802-728-0070,cathy@freedom-foods.com,https://www.pickyourown.org/copackers-Vermont.php,PickYourOwn.org Vermont Co-Packers (fetched 2026-08-21),"Freedom Foods LLC - Copacker, Gluten-Free, Full-line Baking Mixes and Ingredients, full-line condiments and snacks, Breakfast Cereals, full-line spreads and syrup.",snacks,sauce/condiment,,gluten-free,
Vermont Pepper Works,S. Burlington,VT,https://www.vermontpepperworks.com,802-598-6419,jeff@vermontpepperworks.com,https://www.pickyourown.org/copackers-Vermont.php,PickYourOwn.org Vermont Co-Packers (fetched 2026-08-21),"49A Commerce Ave, S. Burlington, VT 05403.",,,Minimum quantity of 38 gallons,,
Green Mountain Co-Pack,Williston,VT,https://www.greenmountaincopack.com/,802-846-7639,mark@thirsty1.com,https://www.pickyourown.org/copackers-Vermont.php,PickYourOwn.org Vermont Co-Packers (fetched 2026-08-21),Specialty Food and Beverage Producer,beverage,,,,
Vermont Bottling Company,Williston,VT,https://www.vermontbottling.com,802-846-7639,info@vermontbottling.com,https://www.pickyourown.org/copackers-Vermont.php,PickYourOwn.org Vermont Co-Packers (fetched 2026-08-21),"Hot-fill, beverages, sauces, syrups, marinades",hot-fill; beverage; sauces; bottling,hot-fill; sauce/condiment,minimum quantity of 300 gallons,,
Nutty-Life,Woodstock,VT,https://www.nutty-life.com,802-478-4087,,https://www.pickyourown.org/copackers-Vermont.php,PickYourOwn.org Vermont Co-Packers (fetched 2026-08-21),"Beverage co-manufacturing facility 217-4 Maxham Meadow Way, Unit 1F, Woodstock, VT 05091.",beverage; bottling,,,,
Pulp Kitchen,,VT,https://www.pkjuice.com,203-927-8158,,https://www.pickyourown.org/copackers-Vermont.php,PickYourOwn.org Vermont Co-Packers (fetched 2026-08-21),"certified organic cold pressed company, beverage and food product developer and also a co packe",HPP; hot-fill; beverage,HPP; hot-fill,,organic,review: contradiction — see copackers-review.md
Kasilof Fish Company,Marysville,WA,https://www.kasilof.com,800-322-7552,info@kasilof.com,https://www.pickyourown.org/copackers-Washington.php,PickYourOwn.org Washington Co-Packers (fetched 2026-08-21),"3912 134th Street Northeast, Marysville, WA 98271.",seafood,,,organic; kosher,
Pine Creek Pack,Omak,WA,https://pinecreekpack.com/,509-826-8003 EXT 17,erics@pinecreekpack.com,https://www.pickyourown.org/copackers-Washington.php,PickYourOwn.org Washington Co-Packers (fetched 2026-08-21),,dairy,,,organic; gluten-free; kosher; nut-free,
Bumblebar,Spokane Valley,WA,https://www.bumblebar.com,509-924-2080 ext 7,glenn@bumblebar.com,https://www.pickyourown.org/copackers-Washington.php,PickYourOwn.org Washington Co-Packers (fetched 2026-08-21),"CERTIFIED ORGANIC , gluten free",,,,organic; gluten-free,
Bushel and Peck's,Beloit,WI,https://www.bushelandpecks.com/,608-363-3911,service@bushelandpecks.com,https://www.pickyourown.org/copackers-Wisconsin.php,PickYourOwn.org Wisconsin Co-Packers (fetched 2026-08-21),Co-Packing Facility,acidified; sauces,sauce/condiment,,,Contact: Jackie Gennet Email: service@bushelandpecks
Arty's Premium Beverages,Clintonville,WI,https://www.drinkartys.com,(920) 527-1092,,https://www.pickyourown.org/copackers-Wisconsin.php,PickYourOwn.org Wisconsin Co-Packers (fetched 2026-08-21),"Refrigerated storage, Freezer storage, Dry shelf storage, Cold packing, Glass, Plastic, Scale-up recipes, We can file forms and paperwork, We can source (find) ingredients, We can source (find) packaging, Private labeling, Business services, We specialize in small and start-ups 18 6th Street, Clintonville, WI 54929.",beverage,,,,Specializes in small and start-ups
The Petite Chef,Dousman,WI,https://www.tpc-kitchen.com,,thepetitechefwi@gmail.com,https://www.pickyourown.org/copackers-Wisconsin.php,PickYourOwn.org Wisconsin Co-Packers (fetched 2026-08-21),"Commercial kitchen, Incubator, Product development services, Business development consulting services, Refrigerated storage, Dry shelf storage, Bakery, Acidified canning, Low acid canning, Pickles, relishes, We can file forms and paperwork, We can source (find) ingredients, We can source (find) packaging, Business services, We specialize in small and start-ups",acidified; bakery; canning,,,,shared kitchen; Specializes in small and start-ups
Contract Comestibles,East Troy,WI,https://www.contractcomestibles.com/index.html,(262) 642-9400,jdelikat@contractcomestibles.com,https://www.pickyourown.org/copackers-Wisconsin.php,PickYourOwn.org Wisconsin Co-Packers (fetched 2026-08-21),"Co-Packing Facility East Troy, WI.",,,,,Contact: John Delikat jdelikat@contractcomestibles
Rural Route 1 Popcorn,Livingston,WI,https://www.ruralroute1.com,800-828-8115,pops@ruralroute1.com,https://www.pickyourown.org/copackers-Wisconsin.php,PickYourOwn.org Wisconsin Co-Packers (fetched 2026-08-21),Rural Route,chocolate,,,,Contact: Sara Whitaker
Create-A-Pack Foods Inc.,Oconomowoc,WI,https://www.create-a-pack.com/,(262) 567-6069,,https://www.pickyourown.org/copackers-Wisconsin.php,PickYourOwn.org Wisconsin Co-Packers (fetched 2026-08-21),"Co-Packing Facility Oconomowoc, WI.",,,,,
N.E.W. Co-Packing,Suamico,WI,https://newcopacking.com,(920) 536-2839,info@newcopacking.com,https://www.pickyourown.org/copackers-Wisconsin.php,PickYourOwn.org Wisconsin Co-Packers (fetched 2026-08-21),"Packaging, Drop-shipper, Refrigerated storage, Freezer storage, Dry shelf storage, Bakery, Hot packing, Cold packing, Certified Organic, Glass, Plastic, Metal, Paper, Scale-up recipes, Scale-up recipes, We can file forms and paperwork, We can source (find) ingredients, We can source (find) packaging, Private labeling, Business services, Other We specialize in small and start-ups",bakery,,,organic,Specializes in small and start-ups
Goodness Ingredients LLC,,,http://www.goodnessingredients.com,209-602-1402,caleighm@gdnut.com,https://www.nongmoproject.org/copacker/,Non-GMO Project Co-Packer Directory (fetched 2026-08-21),"Goodness Ingredients specializes in quality tree nut butters, roasting, seasoning, and custom jarring. We meet customer specifications as promised and can bulk or retail package and label according to your needs. For nut butters, we can pack into 8 - 27oz jars or 40-450 lb bulk pails/drums. For bagging we can pack into 2oz - 2lb. lay-flat or stand-up bags.",,,,BRC; gluten-free; kosher; nut-free; Non-GMO Project,Independent manufacturer listed on Non-GMO Project Co-Packer Directory.
"Whole & Free Foods (WFF, Inc.)",,,http://www.everybodyeating.com,847-425-0074,lisa.hershenson@everybodyeating.com,https://www.nongmoproject.org/copacker/,Non-GMO Project Co-Packer Directory (fetched 2026-08-21),Production of cookies via cookie depositor; packaging type is a pouch.,,,,gluten-free; kosher; Non-GMO Project,Independent manufacturer listed on Non-GMO Project Co-Packer Directory.
Assemblers Inc,Chicago,IL,https://assemblers.com,773-378-3000,jed@assemblers.com,https://www.specialtyfoodresource.com/find-a-business-resource/copackers/,Specialty Food Resource — Co-Packers (public HTML roster; fetched 2026-08-21 via WebFetch; origin HTML is SiteGround captcha-gated from this host),"Liquid Filling (Hot & Cold), Bar Manufacturing, Snack Food Manufacturing/Packing, Confection Packing, Secondary Packaging, Shelf-Stable Meat Packing, Spice/Condiment Packing",hot-fill; cold-fill; snacks; meat,hot-fill; sauce/condiment,"$5,000",SQF 2; USDA; FDA; kosher; organic; gluten-free,"Address 2850 West Columbus Avenue, Chicago, IL 60652. Contact Jed Swartz. Certifications as stated."
CTI/Combined Technologies Inc,Libertyville,IL,https://ctipack.com,847-968-4855 x 201,sales@ctipack.com,https://www.specialtyfoodresource.com/find-a-business-resource/copackers/,Specialty Food Resource — Co-Packers (public HTML roster; fetched 2026-08-21 via WebFetch; origin HTML is SiteGround captcha-gated from this host),"full, turn-key contract and fulfillment services; primary and secondary packaging encompassing food and non-food applications",,,,,"732 Florsheim Drive #14, Libertyville, IL 60048. Also lists a plant in Bristol, TN 46507. Contact Jerry Thompson. Food and non-food packaging."
Henry Broch Company,Gurnee,IL,https://hbroch.com,847-816-6225,sales@hbroch.com,https://www.specialtyfoodresource.com/find-a-business-resource/copackers/,Specialty Food Resource — Co-Packers (public HTML roster; fetched 2026-08-21 via WebFetch; origin HTML is SiteGround captcha-gated from this host),"Flexible packaging; cup, bottle, tub and pail filling; blending bulk bag and box filling; Food Ingredients Supplier",dry-blend,,,,"3940 Porett Drive, Gurnee, IL 60031. Contact Chris Bonatti. Also listed 407-376-1824."
Frontier Soups,Gurnee,IL,https://frontiersoups.com,847-688-1200,info@frontiersoups.com,https://www.specialtyfoodresource.com/find-a-business-resource/copackers/,Specialty Food Resource — Co-Packers (public HTML roster; fetched 2026-08-21 via WebFetch; origin HTML is SiteGround captcha-gated from this host),"dried ingredients (spices, vegetables, beans, etc.)",dry-blend,,case-by-case,,"2001 Swanson Court, Gurnee, IL 60031. Contact Matthew Anderson. Also 800-300-SOUP (7687)."
"Hodgson Mill, Inc.",Effingham,IL,https://hodgsonmill.com,217-347-0105,tfreeman@hodgsonmill.com,https://www.specialtyfoodresource.com/find-a-business-resource/copackers/,Specialty Food Resource — Co-Packers (public HTML roster; fetched 2026-08-21 via WebFetch; origin HTML is SiteGround captcha-gated from this host),"Flours, Meals, Baking Mixes, Quinoa, Pasta, Flax Seed, Chia, Couscous, Bread Mixes, Cereals, Pancake Mixes, Coating Mixes, Baking Aids, Side Dishes",bakery; dry-blend,,,Non-GMO; organic; kosher; gluten-free,"1100 Stevens Avenue, Hodgson Mill, Effingham, IL 62401. Contact Tom Freeman, Commercial Sales Manager. Also 800-525-0177."
Lambs Farm,Libertyville,IL,https://lambsfarm.org,847-990-3706,ereder@lambsfarm.org,https://www.specialtyfoodresource.com/find-a-business-resource/copackers/,Specialty Food Resource — Co-Packers (public HTML roster; fetched 2026-08-21 via WebFetch; origin HTML is SiteGround captcha-gated from this host),"Baked goods, granola, dog bones, heat-fill jams, fruit butters, hot fudge, caramel sauce, hot sauces, dry mix BBQ seasoning, candles",bakery; hot-fill; sauces,hot-fill; sauce/condiment,,,"14245 West Rockland Road, Libertyville, IL 60048. Contact Elizabeth Reder, Sales Manager. Mix of food co-pack and non-food (candles, dog bones)."
Legacy Foods Manufacturing,Elk Grove Village,IL,https://legacyfoodsmanufacturing.com,847-595-9106,legacyfoods@legacyfoodsmfg.com,https://www.specialtyfoodresource.com/find-a-business-resource/copackers/,Specialty Food Resource — Co-Packers (public HTML roster; fetched 2026-08-21 via WebFetch; origin HTML is SiteGround captcha-gated from this host),,,,,,"2775 Katherine Way, Elk Grove Village, IL 60007. Contact Stephen Gallenback. Product types not stated beyond directory placement."
Nu-World Foods,Naperville,IL,https://nuworldfoods.com,630-369-6819,customerservice@nuworldfoods.com,https://www.specialtyfoodresource.com/find-a-business-resource/copackers/,Specialty Food Resource — Co-Packers (public HTML roster; fetched 2026-08-21 via WebFetch; origin HTML is SiteGround captcha-gated from this host),"dedicated GFCO-certified, kosher processing facility free from the top 8 allergens",,,,GFCO; kosher,"552 South Washington Street, Suite 107, Naperville, IL 60540. 30 years of experience stated. Dedicated allergen-free facility."
Simply Baked Gluten Free LLC,Romeoville,IL,https://simplybakedglutenfree.com,630-759-3764,cwelch@simplybakedglutenfree.com,https://www.specialtyfoodresource.com/find-a-business-resource/copackers/,Specialty Food Resource — Co-Packers (public HTML roster; fetched 2026-08-21 via WebFetch; origin HTML is SiteGround captcha-gated from this host),"all-inclusive contract and private label manufacturer; cookies, brownies, cakes, specialty breads, batters, gourmet baked goods",bakery,,,gluten-free; nut-free; kosher,"1203 Remington Blvd., Romeoville, IL 60446. Contact Christine Welch, President."
Gourmet CoPack,Madison,WI,https://gourmetcopack.com,414-339-2980,info@gourmetcopack.com,https://www.specialtyfoodresource.com/find-a-business-resource/copackers/,Specialty Food Resource — Co-Packers (public HTML roster; fetched 2026-08-21 via WebFetch; origin HTML is SiteGround captcha-gated from this host),"jams, jellies, fruit spreads, chutneys, salsas and non-dairy items and acidified foods",acidified; sauces,sauce/condiment,"1,000 units for most products; less for larger food service sizes",FDA,"3233 Garver Green, Suite A, Madison, WI 53704. Contact Bruce Moncrieff, President. Plastic or glass. FDA certified facility as stated."
"Kustom Pak Foods, Inc.",Sioux City,IA,https://kustompakfoods.com,712-224-6611,Shermanm@kustompakfoods.com,https://www.specialtyfoodresource.com/find-a-business-resource/copackers/,Specialty Food Resource — Co-Packers (public HTML roster; fetched 2026-08-21 via WebFetch; origin HTML is SiteGround captcha-gated from this host),"customized fully cooked Chicken, Beef, Pork and Turkey-Sliced, Diced, Shredded, Grill Marked, Stripped, Fillets, Sauced; sister company Tur-Pak Foods packaging co-packer for snack trays, sandwiches, burritos, deli trays, frozen meals",meat; frozen,,,FDA; USDA; SQF3,"6201 MacArthur Street, Sioux City, IA 51111. Contact Marc Sherman, Vice President of Sales and Marketing."
"Smitty Bee Honey, Inc.",Defiance,IA,https://smittybeehoney.com,888-469-4669,tony@smittybeehoney.com,https://www.specialtyfoodresource.com/find-a-business-resource/copackers/,Specialty Food Resource — Co-Packers (public HTML roster; fetched 2026-08-21 via WebFetch; origin HTML is SiteGround captcha-gated from this host),"Honey, agave, maple, molasses and other syrups",,,,,"208 Main Avenue, P. O. Box 219, Defiance, IA 51527. Contact Tony Schmitz, General Manager."
Dutchland Frozen Foods,Lester,IA,https://euroclassicpastries.com,888-497-7243,info@dutchlandfrozenfoods.com,https://www.specialtyfoodresource.com/find-a-business-resource/copackers/,Specialty Food Resource — Co-Packers (public HTML roster; fetched 2026-08-21 via WebFetch; origin HTML is SiteGround captcha-gated from this host),"Kosher, Organic/Natural Cakes, and Pastries, Frozen Baked Goods and Appetizers",bakery; frozen,,,kosher; organic,"205 North Maine, Lester, IA 51242-7701. Contact Stan Warner. Also 712-478-4349."
"Old World Spices & Seasonings, Inc.",Overland Park,KS,https://laurieskitchen.com,816-861-0400,kathy@oldworldspices.com,https://www.specialtyfoodresource.com/find-a-business-resource/copackers/,Specialty Food Resource — Co-Packers (public HTML roster; fetched 2026-08-21 via WebFetch; origin HTML is SiteGround captcha-gated from this host),"Baking Mixes, Salsa/Dips, Soups/Broths, Other Sauces, Seasonings, and Cooking Enhancers",dry-blend; sauces; bakery,sauce/condiment,,kosher; organic,"5320 College Blvd., Overland Park, KS 66211. Contact Kathy Wheat."
LMS- Liquid Manufacturing Solutions,Franklin,OH,https://lms-co.com,937-401-0821,jheitker@lms-co.com,https://www.specialtyfoodresource.com/find-a-business-resource/copackers/,Specialty Food Resource — Co-Packers (public HTML roster; fetched 2026-08-21 via WebFetch; origin HTML is SiteGround captcha-gated from this host),"co-packing and private labeling packaging specializing in packaging liquids; blending capabilities, full-service PET, glass and HDPE bottles; olive oil importer and olive oil co-packer/blender",beverage; sauces,sauce/condiment,,FDA; SQF; kosher,"401 Shotwell Drive, Franklin, OH 45005. Contact Joe Heitker, VP of Business. Also mobile 513-316-1757. Olivamed LLC mentioned as olive oil co-packer/blender in Ohio."
Milo's Co-Packing,Athens,OH,https://www.MilosCoPacking.com,866-589-6456,milo@miloswholeworld.com,https://www.specialtyfoodresource.com/find-a-business-resource/copackers/,Specialty Food Resource — Co-Packers (public HTML roster; fetched 2026-08-21 via WebFetch; origin HTML is SiteGround captcha-gated from this host),"Pasta Sauces, Fruit Spreads/Jams, Salsas, Mustards, BBQ Sauces, Marinades, Bruschettas, Bloody Mary, Salad Dressing, Cooking Sauces. Private label available.",sauces,sauce/condiment,,,"94 Columbus Rd, Athens, OH 45701. Contact Jonathan Milo Leal."
"Martinez Food Products, LLC",Toledo,OH,,866-293-5477,info@martinezfood.com,https://www.specialtyfoodresource.com/find-a-business-resource/copackers/,Specialty Food Resource — Co-Packers (public HTML roster; fetched 2026-08-21 via WebFetch; origin HTML is SiteGround captcha-gated from this host),"Natural salsa, roasted garlic, and roasted vegetables",sauces,sauce/condiment,,,"1220 Belmont Avenue, Toledo, OH 43607. Also 419-720-6973. Website not stated."
Nature's Organic Haven LLC,Hermann,MO,,573-486-5000,phyllis@naturesorganichaven.com,https://www.specialtyfoodresource.com/find-a-business-resource/copackers/,Specialty Food Resource — Co-Packers (public HTML roster; fetched 2026-08-21 via WebFetch; origin HTML is SiteGround captcha-gated from this host),dehydration and hot fill bottling; pasteurization of up to 200 degrees F in a 200-gallon pasteurizer,hot-fill; dehydration,hot-fill,to be determined on an individual basis,organic; FDA; HACCP,"78 Brown Road, Herman, MO 65041 (city spelled Herman on page). Contact Phyllis Hannan, Owner or Lindsey Hethcote. Also 573-694-7481. lindsey@naturesorganichaven.com also listed. Certified organic bottling facility as stated."
Cahill Desert Products,Phoenix,AZ,https://cahilldesertproducts.com,877-224-4557,champagnesauces@aol.com,https://www.specialtyfoodresource.com/find-a-business-resource/copackers/,Specialty Food Resource — Co-Packers (public HTML roster; fetched 2026-08-21 via WebFetch; origin HTML is SiteGround captcha-gated from this host),Prickly Pear Fruit products; Private label also available,sauces,sauce/condiment,,,"3400 West Osborn Road, Phoenix, AZ 85017. Also 602-627-0402."
Dulce Food Group,Phoenix,AZ,https://dulcefoodgroup.com,602-613-5171,teri@dulcefoodgroup.com,https://www.specialtyfoodresource.com/find-a-business-resource/copackers/,Specialty Food Resource — Co-Packers (public HTML roster; fetched 2026-08-21 via WebFetch; origin HTML is SiteGround captcha-gated from this host),"novelty ice cream co-packing and private label manufacturing solutions for cups, sandwiches and sticks",dairy; frozen,,,,"5720 West Jefferson Street, Phoenix, AZ 85043. Contact Teri Villa, Office Manager. Also 209-804-8030."
Cinnabar Specialty Foods,Prescott,AZ,https://cinnabarfoods.com,866-293-6433,sales@cinnabarfoods.com,https://www.specialtyfoodresource.com/find-a-business-resource/copackers/,Specialty Food Resource — Co-Packers (public HTML roster; fetched 2026-08-21 via WebFetch; origin HTML is SiteGround captcha-gated from this host),"chutneys, salsas, simmering sauces and marinades, rice and dal mixes",sauces; dry-blend,sauce/condiment,,,"1134 West Haining Street, Prescott, AZ 86305."
Urban Oven,Tempe,AZ,https://urbanoven.com,899-770-6836,gene@urbanoven.com,https://www.specialtyfoodresource.com/find-a-business-resource/copackers/,Specialty Food Resource — Co-Packers (public HTML roster; fetched 2026-08-21 via WebFetch; origin HTML is SiteGround captcha-gated from this host),Crackers,bakery; snacks,,,,"910 South Hohokam Drive, Suite 101, Tempe, AZ 85281. Contact Gene Williams. Phone printed as 899-770-6836 (as on page)."
Stiritup Inc.,Garfield,NJ,https://stiritup.com,917-573-9783,vb@stiritup.com,https://www.specialtyfoodresource.com/find-a-business-resource/copackers/,Specialty Food Resource — Co-Packers (public HTML roster; fetched 2026-08-21 via WebFetch; origin HTML is SiteGround captcha-gated from this host),"shrink sleeve labeling, homogenizing, portion cup filling, dry spice filling in bags, liquid filling in bags, assembly (kitting)",dry-blend,,,organic,"100-B Pierre Avenue, Garfield, NJ 07026. Contact Vineet Bokaria, CPO & Co-Founder."
"Lynch Specialty Foods, Inc.",Rollinsford,NH,https://specialtyfoods.com,603-978-649,Bob@lynchspecialtyfoods.com,https://www.specialtyfoodresource.com/find-a-business-resource/copackers/,Specialty Food Resource — Co-Packers (public HTML roster; fetched 2026-08-21 via WebFetch; origin HTML is SiteGround captcha-gated from this host),"Premium private-label baking mix developer, manufacturer and distributor; All-Natural, Gluten Free, Organic and/or Premium Artisan Bread, Brownie, Cookie, Cupcake, Layer Cake, Muffin, Pancake, Waffle, Quick Breads and Scone Mixes",bakery; dry-blend,,,gluten-free; organic,"66 Baer Road, Rollinsford, NH 03869. Contact Robert S. Lynch. Phone printed as 603-978-649 (as on page, possibly truncated). Also Fax 603-509-2402; Cell 603-767-0435."
PACK Commercial Kitchen,South Burlington,VT,https://packvt.com,802-435-1919,michael@packvt.com,https://www.specialtyfoodresource.com/find-a-business-resource/copackers/,Specialty Food Resource — Co-Packers (public HTML roster; fetched 2026-08-21 via WebFetch; origin HTML is SiteGround captcha-gated from this host),"Hot-fill, cold-fill, dry-fill, bakery, condiments, sauces, mixes, brownies, cookies, granola bars, energy bars, spice blends",hot-fill; cold-fill; bakery; sauces; dry-blend,hot-fill; sauce/condiment,,,"8 Harbor View Road, South Burlington, VT 05403. Contact Michael Adams. Name is kitchen-like; page lists co-pack process types."
Vermont CoPack LLC,Rutland,VT,https://vermontcopack.com,802-245-4214,vtcopack@gmail.com,https://www.specialtyfoodresource.com/find-a-business-resource/copackers/,Specialty Food Resource — Co-Packers (public HTML roster; fetched 2026-08-21 via WebFetch; origin HTML is SiteGround captcha-gated from this host),"Hot Fill, Small Batch, dressings, marinades, sauces, mustard, condiments. Work with start-ups, low minimum production runs",hot-fill; sauces,hot-fill; sauce/condiment,low minimum production runs,,"1 Scale Avenue, Building #2, Rutland, VT 05701. Contact Joseph Vullo."
Blendex Company,Louisville,KY,https://blendex.com,502-267-1003,rcarr@blendex.com,https://www.specialtyfoodresource.com/find-a-business-resource/copackers/,Specialty Food Resource — Co-Packers (public HTML roster; fetched 2026-08-21 via WebFetch; origin HTML is SiteGround captcha-gated from this host),"dry food blending; custom blends; packaging from 4 oz. bags to 50 lbs. boxes or bags to 2000 lbs. totes to 44,000 lb. tanker",dry-blend,,,kosher; GFSI; BRC; HACCP,"11208 Electron Drive, Louisville, KY 40299. Contact Ron Carr, V. P. Sales. 40+ years stated."
DakPak Solutions LLC,Woonsocket,SD,https://dakpaksolutions.com,605-906-8712,julieb@dakpaksolutions.com,https://www.specialtyfoodresource.com/find-a-business-resource/copackers/,Specialty Food Resource — Co-Packers (public HTML roster; fetched 2026-08-21 via WebFetch; origin HTML is SiteGround captcha-gated from this host),"Blending, Encapsulation, Filling, Packaging, Labeling; powder, supplements, dry mixes, breading, seasoning, capsules and Carbonated Canning",dry-blend; canning; beverage,,flexible MOQs,SQF; Halal; kosher; organic; FDA,"39771 SD Hwy 34 #457, Woonsocket, SD 57385. Contact Julie Bebout. 144,000 sq ft facility as stated."
Taylor Gleason Enterprises,Coeur d'Alene,ID,https://taylorgleason.com,208-964-2459,inquiries.tge@gmail.com,https://www.specialtyfoodresource.com/find-a-business-resource/copackers/,Specialty Food Resource — Co-Packers (public HTML roster; fetched 2026-08-21 via WebFetch; origin HTML is SiteGround captcha-gated from this host),"Dry blending, dedicated top 8 allergen-free facilities, single serve cups, pouch packaging, bag in box, bulk bags, club packaging",dry-blend,,minimum one pallet run,,"181 West Aqua Drive, Suite B, Coeur d'Alene, ID 83815. Contact Daphne Taylor."
First Commercial Kitchen LLC,Waipahu,HI,https://firstcommercialkitchen.com,808-676-0880,pkam1998@aol.com,https://www.specialtyfoodresource.com/find-a-business-resource/copackers/,Specialty Food Resource — Co-Packers (public HTML roster; fetched 2026-08-21 via WebFetch; origin HTML is SiteGround captcha-gated from this host),"Food processing incubator/contract packer since 1982. Sauces, dressing, beverages, spices/seasonings, pesto, salsas and jellies",sauces; beverage,sauce/condiment,,,"94-479 Ukee Street, Waipahu, HI 96797. Contact Peter Kam, Manager. Hybrid incubator/contract packer as stated."
Baku Solutions,New Orleans,LA,https://bakusolutions.com,770-366-1368,bgray@thsfc.com,https://www.specialtyfoodresource.com/find-a-business-resource/copackers/,Specialty Food Resource — Co-Packers (public HTML roster; fetched 2026-08-21 via WebFetch; origin HTML is SiteGround captcha-gated from this host),peanut/legume/seed butter processing and packaging; frozen and fresh meal kits; sandwiches and burritos,frozen,,,,"1746 Tchaupitoulas Street, New Orleans, LA 70130. Contact Bill Gray, Business Development Director. Street spelled Tchaupitoulas as on page."
DiscoverFresh Foods,Easley,SC,https://discoverfreshfoods.com,864-991-8895,marketing@discoverfreshfoods.com,https://www.specialtyfoodresource.com/find-a-business-resource/copackers/,Specialty Food Resource — Co-Packers (public HTML roster; fetched 2026-08-21 via WebFetch; origin HTML is SiteGround captcha-gated from this host),"private label, co-packing; salads and spreads, dips, sauces and dressings, appetizers and sides, as well as salsas",sauces; bakery,sauce/condiment,,,"211 Pine Road, Easley, SC 29642. Contact Matt Haskell. Ready-to-eat and bakery product lines under a single roof as stated."
House of Thaller Foods,Knoxville,TN,https://houseofthaller.com,865-689-5893,sales@houseofthaller.com,https://www.specialtyfoodresource.com/find-a-business-resource/copackers/,Specialty Food Resource — Co-Packers (public HTML roster; fetched 2026-08-21 via WebFetch; origin HTML is SiteGround captcha-gated from this host),"Refrigerated dips, deli salads, and hummus",,,,,"1600 Harris Road, Knoxville, TN 37924. Contact Jordan Thaller."
Standard Functional Food Group Inc. (SFFG),Nashville,TN,https://www.sffgi.com,615-889-6360,blewis@sffgi,https://www.specialtyfoodresource.com/find-a-business-resource/copackers/,Specialty Food Resource — Co-Packers (public HTML roster; fetched 2026-08-21 via WebFetch; origin HTML is SiteGround captcha-gated from this host),"Functional Food Bars-Sports Nutrition, Weight Management, Functional, Nutritional",,,,SQF Level 3; QAI; organic,"715 Massman Drive, Nashville, TN 37210. Contact Bryan Lewis. Email printed as blewis@sffgi (no TLD on page). Also 800-226-4340."
Lehi Roller Mills,Lehi,UT,https://lehirollermills.com,800-660-4346,sdejohn@lehirollermills.com,https://www.specialtyfoodresource.com/find-a-business-resource/copackers/,Specialty Food Resource — Co-Packers (public HTML roster; fetched 2026-08-21 via WebFetch; origin HTML is SiteGround captcha-gated from this host),"Baking Mixes, Flour, Other Baking Mixes, and Breakfast Cereals",bakery; dry-blend,,,,"833 East Main, Lehi, UT 84043. Contact Steve DeJohn. Also 801-768-4401."
