name,city,state,website,phone,email,source_url,source_name,product_types_raw,processes_inferred,moq,certs,notes
Ajmera Innovations,Anaheim Hills,CA,http://ajmerainnovations.com,866-860-3671,info@ajmerainnovations.com,https://ucfoodsafety.ucdavis.edu/sites/g/files/dgvnsk7366/files/inline-files/240926.pdf,"UC Food Safety / CLFP — California Food Processing Co-Packers (Rob Neenan, CLFP, 2015 PDF still posted)","Organic/Natural, vegetarian, tea, RTD coffee, concentrates and powders",beverage,,organic,
Purveyor's Kitchen,Auburn,CA,,530-823-8527,,https://ucfoodsafety.ucdavis.edu/sites/g/files/dgvnsk7366/files/inline-files/240926.pdf,"UC Food Safety / CLFP — California Food Processing Co-Packers (Rob Neenan, CLFP, 2015 PDF still posted)","Sauces, dessert toppings, condiments",sauces,,,
"Golden West Specialty Foods, Inc.",Brisbane,CA,http://gwsfoods.com,415-657-0123,sales@gwsfoods.com,https://ucfoodsafety.ucdavis.edu/sites/g/files/dgvnsk7366/files/inline-files/240926.pdf,"UC Food Safety / CLFP — California Food Processing Co-Packers (Rob Neenan, CLFP, 2015 PDF still posted)","Condiments, BBQ sauce, ethnic sauces, marinades and rubs",sauces,,,
"Garry Packing, Inc.",Del Rey,CA,http://garrypacking.com,800-248-2126,info@garrypacking.com,https://ucfoodsafety.ucdavis.edu/sites/g/files/dgvnsk7366/files/inline-files/240926.pdf,"UC Food Safety / CLFP — California Food Processing Co-Packers (Rob Neenan, CLFP, 2015 PDF still posted)","Kosher, other chocolate, dried fruit",chocolate,,kosher,
Bella Viva Orchards,Denair,CA,http://bellaviva.com,800-552-8218,,https://ucfoodsafety.ucdavis.edu/sites/g/files/dgvnsk7366/files/inline-files/240926.pdf,"UC Food Safety / CLFP — California Food Processing Co-Packers (Rob Neenan, CLFP, 2015 PDF still posted)","Dried fruits and nuts, trail mix and chocolate covered fruits and nuts",chocolate,,,
Capay Canyon Ranch,Esparto,CA,,530-662-2372,capaycanon@msn.com,https://ucfoodsafety.ucdavis.edu/sites/g/files/dgvnsk7366/files/inline-files/240926.pdf,"UC Food Safety / CLFP — California Food Processing Co-Packers (Rob Neenan, CLFP, 2015 PDF still posted)","Tomatoes (dried), table grapes, almonds & walnuts",,,,
ABCO Labs,Fairfield,CA,,800-678-2226,sstanben@abcolabs.com,https://ucfoodsafety.ucdavis.edu/sites/g/files/dgvnsk7366/files/inline-files/240926.pdf,"UC Food Safety / CLFP — California Food Processing Co-Packers (Rob Neenan, CLFP, 2015 PDF still posted)","500-1,000 lbs. runs",,"500-1,000 lbs. runs",,
Fruit Fillings Inc.,Fresno,CA,http://www.fruitfillings.com,559-237-4715,,https://ucfoodsafety.ucdavis.edu/sites/g/files/dgvnsk7366/files/inline-files/240926.pdf,"UC Food Safety / CLFP — California Food Processing Co-Packers (Rob Neenan, CLFP, 2015 PDF still posted)",Fruit fillings,,,,
"Pacific Choice Brands, Inc.",Fresno,CA,http://www.pacificchoicebrands.com,559-237-5583,,https://ucfoodsafety.ucdavis.edu/sites/g/files/dgvnsk7366/files/inline-files/240926.pdf,"UC Food Safety / CLFP — California Food Processing Co-Packers (Rob Neenan, CLFP, 2015 PDF still posted)","Sauces, salsa, pickles",sauces,,,
Valley Fig Growers,Fresno,CA,http://valleyfig.com,559-237-3893,lcain@valleyfig.com,https://ucfoodsafety.ucdavis.edu/sites/g/files/dgvnsk7366/files/inline-files/240926.pdf,"UC Food Safety / CLFP — California Food Processing Co-Packers (Rob Neenan, CLFP, 2015 PDF still posted)","Baking mixes and ingredients, balsamic vinegar and dried fruits",,,gluten-free; kosher; organic,
Blossom Valley Foods,Gilroy,CA,http://blossomvalleyfoods.com,408-848-5520,info@blossomvalleyfarms.com,https://ucfoodsafety.ucdavis.edu/sites/g/files/dgvnsk7366/files/inline-files/240926.pdf,"UC Food Safety / CLFP — California Food Processing Co-Packers (Rob Neenan, CLFP, 2015 PDF still posted)","Non-alcoholic cocktail mixers, vinegars, organic and all natural sauces dressings and hot sauces",beverage; sauces,,organic,
Stapleton Spence,Gridley,CA,http://www.stapletonspence.com,408-297-8815,bstapleton@stapleton-spence.com,https://ucfoodsafety.ucdavis.edu/sites/g/files/dgvnsk7366/files/inline-files/240926.pdf,"UC Food Safety / CLFP — California Food Processing Co-Packers (Rob Neenan, CLFP, 2015 PDF still posted)","Bottling, bagging, canning, aseptic, product development",canning,,,
Timber Crest Farms,Healdsburg,CA,http://timbercrest.com,888-374-9325,tcf@timbercrest.com,https://ucfoodsafety.ucdavis.edu/sites/g/files/dgvnsk7366/files/inline-files/240926.pdf,"UC Food Safety / CLFP — California Food Processing Co-Packers (Rob Neenan, CLFP, 2015 PDF still posted)",FDA high acid & low acid cannery in glass; flex packaging 3 oz to 5 lbs,canning,,FDA,
Sona & Hollen,Los Alamitos,CA,,310-431-1379,,https://ucfoodsafety.ucdavis.edu/sites/g/files/dgvnsk7366/files/inline-files/240926.pdf,"UC Food Safety / CLFP — California Food Processing Co-Packers (Rob Neenan, CLFP, 2015 PDF still posted)",Tomatoes and other wet food products,,,,
Kagome,Los Banos,CA,,209-826-8850,luis.deoliveira@kagomeusa.com,https://ucfoodsafety.ucdavis.edu/sites/g/files/dgvnsk7366/files/inline-files/240926.pdf,"UC Food Safety / CLFP — California Food Processing Co-Packers (Rob Neenan, CLFP, 2015 PDF still posted)",Custom culinary sauces,sauces,,,
Bell-Carter Packaging,Modesto,CA,http://bcpackaging.com,209-549-5939,sales@bcpackaging.com,https://ucfoodsafety.ucdavis.edu/sites/g/files/dgvnsk7366/files/inline-files/240926.pdf,"UC Food Safety / CLFP — California Food Processing Co-Packers (Rob Neenan, CLFP, 2015 PDF still posted)",Station packaging and assembly line services,,,,
George Chiala Farms,Morgan Hill,CA,,408-778-0562,,https://ucfoodsafety.ucdavis.edu/sites/g/files/dgvnsk7366/files/inline-files/240926.pdf,"UC Food Safety / CLFP — California Food Processing Co-Packers (Rob Neenan, CLFP, 2015 PDF still posted)","Freezing, cold packing, fire roasting, dehydration",cold-fill; dehydration,,,
Wine Country Kitchens,Napa,CA,http://winecountrykitchens.com,707-252-9463,,https://ucfoodsafety.ucdavis.edu/sites/g/files/dgvnsk7366/files/inline-files/240926.pdf,"UC Food Safety / CLFP — California Food Processing Co-Packers (Rob Neenan, CLFP, 2015 PDF still posted)",Dipping oils and vinegars; hot & cold fill co-packer,cold-fill,small minimum runs,,Hot & cold fill; private label
Ramar Foods International Inc.,Pittsburg,CA,http://ramarfoods.com,925-439-9009,primoj@ramarfoods.com,https://ucfoodsafety.ucdavis.edu/sites/g/files/dgvnsk7366/files/inline-files/240926.pdf,"UC Food Safety / CLFP — California Food Processing Co-Packers (Rob Neenan, CLFP, 2015 PDF still posted)","USDA, juice/cider, hors d'oeuvres, ice cream/sorbet and other frozen",dairy; beverage; frozen,,USDA,
Cascade Continental Foods,Richmond,CA,,510-232-3103,,https://ucfoodsafety.ucdavis.edu/sites/g/files/dgvnsk7366/files/inline-files/240926.pdf,"UC Food Safety / CLFP — California Food Processing Co-Packers (Rob Neenan, CLFP, 2015 PDF still posted)",Packaging lines for liquid and dry food products,,,,
Triple H Food Processors,Riverside,CA,http://www.triplehfoods.com,951-352-5700,,https://ucfoodsafety.ucdavis.edu/sites/g/files/dgvnsk7366/files/inline-files/240926.pdf,"UC Food Safety / CLFP — California Food Processing Co-Packers (Rob Neenan, CLFP, 2015 PDF still posted)","Sauces, beverages, dry blends",beverage; sauces; dry-blend,,,
K&G Custom Foods Inc.,San Diego,CA,,619-651-9033,operations@kgcustomfoods.com,https://ucfoodsafety.ucdavis.edu/sites/g/files/dgvnsk7366/files/inline-files/240926.pdf,"UC Food Safety / CLFP — California Food Processing Co-Packers (Rob Neenan, CLFP, 2015 PDF still posted)",Frozen custom hand made foods,frozen,,USDA; FDA,"16,000 sq ft; FDA 21 CFR and USDA FSIS"
"Esco Foods, Inc.",San Francisco,CA,,415-864-2147,,https://ucfoodsafety.ucdavis.edu/sites/g/files/dgvnsk7366/files/inline-files/240926.pdf,"UC Food Safety / CLFP — California Food Processing Co-Packers (Rob Neenan, CLFP, 2015 PDF still posted)","Syrups, toppings, salad dressings, marinades, BBQ sauce, flavors, extracts",sauces,,,
"Santini Foods, Inc.",San Lorenzo,CA,http://santinifoodsinc.com,510-317-8888,roger@santinifoodsinc.com,https://ucfoodsafety.ucdavis.edu/sites/g/files/dgvnsk7366/files/inline-files/240926.pdf,"UC Food Safety / CLFP — California Food Processing Co-Packers (Rob Neenan, CLFP, 2015 PDF still posted)","Sweetened condensed milk, syrups & dressings; vegetable oils",sauces,,,
"Day-Lee Foods, Inc.",Santa Fe Springs,CA,,562-802-6800,,https://ucfoodsafety.ucdavis.edu/sites/g/files/dgvnsk7366/files/inline-files/240926.pdf,"UC Food Safety / CLFP — California Food Processing Co-Packers (Rob Neenan, CLFP, 2015 PDF still posted)",Frozen foods,frozen,,,
"Premier Foods, LLC",Santa Fe Springs,CA,,562-944-1858,premierfoods@verizon.net,https://ucfoodsafety.ucdavis.edu/sites/g/files/dgvnsk7366/files/inline-files/240926.pdf,"UC Food Safety / CLFP — California Food Processing Co-Packers (Rob Neenan, CLFP, 2015 PDF still posted)","Private label, hot and cold fill, glass & plastic, pH and non pH controlled products",cold-fill,small minimum runs,FDA; organic; kosher,
E. Waldo Ward & Son,Sierra Madre,CA,http://waldoward.com,800-355-9273,jelly@waldoward.com,https://ucfoodsafety.ucdavis.edu/sites/g/files/dgvnsk7366/files/inline-files/240926.pdf,"UC Food Safety / CLFP — California Food Processing Co-Packers (Rob Neenan, CLFP, 2015 PDF still posted)","Wet products, jams, jellies, marmalades and sauces",sauces,,,
Sonoma Gourmet,Sonoma,CA,http://sonomagourmet.com,707-939-3700,sauceboy@sonomagourmet.com,https://ucfoodsafety.ucdavis.edu/sites/g/files/dgvnsk7366/files/inline-files/240926.pdf,"UC Food Safety / CLFP — California Food Processing Co-Packers (Rob Neenan, CLFP, 2015 PDF still posted)",Wet food products,,Minimum run 300-400 cases,FDA,FDA certified for pH and non-pH-controlled products
Food Imagineering,South San Francisco,CA,,650-483-7447,gsullivan@foodimagineering.com,https://ucfoodsafety.ucdavis.edu/sites/g/files/dgvnsk7366/files/inline-files/240926.pdf,"UC Food Safety / CLFP — California Food Processing Co-Packers (Rob Neenan, CLFP, 2015 PDF still posted)",,,,,
SupHerb Farms,Turlock,CA,http://supherbfarms.com,209-633-3600,custserv@supherbfrms.com,https://ucfoodsafety.ucdavis.edu/sites/g/files/dgvnsk7366/files/inline-files/240926.pdf,"UC Food Safety / CLFP — California Food Processing Co-Packers (Rob Neenan, CLFP, 2015 PDF still posted)","Fresh frozen culinary herbs, specialty vegetables, blends, pastes and purees",frozen,,,
"American Natural & Organic Spices, Inc.",Union City,CA,http://spicely.com,510-477-4787,info@spicely.com,https://ucfoodsafety.ucdavis.edu/sites/g/files/dgvnsk7366/files/inline-files/240926.pdf,"UC Food Safety / CLFP — California Food Processing Co-Packers (Rob Neenan, CLFP, 2015 PDF still posted)","Kosher/Organic/Natural extracts, herbs and spices",,,kosher; organic,
"Aaron Thomas Company, Inc.",,CA,http://www.packaging.com/,,,https://ucfoodquality.ucdavis.edu/food-industry-contacts/co-packers,"UC Food Quality — Co-Packers (Mostly California) page, last update March 16 2026",,,,,"Also Illinois, Tennessee"
Bella Sun Luci/Mooney Farms,,CA,https://bellasunluci.com/about,,,https://ucfoodquality.ucdavis.edu/food-industry-contacts/co-packers,"UC Food Quality — Co-Packers (Mostly California) page, last update March 16 2026",,,,,
Caffe Del Mar,,CA,http://www.caffedelmar.com/,,,https://ucfoodquality.ucdavis.edu/food-industry-contacts/co-packers,"UC Food Quality — Co-Packers (Mostly California) page, last update March 16 2026",,,,,
Cappucine,,CA,http://www.cappuccine.net/,,,https://ucfoodquality.ucdavis.edu/food-industry-contacts/co-packers,"UC Food Quality — Co-Packers (Mostly California) page, last update March 16 2026",,,,,
Gil's Gourmet Gallery,,CA,http://www.gilsgourmet.com/,,,https://ucfoodquality.ucdavis.edu/food-industry-contacts/co-packers,"UC Food Quality — Co-Packers (Mostly California) page, last update March 16 2026",,,,,
Gimbal Fine Candies,,CA,http://www.gimbalscandy.com/,,,https://ucfoodquality.ucdavis.edu/food-industry-contacts/co-packers,"UC Food Quality — Co-Packers (Mostly California) page, last update March 16 2026",,,,,
Heiden's Foods,,CA,https://www.heidensfoods.com/,,,https://ucfoodquality.ucdavis.edu/food-industry-contacts/co-packers,"UC Food Quality — Co-Packers (Mostly California) page, last update March 16 2026",,,,,
"Ibitta Enterprises, Inc.",,CA,https://ibitta.com/,,,https://ucfoodquality.ucdavis.edu/food-industry-contacts/co-packers,"UC Food Quality — Co-Packers (Mostly California) page, last update March 16 2026",,,,,
Kitchentown,,CA,http://www.kitchentowncentral.com/,,,https://ucfoodquality.ucdavis.edu/food-industry-contacts/co-packers,"UC Food Quality — Co-Packers (Mostly California) page, last update March 16 2026",,,,,
Maison de Monaco,,CA,https://maisondemonaco.com,,,https://ucfoodquality.ucdavis.edu/food-industry-contacts/co-packers,"UC Food Quality — Co-Packers (Mostly California) page, last update March 16 2026",,,,,
Michael's Cookies Inc.,,CA,http://www.michaelscookies.com/,,,https://ucfoodquality.ucdavis.edu/food-industry-contacts/co-packers,"UC Food Quality — Co-Packers (Mostly California) page, last update March 16 2026",,,,,
Mrs. Leeper's Pasta Inc.,,CA,http://www.mrsleepers.com/,,,https://ucfoodquality.ucdavis.edu/food-industry-contacts/co-packers,"UC Food Quality — Co-Packers (Mostly California) page, last update March 16 2026",,,,,
Preserve Farm Kitchens,,CA,https://preservefarmkitchens.com/,,,https://ucfoodquality.ucdavis.edu/food-industry-contacts/co-packers,"UC Food Quality — Co-Packers (Mostly California) page, last update March 16 2026",,,,,
"Radich Bor-do-lay, Inc.",,CA,http://www.bordolay.com,,,https://ucfoodquality.ucdavis.edu/food-industry-contacts/co-packers,"UC Food Quality — Co-Packers (Mostly California) page, last update March 16 2026",,,,,
RW Garcia Co. Inc.,,CA,http://www.rwgarcia.com/,,,https://ucfoodquality.ucdavis.edu/food-industry-contacts/co-packers,"UC Food Quality — Co-Packers (Mostly California) page, last update March 16 2026",,,,,
"Santa Barbara Olive Co., Inc.",,CA,http://www.sbolive.com/,,,https://ucfoodquality.ucdavis.edu/food-industry-contacts/co-packers,"UC Food Quality — Co-Packers (Mostly California) page, last update March 16 2026",,,,,
Specialty Enzymes & Probiotics,,CA,https://specialtyenzymes.com/,,,https://ucfoodquality.ucdavis.edu/food-industry-contacts/co-packers,"UC Food Quality — Co-Packers (Mostly California) page, last update March 16 2026",,,,,
Thatcher's Gourmet Popcorn,,CA,http://www.tgsp.com/,,,https://ucfoodquality.ucdavis.edu/food-industry-contacts/co-packers,"UC Food Quality — Co-Packers (Mostly California) page, last update March 16 2026",,,,,
The Graceful Cookie,,CA,https://thegracefulcookie.com/,,,https://ucfoodquality.ucdavis.edu/food-industry-contacts/co-packers,"UC Food Quality — Co-Packers (Mostly California) page, last update March 16 2026",,,,,
Traina Foods,,CA,http://www.traina.com/,,,https://ucfoodquality.ucdavis.edu/food-industry-contacts/co-packers,"UC Food Quality — Co-Packers (Mostly California) page, last update March 16 2026",,,,,
Valley Lahvosh Baking Co.,,CA,http://www.valleylahvosh.com/,,,https://ucfoodquality.ucdavis.edu/food-industry-contacts/co-packers,"UC Food Quality — Co-Packers (Mostly California) page, last update March 16 2026",,,,,
Ventura Foods,,CA,http://www.venturafoods.com/,,,https://ucfoodquality.ucdavis.edu/food-industry-contacts/co-packers,"UC Food Quality — Co-Packers (Mostly California) page, last update March 16 2026",,,,,
"Z Specialty Food, LLC",,CA,http://www.zspecialtyfood.com/,,,https://ucfoodquality.ucdavis.edu/food-industry-contacts/co-packers,"UC Food Quality — Co-Packers (Mostly California) page, last update March 16 2026",,,,,dba Moon Shine Trading Co
Rocky Mountain Spice Co.,Denver,CO,https://rockymountainspice.com/,303-308-8066,brady@rockymountainspice.com,https://extension.psu.edu/list-of-co-packers-in-pennsylvania-and-beyond/,Penn State Extension — List of Co-packers in Pennsylvania and Beyond (updated Dec 16 2025),"Bulk spices, seasonings blends, baking mixes, beverage mixes. Services co-packing and private label",beverage; dry-blend,,,
Ready Foods,,CO,,(303) 892-5861,info@readyfoods.bizphone,https://cals.cornell.edu/cornell-agritech/partners-institutes/cornell-food-venture-center/kitchensco-packers,Cornell Food Venture Center — Kitchens/Co-Packers,"Based in Denver, Ready Foods is a family-owned company specializing in custom food solutions cooked in kettles for the past 50 years. We provide expertise to scale up menu concepts with consistency and quality. Although we have grown since our first small kitchen on Colfax Avenue in Denver, the Abarca family's philosophy continues to provide a vision for each of our company initiatives. With our current multi-facility production footprint, we stand by the integrity of our food and the collective",,,,
Universal Pure,Meriden,CT,https://universalpure.com/,1 888-240-2070,,https://extension.psu.edu/list-of-co-packers-in-pennsylvania-and-beyond/,Penn State Extension — List of Co-packers in Pennsylvania and Beyond (updated Dec 16 2025),"High Pressure Processing (HPP) and cold chain solutions, including beverage co-packing in 8-32-oz plastic bottles. Beverage co-packing, cold storage, kitting and assembly, date-coding, and other value-added cold chain solutions in Meriden, CT and Mira Loma, CA.",HPP; beverage,,,
"Palmieri Food Products, Inc",New Haven,CT,,203-624-0042,sales@palmierifoods.com,https://cals.cornell.edu/cornell-agritech/partners-institutes/cornell-food-venture-center/kitchensco-packers,Cornell Food Venture Center — Kitchens/Co-Packers,"Pack products from 8 oz - 6 gal, in glass and plastic. Cold Fill: Horseradish, Cocktail Sauce",cold-fill; beverage; sauces,,,Listed in Cornell kitchens/co-packers directory; may include shared-use services.
"Gourmet Products, Inc",Thomaston,CT,,860-283-5147,,https://cals.cornell.edu/cornell-agritech/partners-institutes/cornell-food-venture-center/kitchensco-packers,Cornell Food Venture Center — Kitchens/Co-Packers,"Glass: acidified, hot & cold pack, vacuum pack, Mustard, sauces, relishes",cold-fill; acidified; sauces,,,Listed in Cornell kitchens/co-packers directory; may include shared-use services.
Pulp Kitchen,contract co-packer arrangements to produce closer New York City metro area and,CT,http://www.pkjuice.com,203-927-8158,,https://cals.cornell.edu/cornell-agritech/partners-institutes/cornell-food-venture-center/kitchensco-packers,Cornell Food Venture Center — Kitchens/Co-Packers,"Pulp Kitchen Juice is a certified organic cold pressed company, beverage and food product developer and also a co packer with the ability to assist in co packing products. We also offer private label items such as: cold pressed juice, orange and apple juice blends, protein smoothies, plant-based proteins, nut mylk, almond milk (or almond mylk), cashew milk, soy milk, cold brew coffees, lemonades, iced teas, and vegetable dips and dressings We can handle HPP processed, hot fill or flash pasteuriz",HPP; hot-fill; beverage; sauces,,organic,
Endorphin Farms,Augustine,FL,https://endorphinfarms.com,904-824-2006,,https://foodbusiness.ces.ncsu.edu/tools-for-success/other-services-supplies/ | https://edis.ifas.ufl.edu/publication/FS380,"NC State Extension Food Business — Other Services & Supplies (Copackers section; page updated Aug 17 2026) | UF/IFAS Extension — Finding and Using a Co-packer (FS380 PDF, Florida & Georgia list)",sauces,sauces,,,3255 Parker Drive
Hot Wachulas,Bartow,FL,https://hotwachulas.com/p/contract-packaging,863-602-0857,info@hotwachulas.com,https://edis.ifas.ufl.edu/publication/FS380,"UF/IFAS Extension — Finding and Using a Co-packer (FS380 PDF, Florida & Georgia list)","Salsa, hot sauce",sauces,,,
St. Armands Baking Company,Bradenton,FL,https://www.starbake.com/co-packing,941-753-7494,,https://edis.ifas.ufl.edu/publication/FS380,"UF/IFAS Extension — Finding and Using a Co-packer (FS380 PDF, Florida & Georgia list)",bread and roll bakery products,bakery,,,
Ashlynn's Gourmet,Clearwater,FL,https://www.ashlynnsgourmet.com/co-packing,727-648-4734,annthea@ashlynnsgourmet.com,https://edis.ifas.ufl.edu/publication/FS380,"UF/IFAS Extension — Finding and Using a Co-packer (FS380 PDF, Florida & Georgia list)",sauces,sauces,,,also offers co-packing training course
The Sauceology Group,Clearwater,FL,https://thesauceologygroup.com,727-389-3774,,https://edis.ifas.ufl.edu/publication/FS380,"UF/IFAS Extension — Finding and Using a Co-packer (FS380 PDF, Florida & Georgia list)","sauces, spice blends, rubs, salsas, dressings, marinades",sauces,,,
"Refresco Beverages US, Inc.",Dade City,FL,https://www.refresco-na.com/na/,352-567-2200,,https://edis.ifas.ufl.edu/publication/FS380,"UF/IFAS Extension — Finding and Using a Co-packer (FS380 PDF, Florida & Georgia list)","water, juices, teas, energy drinks",beverage,,organic; kosher,"kosher, organic"
Stage Coach Sauces,Daytona Beach,FL,https://stagecoachsauces.com,386-328-6330,info@stagecoachsauces.com,https://edis.ifas.ufl.edu/publication/FS380,"UF/IFAS Extension — Finding and Using a Co-packer (FS380 PDF, Florida & Georgia list)","sauces, condiments, dressing, syrups",sauces,,,
House Autry,Edgewater,FL,https://www.house-autry.com/pages/private-label,386-428-5833,,https://edis.ifas.ufl.edu/publication/FS380,"UF/IFAS Extension — Finding and Using a Co-packer (FS380 PDF, Florida & Georgia list)","dry blends (seasonings, marinades, sauces)",sauces; dry-blend,,,
G. S. Gelato,Fort Walton Beach,FL,https://gsgelato.com,850-243-5455,info@gsgelato.com,https://edis.ifas.ufl.edu/publication/FS380,"UF/IFAS Extension — Finding and Using a Co-packer (FS380 PDF, Florida & Georgia list)","gelato, sorbet, desserts",dairy,,,
All Wrapped Up,Ft. Lauderdale,FL,https://allwrappedup-gifts.com/,800-891-2194,info@allwrappedup-gifts.com,https://edis.ifas.ufl.edu/publication/FS380,"UF/IFAS Extension — Finding and Using a Co-packer (FS380 PDF, Florida & Georgia list)","chocolate, other candy and snacks, specialty food packaging",snacks; chocolate,,,
Islamorada Beverages,Islamorada,FL,https://www.islamoradabeverages.com/,305-508-9093,southgm@islamoradabeverages.com,https://edis.ifas.ufl.edu/publication/FS380,"UF/IFAS Extension — Finding and Using a Co-packer (FS380 PDF, Florida & Georgia list)","beer, liquor, seltzer, canned cocktails",beverage; canning,,,
Azure Water,Leesburg,FL,http://azurewater.com/company/,352-728-5646,sales@azurewater.com,https://edis.ifas.ufl.edu/publication/FS380,"UF/IFAS Extension — Finding and Using a Co-packer (FS380 PDF, Florida & Georgia list)",bottled water,,,,
H&H Products Company,Maitland,FL,https://hhproductscompany.com/copacking/,800-678-8448,info@hhproductscompany.com,https://edis.ifas.ufl.edu/publication/FS380,"UF/IFAS Extension — Finding and Using a Co-packer (FS380 PDF, Florida & Georgia list)","beverage, juice concentrates, syrups",beverage,,,
"Criollos Food, USA",Medley,FL,https://www.criollosfoodusa.com,954-629-7471,mvasquez@criollosfoodusa.com,https://edis.ifas.ufl.edu/publication/FS380,"UF/IFAS Extension — Finding and Using a Co-packer (FS380 PDF, Florida & Georgia list)","dry beans, peas, wheat, flours, cornmeal",,,,
"Marina Foods, Inc.",Medley,FL,https://www.marinafoods.com,786-888-0129,info@marinafoods.com,https://edis.ifas.ufl.edu/publication/FS380,"UF/IFAS Extension — Finding and Using a Co-packer (FS380 PDF, Florida & Georgia list)","cooking oils, salad dressings, sauces",sauces,,,
Al-Rite Bottled Ideas,Miami,FL,http://www.al-rite.com,305-652-2540,info@al-rite.com,https://edis.ifas.ufl.edu/publication/FS380,"UF/IFAS Extension — Finding and Using a Co-packer (FS380 PDF, Florida & Georgia list)","liquid beverages, concentrates, sauces, teas, drink mixes",beverage; sauces,,,
"Transnational Foods, LLC.",Miami,FL,https://transnationalfoods.com/,305-365-9652,info@tfinc.com,https://edis.ifas.ufl.edu/publication/FS380,"UF/IFAS Extension — Finding and Using a Co-packer (FS380 PDF, Florida & Georgia list)","Olive oil, low sugar, canned vegetables, canned meats, pasta, condiments",canning; sauces,,,
United Oil Packers,Miami,FL,http://unitedoilcompany.com/products.php4,305-687-6457,contact@unitedoilcompany.com,https://edis.ifas.ufl.edu/publication/FS380,"UF/IFAS Extension — Finding and Using a Co-packer (FS380 PDF, Florida & Georgia list)","Cooking oils, shortenings",,,,
Las Olas Confections and Snacks,Orlando,FL,https://lasolasbrands.com/,407-816-9944,orders@lasolabrands.com,https://edis.ifas.ufl.edu/publication/FS380,"UF/IFAS Extension — Finding and Using a Co-packer (FS380 PDF, Florida & Georgia list)","candies, chocolates",chocolate,,,
Palmetto Canning Co. Inc.,Palmetto,FL,http://www.palmettocanning.com,941-722-1100,pcrbaggs@tampabay.rr.com,https://edis.ifas.ufl.edu/publication/FS380,"UF/IFAS Extension — Finding and Using a Co-packer (FS380 PDF, Florida & Georgia list)","dietary supplements, marinades, sauces, dressings, cooking wines, jellies and marmalades",sauces,,,
Kitchen Fusions,Pinellas Park,FL,https://www.mycopacker.com/about-us/,727-546-3444,info@mycopacker.com,https://edis.ifas.ufl.edu/publication/FS380,"UF/IFAS Extension — Finding and Using a Co-packer (FS380 PDF, Florida & Georgia list)","sauces, dips (dry blending only)",sauces; dry-blend,,,
Sauce Crafters,Riviera Beach,FL,https://saucecrafters.com/pages/co-packing,561-848-2335,saucemixer@att.net,https://edis.ifas.ufl.edu/publication/FS380,"UF/IFAS Extension — Finding and Using a Co-packer (FS380 PDF, Florida & Georgia list)","BBQ sauces, pasta sauces, hot sauces, gifts",sauces,,,
Best Brand Bottlers,Sarasota,FL,https://www.bestbrandbottlers.com,941-755-1941,office@bestbrandbottlers.com,https://edis.ifas.ufl.edu/publication/FS380,"UF/IFAS Extension — Finding and Using a Co-packer (FS380 PDF, Florida & Georgia list)","salad dressings, marinades, BBQ sauces, pasta sauces, hot sauces and cocktail sauces",beverage; sauces,,,
"Beneficial Blends, LLC",Tampa,FL,https://beneficialblends.com,800-230-5952,info@beneficialblends.com,https://edis.ifas.ufl.edu/publication/FS380,"UF/IFAS Extension — Finding and Using a Co-packer (FS380 PDF, Florida & Georgia list)",liquid and semiliquid products,,,,
Old Meeting House Ice Cream,Tampa,FL,http://www.omhicecream.com/index-2.html,813-451-9854,,https://edis.ifas.ufl.edu/publication/FS380,"UF/IFAS Extension — Finding and Using a Co-packer (FS380 PDF, Florida & Georgia list)","ice cream, soy cream, gluten free",dairy,,gluten-free,
Southeast Dairy Processors (division of Tiller Foods),Tampa,FL,http://tillerfoods.com,866-793-2479,billlacaillade@tillerfoods.com,https://edis.ifas.ufl.edu/publication/FS380,"UF/IFAS Extension — Finding and Using a Co-packer (FS380 PDF, Florida & Georgia list)","yogurt, sour cream, cream, buttermilk, ice cream and dairy mixes, dessert mixes, coffee creamer",dairy; beverage,,kosher,Pareve and Kosher
IPAC Inc. (International Packaging of Authentic Cuisine),Winter Springs,FL,https://www.copack.com/about-us,407-699-7507,,https://edis.ifas.ufl.edu/publication/FS380,"UF/IFAS Extension — Finding and Using a Co-packer (FS380 PDF, Florida & Georgia list)","sauces/salsas, soups, dressings, cocktail mixers",beverage; sauces,,,
Georgia Spice Company,Atlanta,GA,http://gaspiceco.com,404-696-6200,aray@gaspiceco.com,https://edis.ifas.ufl.edu/publication/FS380,"UF/IFAS Extension — Finding and Using a Co-packer (FS380 PDF, Florida & Georgia list)","dry blends (dressing, drink mixes, marinades, rubs, batters, seasonings)",sauces; dry-blend,,,
Mainline Foods,Atlanta,GA,https://mainlinefoods.com/,404-465-1100,,https://edis.ifas.ufl.edu/publication/FS380,"UF/IFAS Extension — Finding and Using a Co-packer (FS380 PDF, Florida & Georgia list)","Frozen, RTE foods including bakery, pastries, deli salads, appetizers",bakery; frozen,,,
Sunbelt Packaging Co.,Atlanta,GA,,470-896-4774,info@sunbeltpackagingco.com,https://edis.ifas.ufl.edu/publication/FS380,"UF/IFAS Extension — Finding and Using a Co-packer (FS380 PDF, Florida & Georgia list)","Condiments, sauces, seasonings",sauces; dry-blend,,,
"D&D Foods, Inc.",Columbus,GA,http://www.foysbbq.com,706-322-4507,orders@foysbbq.com,https://edis.ifas.ufl.edu/publication/FS380,"UF/IFAS Extension — Finding and Using a Co-packer (FS380 PDF, Florida & Georgia list)",sauces,sauces,,,
Ol'Geechees BBQ,Homer,GA,https://www.hogwallerbbq.com/co-packing,912-550-6494,kennydasher@yahoo.com,https://edis.ifas.ufl.edu/publication/FS380,"UF/IFAS Extension — Finding and Using a Co-packer (FS380 PDF, Florida & Georgia list)",sauces,sauces,,,
Country Ranch Foods,Marietta,GA,https://countryranchfoods.com/private-label-custom-pack/,770-792-9000,,https://edis.ifas.ufl.edu/publication/FS380,"UF/IFAS Extension — Finding and Using a Co-packer (FS380 PDF, Florida & Georgia list)","kettle items (gravies, sauces, soups, stews, broths), oven items, raw sausage",sauces; meat,,,
Coastal Packaging,Newnan,GA,https://www.coastalpackaging.com/co-packing/,678-854-2117,,https://edis.ifas.ufl.edu/publication/FS380,"UF/IFAS Extension — Finding and Using a Co-packer (FS380 PDF, Florida & Georgia list)","Tea, coffee, juices, energy drinks including organic and gluten-free",beverage,,organic; gluten-free,organic; gluten-free
"Braswell's Foods, Inc.",Statesboro,GA,https://www.braswells.com,800-673-9388,customerservice@braswells.com,https://edis.ifas.ufl.edu/publication/FS380,"UF/IFAS Extension — Finding and Using a Co-packer (FS380 PDF, Florida & Georgia list)","jams, jellies, dressings, marinades, sauces, honeys, toppings",sauces,,,
Custom Beverage Concepts,Tallapoosa,GA,https://www.custombeverageconcepts.com/,770-574-9899,tyc18@custombeverageconcepts.com,https://edis.ifas.ufl.edu/publication/FS380,"UF/IFAS Extension — Finding and Using a Co-packer (FS380 PDF, Florida & Georgia list)","hot and cold beverages, sweetener, creamer, protein shakes",beverage,,,
True Spice,Tucker,GA,https://www.truespicefoods.com/,404-502-2394,,https://edis.ifas.ufl.edu/publication/FS380,"UF/IFAS Extension — Finding and Using a Co-packer (FS380 PDF, Florida & Georgia list)","spice blends, functional beverages, superfood blends, protein blends, coffee, tea",beverage,,,
National Foodwork Services,Decatur,IL,http://nationalfoodworks.com/,217.330.8512,,https://cals.cornell.edu/cornell-agritech/partners-institutes/cornell-food-venture-center/kitchensco-packers,Cornell Food Venture Center — Kitchens/Co-Packers,,,,,
PacMoore Innovation Lab,Gridley,IL,https://www.pacmoore.com/contract-manufacturing/processing/extrusion/,866-610-2666,jwarren@pacmoore.com,https://cals.cornell.edu/cornell-agritech/partners-institutes/cornell-food-venture-center/kitchensco-packers,Cornell Food Venture Center — Kitchens/Co-Packers,,,,,
"National Foodworks Services, LLC",,IL,http://www.nationalfoodworks.com/,,,https://ucfoodquality.ucdavis.edu/food-industry-contacts/co-packers,"UC Food Quality — Co-Packers (Mostly California) page, last update March 16 2026",,,,,
PacMoore Products (Corporate Headquarters),Hammond,IN,,,,https://cals.cornell.edu/cornell-agritech/partners-institutes/cornell-food-venture-center/kitchensco-packers,Cornell Food Venture Center — Kitchens/Co-Packers,,,,,
PacMoore Process Technologies,Mooresville,IN,https://www.pacmoore.com,866-610-2666,jwarren@pacmoore.com,https://cals.cornell.edu/cornell-agritech/partners-institutes/cornell-food-venture-center/kitchensco-packers,Cornell Food Venture Center — Kitchens/Co-Packers,,,,,
Chubby's Sauce,Bernardston,MA,http://www.chubbysauce.com,413-478-2103,info@chubbysauce.com,https://cals.cornell.edu/cornell-agritech/partners-institutes/cornell-food-venture-center/kitchensco-packers,Cornell Food Venture Center — Kitchens/Co-Packers,"Acidified Foods, Thermal Process-(Hot Pack), Automated Filling Line, 4 ounce to 1 Gallon, Plastic and Glass Containers, Product Development and Consultation",hot-fill; acidified,,,
UTEC Community Kitchen,Lowell,MA,https://utecinc.org/,978.856.3951,uteckitchen@utecinc.org,https://cals.cornell.edu/cornell-agritech/partners-institutes/cornell-food-venture-center/kitchensco-packers,Cornell Food Venture Center — Kitchens/Co-Packers,,,,,Listed in Cornell kitchens/co-packers directory; may include shared-use services.
Five Way Foods,New Bedford,MA,https://www.flavorfirstfoods.com/,774-249-2013,jonathan@fivewayfoods.comphone,https://cals.cornell.edu/cornell-agritech/partners-institutes/cornell-food-venture-center/kitchensco-packers,Cornell Food Venture Center — Kitchens/Co-Packers,"Flexible co-packer partner for large and small brands, automated production for a wide range glass and plastic packaging. Specialize in sauces, broths, dressings, salsas and other hot or cold fill products. On-site dry and refrigerator storage. Along with fulfillment services for wholesale and direct to consumer.",cold-fill; sauces,,,Listed in Cornell kitchens/co-packers directory; may include shared-use services.
Avon Food Company,Stoughton,MA,https://avonfood.com/,781-341-3341,info@avonfood.com,https://cals.cornell.edu/cornell-agritech/partners-institutes/cornell-food-venture-center/kitchensco-packers,Cornell Food Venture Center — Kitchens/Co-Packers,"Capabilities Include: Acidified Foods, Thermal Process-(Hot Pack), Dry Spice Blending/Filling, Plastic and Glass Containers, Product Development and Consultation",hot-fill; acidified,,,
Cape Cod Provisions,Wareham,MA,http://www.capecodprovisions.com,506-776-0499,jack@capecodprovisions.com,https://cals.cornell.edu/cornell-agritech/partners-institutes/cornell-food-venture-center/kitchensco-packers,Cornell Food Venture Center — Kitchens/Co-Packers,"Bag and fill machine for private label candy, confectionary products and much more.",chocolate,,,
Tulkoff Food Products,Baltimore,MD,https://www.tulkoff.com/,800-638-7343,info@tulkoff.com,https://extension.psu.edu/list-of-co-packers-in-pennsylvania-and-beyond/,Penn State Extension — List of Co-packers in Pennsylvania and Beyond (updated Dec 16 2025),"Co-pack manufacturer of condiments, specialty sauces, and dressings for food service, retail, or industrial-sized customers. Headquartered in Baltimore, MD with a secondary facility in Pittsburgh, CA, facilities are SQF and FDA certified.",sauces,,SQF; FDA,"Contact: Ruth Bohls, Director of Marketing"
Maryland Packaging,Elkridge,MD,https://marylandpackaging.com/,410-540-9700,,https://extension.psu.edu/list-of-co-packers-in-pennsylvania-and-beyond/,Penn State Extension — List of Co-packers in Pennsylvania and Beyond (updated Dec 16 2025),"Commercial Kitchen, Co-Packing, Commercial juicing, Logistics, Cold Storage",,,,
Mama Vida Inc.,Randallstown,MD,,410-521-0742,info@mamavida.com,https://extension.psu.edu/list-of-co-packers-in-pennsylvania-and-beyond/,Penn State Extension — List of Co-packers in Pennsylvania and Beyond (updated Dec 16 2025),Small batch acidified foods,acidified,,,Contact: Nila Mechali
G.M. Allen,Blue Hill,ME,,207-469-7060,,https://cals.cornell.edu/cornell-agritech/partners-institutes/cornell-food-venture-center/kitchensco-packers,Cornell Food Venture Center — Kitchens/Co-Packers,,,,,
Cold and hot pack; Dry Mixes,Gray,ME,,207-657-6446,,https://cals.cornell.edu/cornell-agritech/partners-institutes/cornell-food-venture-center/kitchensco-packers,Cornell Food Venture Center — Kitchens/Co-Packers,"Small, specialty foods manufacturer and co-packer specializing in working with small producers and start-up companies and responding to the needs of the producer seeking broader distribution for their products. Production consulting services include UPC procurement, test batch preparation, shelf life testing, nutritional analysis, label consulting, and recipe scaling.",,,,
DennyMike's Sauces & Seasonings,Westbrook,ME,http://www.dennymikes.com,207-591-5084,,https://cals.cornell.edu/cornell-agritech/partners-institutes/cornell-food-venture-center/kitchensco-packers,Cornell Food Venture Center — Kitchens/Co-Packers,,,,,
W.S. Wells & Son,Wilton,ME,,207-645-3393,,https://cals.cornell.edu/cornell-agritech/partners-institutes/cornell-food-venture-center/kitchensco-packers,Cornell Food Venture Center — Kitchens/Co-Packers,,,,,
Freestone Pickle Company Inc.,Bangor,MI,http://freestonepickles.com,269-427-7702,freestonepickles@freestonepickles.com,https://www.michfpa.org/processors/,Michigan Food Processors Association — Processors roster (processors; co-pack not always stated),Food service pickles and relishes; contract tanking,,,,Mentions contract tanking
Coloma Frozen Foods,Coloma,MI,,269-944-1421,,https://www.michfpa.org/processors/,Michigan Food Processors Association — Processors roster (processors; co-pack not always stated),"Frozen asparagus, rhubarb, tart cherries, blueberries, apples, fruit juice concentrates; poly repacking",beverage; frozen,,,MFPA processor listing
Burnette Foods,Elk Rapids,MI,,231-264-8116,,https://www.michfpa.org/processors/,Michigan Food Processors Association — Processors roster (processors; co-pack not always stated),"Canned pie fillings, cherries, plums, applesauce; additional plants East Jordan, Hartford, New Era",canning,,,MFPA processor listing; multiple plants
Michigan Freeze Pack,Hart,MI,http://michiganfreezepack.com,231-873-2175,afletcher@michiganfreezepack.com,https://www.michfpa.org/processors/,Michigan Food Processors Association — Processors roster (processors; co-pack not always stated),Frozen IQF vegetables; bagging services,frozen,,,Bagging services stated
"Harrison Packing Co., Inc.",Kalamazoo,MI,http://harrisonpacking.com,269-381-3837,,https://www.michfpa.org/processors/,Michigan Food Processors Association — Processors roster (processors; co-pack not always stated),Pickle and pepper products; brine stock and contract tanking,,,,Mentions contract tanking
Honee Bear Canning Company,Lawton,MI,http://honeebear.com,269-624-4681,,https://www.michfpa.org/processors/,Michigan Food Processors Association — Processors roster (processors; co-pack not always stated),"Canned asparagus, cherries, plums, pie filling, blueberries, potatoes, carrots, dry beans, apples, soups; frozen fruit",canning; frozen,,,Staff listing includes Purchasing/Co-Pack Liaison
"Indian Summer Cooperative, Inc.",Ludington,MI,,231-845-6248,dhackert@indiansummercoop.com,https://www.michfpa.org/processors/,Michigan Food Processors Association — Processors roster (processors; co-pack not always stated),"RTP cherries, apple juice, flavored juices, applesauce, flavored sauces, apple slices, concentrates",beverage; sauces,,,MFPA processor listing
Michigan Food Processor Coop. Inc.,Ludington,MI,,231-845-6248,,https://www.michfpa.org/processors/,Michigan Food Processors Association — Processors roster (processors; co-pack not always stated),"Frozen tart cherries, IQF cherries, frozen apple slices, fresh asparagus",frozen,,,MFPA processor listing
Bayview Food Products / Mr. Chips Inc.,Pinconning,MI,,,,https://www.michfpa.org/processors/,Michigan Food Processors Association — Processors roster (processors; co-pack not always stated),"Pickles, relish and peppers",,,,MFPA processor listing; co-pack not explicitly stated
Traverse Bay Farms,South Bellaire,MI,https://www.traversebayfarms.com/,1-231-533-8788,,https://cals.cornell.edu/cornell-agritech/partners-institutes/cornell-food-venture-center/kitchensco-packers,Cornell Food Venture Center — Kitchens/Co-Packers,,,,,
Leelanau Fruit Company,Suttons Bay,MI,http://leelanaufruit.com,231-271-3514,al@leelanaufruit.com,https://www.michfpa.org/processors/,Michigan Food Processors Association — Processors roster (processors; co-pack not always stated),"Frozen strawberries, plums, tart and sweet cherries, brined sweet cherries",frozen,,,MFPA processor listing
Mille Lacs Wild Rice Corporation,Aitkin,MN,,800-626-3809,joe@canoewildrice.com,https://www.mda.state.mn.us/minnesota-co-packer-directory,Minnesota Department of Agriculture — Minnesota Co-Packer Directory (reviewed 2018; updated 2022; detailed listings live as of fetch),"Wild rice, wild rice blends, other rices",,typically no order minimums,,
Particle Control Inc.,Albertville,MN,,763-497-3075,jerry@particlecontrolinc.com,https://www.mda.state.mn.us/minnesota-co-packer-directory,Minnesota Department of Agriculture — Minnesota Co-Packer Directory (reviewed 2018; updated 2022; detailed listings live as of fetch),"Toll milling, blending, packaging, air classifying",,100 pounds,,Capacity 100 ton/week
Northwestern Foods Inc.,Arden Hills,MN,,,sales@northwesternfoods.com,https://www.mda.state.mn.us/minnesota-co-packer-directory,Minnesota Department of Agriculture — Minnesota Co-Packer Directory (reviewed 2018; updated 2022; detailed listings live as of fetch),"Dry blending, VFFS; dry mixes (beverages, cocoas, teas, lattes, bakery items)",bakery; beverage; dry-blend,"2,000 pounds/item",kosher; halal; BRC,
Riffs Smokehouse,Arden Hills,MN,,651-955-6133,ethan@riffssmokehouse.com,https://www.mda.state.mn.us/minnesota-co-packer-directory,Minnesota Department of Agriculture — Minnesota Co-Packer Directory (reviewed 2018; updated 2022; detailed listings live as of fetch),"USDA meat facility: cook/smoke, pack, ship meat; BBQ sauce and other sauces",sauces; meat,varies by product,USDA,
InHarvest Inc.,Bemidji,MN,,800-346-7032,johnw@inharvest.com,https://www.mda.state.mn.us/minnesota-co-packer-directory,Minnesota Department of Agriculture — Minnesota Co-Packer Directory (reviewed 2018; updated 2022; detailed listings live as of fetch),"Grains, rice, beans, lentils; parboiling, blending, scarifying",,"24 pounds stock; 2,000 pounds custom",,
Fiberich Technologies Inc.,Bloomington,MN,,952-920-8054,fiberichtech@gmail.com,https://www.mda.state.mn.us/minnesota-co-packer-directory,Minnesota Department of Agriculture — Minnesota Co-Packer Directory (reviewed 2018; updated 2022; detailed listings live as of fetch),Legume flours and high fiber baking concentrate flour,,"one pallet (2,000 pounds)",,
"Nikola's Foods, Nikola's Bakery",Bloomington,MN,,952-253-5991,dir@nikolasbakery.com,https://www.mda.state.mn.us/minnesota-co-packer-directory,Minnesota Department of Agriculture — Minnesota Co-Packer Directory (reviewed 2018; updated 2022; detailed listings live as of fetch),"Full-service bakery, custom baking, private label and co-packing",bakery,case-by-case,AIB; FDA; kosher; HACCP,"35,000 sq ft bakery plus 15,000 sq ft gluten-free manufacturing"
Abdallah Candies,Burnsville,MN,,952-890-4770,service@abdallahcandies.com,https://www.mda.state.mn.us/minnesota-co-packer-directory,Minnesota Department of Agriculture — Minnesota Co-Packer Directory (reviewed 2018; updated 2022; detailed listings live as of fetch),"Toffee, caramels, creams, clusters, barks, and nougats",,varies,,"Capacity: 5,000 pounds per day"
Buddy's Kitchen Inc.,Burnsville,MN,,952-894-2540,,https://www.mda.state.mn.us/minnesota-co-packer-directory,Minnesota Department of Agriculture — Minnesota Co-Packer Directory (reviewed 2018; updated 2022; detailed listings live as of fetch),"Frozen sandwiches, burritos, breakfast entrees, grilled bread",frozen,,,Selectively works with early-stage companies
Quality Ingredients Corporation,Burnsville,MN,,952-898-4002,sales@qic.us,https://www.mda.state.mn.us/minnesota-co-packer-directory,Minnesota Department of Agriculture — Minnesota Co-Packer Directory (reviewed 2018; updated 2022; detailed listings live as of fetch),Contract spray drying and spray chilling,spray-dry,500 pounds typically,,
Sno Pac Foods,Caledonia,MN,,507-725-5281,snopac@snopac.com,https://www.mda.state.mn.us/minnesota-co-packer-directory,Minnesota Department of Agriculture — Minnesota Co-Packer Directory (reviewed 2018; updated 2022; detailed listings live as of fetch),Frozen vegetables,frozen,"Processing 40,000 pounds raw; packaging 20,000 pounds; ingredient sales no minimum",organic,
Lorentz Meats,Cannon Falls,MN,,507-263-3618,jpeterson@lorentzmeats.com,https://www.mda.state.mn.us/minnesota-co-packer-directory,Minnesota Department of Agriculture — Minnesota Co-Packer Directory (reviewed 2018; updated 2022; detailed listings live as of fetch),"Beef and bison slaughter, specialty meat packaging, sausage",meat,varies by product,,
Bongards Premium Cheese,Chanhassen,MN,,952-277-5555,scott.tomes@bongards.com,https://www.mda.state.mn.us/minnesota-co-packer-directory,Minnesota Department of Agriculture — Minnesota Co-Packer Directory (reviewed 2018; updated 2022; detailed listings live as of fetch),"Processed cheese, natural cheese, cream cheese, and whey",dairy,"10,000 pounds",,
Treehouse Brands dba Enlightened Beverage,Croix,MN,,888-522-2892,info@treehousebrand.com,https://www.mda.state.mn.us/minnesota-co-packer-directory,Minnesota Department of Agriculture — Minnesota Co-Packer Directory (reviewed 2018; updated 2022; detailed listings live as of fetch),"Frappe mix, bakery mix, coffee",bakery; beverage,one case 5 pouches/bags x 3 pounds,,
Dover Processing Inc.,Dover,MN,,507-932-8660,dovermeats@gmail.com,https://www.mda.state.mn.us/minnesota-co-packer-directory,Minnesota Department of Agriculture — Minnesota Co-Packer Directory (reviewed 2018; updated 2022; detailed listings live as of fetch),"USDA inspected meat processing: sausage, smoked meats, thermoforming, vacuum packaging",meat,contact to discuss,organic (MOSA); Animal Welfare Approved,
Milk Specialties Global,Eden Prairie,MN,,952-942-7310,cbaughman@milkspecialties.com,https://www.mda.state.mn.us/minnesota-co-packer-directory,Minnesota Department of Agriculture — Minnesota Co-Packer Directory (reviewed 2018; updated 2022; detailed listings live as of fetch),"Nutritional powder products: sports nutrition, weight loss, meal replacers",,"10,000 pounds",,
Hamel Maple Syrup Company Inc.,Hamel,MN,,763-478-2353,order@hamelsyrup.com,https://www.mda.state.mn.us/minnesota-co-packer-directory,Minnesota Department of Agriculture — Minnesota Co-Packer Directory (reviewed 2018; updated 2022; detailed listings live as of fetch),"Pure maple syrup, organic maple syrup, blends, granulated maple sugar; private label bottling",,pallet preferred; will discuss,SQF; kosher (cRc); organic; non-GMO (MOSA),
Mile Marker,Inver Grove Heights,MN,,612-229-8593,lee@dashfire.us,https://www.mda.state.mn.us/minnesota-co-packer-directory,Minnesota Department of Agriculture — Minnesota Co-Packer Directory (reviewed 2018; updated 2022; detailed listings live as of fetch),"Tin cans and glass bottles for bitters, spirits, RTD canned cocktails",beverage; canning,"1,000 bottles (any size); 70,000-112,000 cans (depending on size)",,
European Roasterie Inc.,Le Center,MN,,507-357-3008,thomas@euroroast.com,https://www.mda.state.mn.us/minnesota-co-packer-directory,Minnesota Department of Agriculture — Minnesota Co-Packer Directory (reviewed 2018; updated 2022; detailed listings live as of fetch),Roasted coffee,beverage,50 pounds per SKU,,
Maud Borup,Le Center,MN,,866-678-6283,randy@maudborup.com,https://www.mda.state.mn.us/minnesota-co-packer-directory,Minnesota Department of Agriculture — Minnesota Co-Packer Directory (reviewed 2018; updated 2022; detailed listings live as of fetch),"Candy, snacks, powdered mixes, hot sauces",snacks; sauces; dry-blend; chocolate,"4,000 units",,
North Star Processing LLC,Litchfield,MN,,320-693-7211,mholmgren@nsp-llc.com,https://www.mda.state.mn.us/minnesota-co-packer-directory,Minnesota Department of Agriculture — Minnesota Co-Packer Directory (reviewed 2018; updated 2022; detailed listings live as of fetch),"Spray dried powders: flavors, sweeteners, coloring, dairy ingredients, proteins",dairy; spray-dry,varies with products,kosher (OU); organic (QAI),
All American Foods Inc.,Mankato,MN,,800-833-2661,amys@aafoods.com,https://www.mda.state.mn.us/minnesota-co-packer-directory,Minnesota Department of Agriculture — Minnesota Co-Packer Directory (reviewed 2018; updated 2022; detailed listings live as of fetch),"Dried, co-dried, and dry blended bulk ingredients (cheese powders, cultured dairy powders)",dairy; dry-blend,to be determined,,
Schwan's Global Supply Chain Inc.,Marshall,MN,,507-537-8189,maryjo.martinson@schwans.com,https://www.mda.state.mn.us/minnesota-co-packer-directory,Minnesota Department of Agriculture — Minnesota Co-Packer Directory (reviewed 2018; updated 2022; detailed listings live as of fetch),"Frozen foods: ice cream, bakery desserts, convenience foods, sauces",bakery; dairy; frozen; sauces,varies by product category,,
At Last! Gourmet Foods,Minneapolis,MN,,,info@atlastgourmetfoods.com,https://www.mda.state.mn.us/minnesota-co-packer-directory,Minnesota Department of Agriculture — Minnesota Co-Packer Directory (reviewed 2018; updated 2022; detailed listings live as of fetch),"Soups, sauces, marinades, dips, spreads",sauces,"1 pallet (1,200 pounds)",USDA; organic; SQF level II,"USDA inspected. Capacity: 30,000 pounds per customer per day"
Bare Honey & Co. Food Manufacturing,Minneapolis,MN,,612-315-3952,info@barehoney.com,https://www.mda.state.mn.us/minnesota-co-packer-directory,Minnesota Department of Agriculture — Minnesota Co-Packer Directory (reviewed 2018; updated 2022; detailed listings live as of fetch),"Pure and infused honeys, jams, jellies, sauces, drink mixers",sauces,200 gallons,organic; FDA; HACCP,"Certified organic facility, FDA-registered, MN licensed wholesale manufacturer. Max 12,000 gal/month"
Better Bev Co (Buch Fermentary and Taproom),Minneapolis,MN,,612-720-1020,ryan@buchbev.com,https://www.mda.state.mn.us/minnesota-co-packer-directory,Minnesota Department of Agriculture — Minnesota Co-Packer Directory (reviewed 2018; updated 2022; detailed listings live as of fetch),"THC seltzers, kombucha products",beverage,negotiable,,Capacity approximately 280 barrels
Big Watt Inc.,Minneapolis,MN,,612-354-2897,,https://www.mda.state.mn.us/minnesota-co-packer-directory,Minnesota Department of Agriculture — Minnesota Co-Packer Directory (reviewed 2018; updated 2022; detailed listings live as of fetch),"Whole bean coffee, RTD cold press coffee, sparkling beverages, CBD products",beverage,"2,500 units",,"Also Wisconsin facility. MN 10,000 cases/month; WI 25,000 cases/month"
Coffeewomple,Minneapolis,MN,,952-270-8923,nicole@coffewomple.com,https://www.mda.state.mn.us/minnesota-co-packer-directory,Minnesota Department of Agriculture — Minnesota Co-Packer Directory (reviewed 2018; updated 2022; detailed listings live as of fetch),Whole bean and ground coffee,beverage,no minimums on stock coffee; ~16 pound minimum on custom batches,,
Fischer's United Supply Inc.,Minneapolis,MN,,612-379-3333,,https://www.mda.state.mn.us/minnesota-co-packer-directory,Minnesota Department of Agriculture — Minnesota Co-Packer Directory (reviewed 2018; updated 2022; detailed listings live as of fetch),"Acid or acidified condiments, BBQ sauces to jams, 4-oz jars to 55-gallon drums",acidified; sauces,500 pounds,organic,"Average full production day 3,200 pounds"
G.O. Fresh,Minneapolis,MN,,612-256-1770,,https://www.mda.state.mn.us/minnesota-co-packer-directory,Minnesota Department of Agriculture — Minnesota Co-Packer Directory (reviewed 2018; updated 2022; detailed listings live as of fetch),Fresh pre-cut fruits and vegetables,,varies,organic; USDA,
Gourmet CoPack,Minneapolis,MN,,414-339-2980,info@gourmetcopack.com,https://www.mda.state.mn.us/minnesota-co-packer-directory,Minnesota Department of Agriculture — Minnesota Co-Packer Directory (reviewed 2018; updated 2022; detailed listings live as of fetch),"Jams, jellies, conserves, preserves, chutneys, pickled products, sauces, honey",sauces,"1,000 units",,
Olsen Fish Company,Minneapolis,MN,,612-287-0838,cdorff@olsenfish.com,https://www.mda.state.mn.us/minnesota-co-packer-directory,Minnesota Department of Agriculture — Minnesota Co-Packer Directory (reviewed 2018; updated 2022; detailed listings live as of fetch),"Pickled products, creamed products, brines, non-heat treated; jarred product",,negotiable,kosher; FDA,
Swanson Meats,Minneapolis,MN,,612-468-2014,ross@swansonmeats.com,https://www.mda.state.mn.us/minnesota-co-packer-directory,Minnesota Department of Agriculture — Minnesota Co-Packer Directory (reviewed 2018; updated 2022; detailed listings live as of fetch),"Cutting steaks and chops, grinding proprietary blends; all meats",,,SQF; halal; gluten-free,Child Nutrition Label certified
Karlsburger Foods Inc.,Monticello,MN,,763-295-2273,matthewm@karlsburger.com,https://www.mda.state.mn.us/minnesota-co-packer-directory,Minnesota Department of Agriculture — Minnesota Co-Packer Directory (reviewed 2018; updated 2022; detailed listings live as of fetch),"Soup bases, sauces, spices and seasoning blends, gravy mixes",sauces; dry-blend,no minimum on stock; 150 pounds custom seasoning/dry blends; 300 pounds custom bases,SQF level 2; USDA; FDA; organic; halal; HACCP,"Capacity up to 66,000 pounds a day"
Crested River,Morgan,MN,,507-430-8351,shawn@criver.cc,https://www.mda.state.mn.us/minnesota-co-packer-directory,Minnesota Department of Agriculture — Minnesota Co-Packer Directory (reviewed 2018; updated 2022; detailed listings live as of fetch),"Oils, topicals, edibles, beverages; cans, kegs, glass, jars, mylar",beverage,,,Beverage pilot line 2 to 40 BBL
Krienke Foods International Inc.,Mountain Lake,MN,,651-238-4770,caleb@popdkerns.com,https://www.mda.state.mn.us/minnesota-co-packer-directory,Minnesota Department of Agriculture — Minnesota Co-Packer Directory (reviewed 2018; updated 2022; detailed listings live as of fetch),"Crunchy corn and legume snacks, fried pasta snacks, roasted legumes, trail mixes",snacks,Negotiable,SQF,Costco-approved contract snack manufacturer
Mixly Cocktail Co.,New Hope,MN,,952-200-6684,johnna@mixlycocktailco.com,https://www.mda.state.mn.us/minnesota-co-packer-directory,Minnesota Department of Agriculture — Minnesota Co-Packer Directory (reviewed 2018; updated 2022; detailed listings live as of fetch),"Cocktail mixers, syrups, mocktails, beverage concentrates; hot and cold fill",cold-fill; beverage,"To be determined on product type, packaging and formula",,Small batch (500 bottles) to large runs (20k+ bottles)
Sutton Investments (DBA Healthy For Life Meals),New Hope,MN,,612-770-8755,jimkeegan@healthyforlifemeals.com,https://www.mda.state.mn.us/minnesota-co-packer-directory,Minnesota Department of Agriculture — Minnesota Co-Packer Directory (reviewed 2018; updated 2022; detailed listings live as of fetch),Nutritionally controlled fully prepared fresh single serve meals,,,,
The Secret Garden,Park Rapids,MN,,218-732-4866,sgmorg@wcta.net,https://www.mda.state.mn.us/minnesota-co-packer-directory,Minnesota Department of Agriculture — Minnesota Co-Packer Directory (reviewed 2018; updated 2022; detailed listings live as of fetch),Dehydrated soups; entree mixes; quick bread and pancake mixes; dip and seasoning mixes,dry-blend; dehydration,,,
Maple Island Inc.,Paul,MN,,651-773-1000,info@maple-island.com,https://www.mda.state.mn.us/minnesota-co-packer-directory,Minnesota Department of Agriculture — Minnesota Co-Packer Directory (reviewed 2018; updated 2022; detailed listings live as of fetch),"Dry blend and canister fill powdered products including milk and protein powders, infant formula",dry-blend,,,
Smude Enterprises,Pierz,MN,,320-468-6925,tom@smudeoil.com,https://www.mda.state.mn.us/minnesota-co-packer-directory,Minnesota Department of Agriculture — Minnesota Co-Packer Directory (reviewed 2018; updated 2022; detailed listings live as of fetch),Co-packing dry goods up to 2 pounds; oil bottling any size,,any,,
Food Service Specialties,Red Wing,MN,,800-657-0811,jordanp@foodservicespecialties.com,https://www.mda.state.mn.us/minnesota-co-packer-directory,Minnesota Department of Agriculture — Minnesota Co-Packer Directory (reviewed 2018; updated 2022; detailed listings live as of fetch),Tomato-based and dairy-based sauces and dips; pouches and totes,dairy; sauces,"approximately 1,000 gallons with annual volume expectation of 5,000 gallons",,
Sturdiwheat Inc.,Red Wing,MN,,651-385-9300,pancakes@sturdiwheat.com,https://www.mda.state.mn.us/minnesota-co-packer-directory,Minnesota Department of Agriculture — Minnesota Co-Packer Directory (reviewed 2018; updated 2022; detailed listings live as of fetch),All natural and organic certified dry mixing and packaging,dry-blend,"1,000 units",organic,Does not run nuts through system
NLC Beverage Company Inc.,Rice,MN,,844-314-5252,troy@newlifecoffee.com,https://www.mda.state.mn.us/minnesota-co-packer-directory,Minnesota Department of Agriculture — Minnesota Co-Packer Directory (reviewed 2018; updated 2022; detailed listings live as of fetch),"Bagged coffee, mushroom coffee, single serve, RTD CBD beverages and mocktails, cold brew",beverage,,,
Reichel Foods Inc.,Rochester,MN,,507-289-7264,craig@reichelfoods.com,https://www.mda.state.mn.us/minnesota-co-packer-directory,Minnesota Department of Agriculture — Minnesota Co-Packer Directory (reviewed 2018; updated 2022; detailed listings live as of fetch),"Produce, proteins, shelf-stable, perishable processing and packaging",,,,
Pan O Gold Baking Company,Saint Cloud,MN,,320-251-9361,mubl@panogold.com,https://www.mda.state.mn.us/minnesota-co-packer-directory,Minnesota Department of Agriculture — Minnesota Co-Packer Directory (reviewed 2018; updated 2022; detailed listings live as of fetch),Fresh baked breads and buns,,varies,,
"MBH, LLC",Saint Louis Park,MN,,612-386-0143,brett.struwe@sustenancecoffee.com,https://www.mda.state.mn.us/minnesota-co-packer-directory,Minnesota Department of Agriculture — Minnesota Co-Packer Directory (reviewed 2018; updated 2022; detailed listings live as of fetch),Roasted whole bean and ground packaged coffee,beverage,,,
Bix Produce Company,Saint Paul,MN,,651-487-8000,spagel@bixproduce.com,https://www.mda.state.mn.us/minnesota-co-packer-directory,Minnesota Department of Agriculture — Minnesota Co-Packer Directory (reviewed 2018; updated 2022; detailed listings live as of fetch),Fresh boxed and fresh-cut fruits and vegetables,,contact to discuss,,
Captain Ken's Foods,Saint Paul,MN,,651-298-0071,jtraxler@captainkens.com,https://www.mda.state.mn.us/minnesota-co-packer-directory,Minnesota Department of Agriculture — Minnesota Co-Packer Directory (reviewed 2018; updated 2022; detailed listings live as of fetch),Frozen foods,frozen,"annual 100,000 pounds",USDA; FDA,
Chippewa Packaging Inc.,Saint Peter,MN,,507-931-5510,,https://www.mda.state.mn.us/minnesota-co-packer-directory,Minnesota Department of Agriculture — Minnesota Co-Packer Directory (reviewed 2018; updated 2022; detailed listings live as of fetch),"Dry food packaging: pre-made pouches, form fill and seal; blending",,to be determined,SQF level 3; organic; kosher,
Stone Gate Foods,Shakopee,MN,,952-215-0475,reversman@stonegate-foods.com,https://www.mda.state.mn.us/minnesota-co-packer-directory,Minnesota Department of Agriculture — Minnesota Co-Packer Directory (reviewed 2018; updated 2022; detailed listings live as of fetch),"Frozen appetizers, pizzas, side dishes, desserts, value-added meat, meal kits, pouch/cup filling",frozen; meat,1 full production day/night shift,,
French Lake Butcher Shop LLC,South Haven,MN,,320-286-5345,frenchlakebutchershop@live.com,https://www.mda.state.mn.us/minnesota-co-packer-directory,Minnesota Department of Agriculture — Minnesota Co-Packer Directory (reviewed 2018; updated 2022; detailed listings live as of fetch),"Raw meat, cooked products, slaughter; sausages",meat,for sausages is 20 pounds,,
Stittsworth Smokehouse Company,Turtle River,MN,,218-586-4201,mychals@stittsworthmeats.com,https://www.mda.state.mn.us/minnesota-co-packer-directory,Minnesota Department of Agriculture — Minnesota Co-Packer Directory (reviewed 2018; updated 2022; detailed listings live as of fetch),"Raw or cooked sausages, smoked jerky, raw ground meat; beef, pork, bison, wild game",meat,trial runs to help with new product recipes,,
Hemp Acres,Waconia,MN,,612-230-9150,vikki@hempacresusa.com,https://www.mda.state.mn.us/minnesota-co-packer-directory,Minnesota Department of Agriculture — Minnesota Co-Packer Directory (reviewed 2018; updated 2022; detailed listings live as of fetch),"Grain cleaning, expeller press, milling, custom blending, filling dry powders, oils, liquids",,varies by process,,
Greater American Ribs Inc.,Woodbury,MN,,651-329-8133,pete@garibs.com,https://www.mda.state.mn.us/minnesota-co-packer-directory,Minnesota Department of Agriculture — Minnesota Co-Packer Directory (reviewed 2018; updated 2022; detailed listings live as of fetch),Fully cooked pork loin back ribs; fully cooked meats,,to be mutually agreed upon,,
Blue Ridge Food Ventures,Candler,NC,,828-348-0130,,https://foodbusiness.ces.ncsu.edu/tools-for-success/other-services-supplies/,NC State Extension Food Business — Other Services & Supplies (Copackers section; page updated Aug 17 2026),,,,,1461 Sand Hill Road; also listed under commercial kitchens
Firehouse Bottling Company,Candler,NC,,828-633-7110,info@firehousebottling.com,https://foodbusiness.ces.ncsu.edu/tools-for-success/other-services-supplies/,NC State Extension Food Business — Other Services & Supplies (Copackers section; page updated Aug 17 2026),,,,,1750 Pisgah Hwy
C2 Bottling,Charlotte,NC,,704-728-1888,c2bottling@gmail.com,https://foodbusiness.ces.ncsu.edu/tools-for-success/other-services-supplies/,NC State Extension Food Business — Other Services & Supplies (Copackers section; page updated Aug 17 2026),,,,,
D'Vine Foods,Elizabethtown,NC,,910-862-2576,,https://foodbusiness.ces.ncsu.edu/tools-for-success/other-services-supplies/,NC State Extension Food Business — Other Services & Supplies (Copackers section; page updated Aug 17 2026),,,,,1585 Hwy 701 South
Carolina CoPacking LLC,Henderson,NC,,252-433-0130,,https://foodbusiness.ces.ncsu.edu/tools-for-success/other-services-supplies/,NC State Extension Food Business — Other Services & Supplies (Copackers section; page updated Aug 17 2026),,,,,860 Commerce Drive
Blue Ridge Jams,Hendersonville,NC,,828-685-1783,,https://foodbusiness.ces.ncsu.edu/tools-for-success/other-services-supplies/,NC State Extension Food Business — Other Services & Supplies (Copackers section; page updated Aug 17 2026),,,,,
Big Boss Baking Company,High Point,NC,,336-861-1212,,https://foodbusiness.ces.ncsu.edu/tools-for-success/other-services-supplies/,NC State Extension Food Business — Other Services & Supplies (Copackers section; page updated Aug 17 2026),,,,,629 McWay Drive
FirstWave Contract Manufacturing,Middlesex,NC,,919-694-0974,info@sinnovatek.com,https://foodbusiness.ces.ncsu.edu/tools-for-success/other-services-supplies/,NC State Extension Food Business — Other Services & Supplies (Copackers section; page updated Aug 17 2026),,,,,
Suite O,Suite O Charlotte,NC,,,,https://cals.cornell.edu/cornell-agritech/partners-institutes/cornell-food-venture-center/kitchensco-packers,Cornell Food Venture Center — Kitchens/Co-Packers,,,,,
Golding Farms,Winston-Salem,NC,,336-766-6161,,https://foodbusiness.ces.ncsu.edu/tools-for-success/other-services-supplies/,NC State Extension Food Business — Other Services & Supplies (Copackers section; page updated Aug 17 2026),,,,,6061 Gun Club Road
"Ajinomoto, North America, Inc.",,NC,http://www.ajinomoto-usa.com/,,,https://ucfoodquality.ucdavis.edu/food-industry-contacts/co-packers,"UC Food Quality — Co-Packers (Mostly California) page, last update March 16 2026",,,,,Also Illinois
Genuine Local,Laconia,NH,http://www.genuinelocal.org,603-279-8600,,https://cals.cornell.edu/cornell-agritech/partners-institutes/cornell-food-venture-center/kitchensco-packers,Cornell Food Venture Center — Kitchens/Co-Packers,Offer a shared use production facility for food producers as well as business incubator services for startup food businesses. Also offer co-packing to customers who want that service. Work with local farms to produce value added products from crop surpluses.,,,,
Neighbor Made,Suite D Keene,NH,,603-338-9121,,https://cals.cornell.edu/cornell-agritech/partners-institutes/cornell-food-venture-center/kitchensco-packers,Cornell Food Venture Center — Kitchens/Co-Packers,,,,,
"BAO Food and Drink Organic Food Incubator, New Jersey",BAO Food and Drink Organic Food Incubator,NJ,http://organicfoodincubator.com/,973-748-0111,,https://cals.cornell.edu/cornell-agritech/partners-institutes/cornell-food-venture-center/kitchensco-packers,Cornell Food Venture Center — Kitchens/Co-Packers,"USDA certified organic, vegan, kosher, gluten-free commercial kitchen rental space available. Further services can provide: small batch co-packing; creation of General Manufacturing Procedures; Food Safety Counseling; USDA Organic Compliance Counseling; Distributor Support; Packing Design (Organic and Non-organic); Recipe Development and Cost Consulting; Kosher Compliance Counseling; Co-op ingredient and packaged goods purchasing opportunities",,,organic; gluten-free; kosher; USDA,
The Organic Food Incubator,Bloomfield,NJ,https://organicfoodincubator.com,,mikes@organicfoodincubator.com,https://extension.psu.edu/list-of-co-packers-in-pennsylvania-and-beyond/,Penn State Extension — List of Co-packers in Pennsylvania and Beyond (updated Dec 16 2025),"Primarily beverages, sauces, and powders. Focus is on start-ups and small brands, offering production as small as 25 gallons to full scale. The facility is nut-free and gluten-free.",beverage; sauces,,gluten-free; nut-free,Contact: Michael Schwartz
International Spice,Bordentown,NJ,http://www.intspice.com,609-298-1199,,https://cals.cornell.edu/cornell-agritech/partners-institutes/cornell-food-venture-center/kitchensco-packers,Cornell Food Venture Center — Kitchens/Co-Packers,,,,,
Rutgers Food Innovation Center,Bridgeton,NJ,http://foodinnovation.rutgers.edu/,(856) 459-1900,,https://cals.cornell.edu/cornell-agritech/partners-institutes/cornell-food-venture-center/kitchensco-packers,Cornell Food Venture Center — Kitchens/Co-Packers,,,,,
Farmer's Choice Food Brands,Closter,NJ,https://www.farmerschoicefoods.com,610-499-9477,,https://extension.psu.edu/list-of-co-packers-in-pennsylvania-and-beyond/,Penn State Extension — List of Co-packers in Pennsylvania and Beyond (updated Dec 16 2025),"Sauces, dressing, jellies, and jams specializing in small batches.",sauces,,,
MetaBrand LLC,Edison,NJ,http://www.metabrandcorp.com,(732) 986-9142,,https://cals.cornell.edu/cornell-agritech/partners-institutes/cornell-food-venture-center/kitchensco-packers,Cornell Food Venture Center — Kitchens/Co-Packers,Hot Fill (batch pasteurization) & Cold fill PET & Glass (CT caps) capabilities. Shrink & Pressure sensitive label application. 12-pack tray with shrink wrap / carton pack out.,hot-fill; cold-fill,,,
Le Gourmet Factory,Englewood,NJ,,,,https://cals.cornell.edu/cornell-agritech/partners-institutes/cornell-food-venture-center/kitchensco-packers,Cornell Food Venture Center — Kitchens/Co-Packers,,,,,
South Amboy Kitchen LLC,South Amboy,NJ,https://southamboykitchen.com,732-377-2271,southamboykitchen@gmail.com,https://cals.cornell.edu/cornell-agritech/partners-institutes/cornell-food-venture-center/kitchensco-packers,Cornell Food Venture Center — Kitchens/Co-Packers,"South Amboy Kitchen with a mission: For universal Sewa (Service to humanity) without considering cast, creed, color, nationality or religion, is a Rental kitchen and a co-Packing facility, that is there to provide an ecosystem of support services and infrastructure for culinary entrepreneurs with a dream to make it a reality. Starting any business has its challenges, but food-based businesses have a very unique set of obstacles to overcome. One of the first and most common problems food-based bu",,,,
"JGS Beverage Group, Inc. & Tarantino Food Group",Trenton,NJ,,347-408-4446,grace@jgsbeveragegroup.com,https://cals.cornell.edu/cornell-agritech/partners-institutes/cornell-food-venture-center/kitchensco-packers,Cornell Food Venture Center — Kitchens/Co-Packers,,,,,
Salt Road Food Hub,W Broadway Paterson,NJ,http://www.saltroadfoodhub.com,347-469-0897,store@nynaturals.com,https://cals.cornell.edu/cornell-agritech/partners-institutes/cornell-food-venture-center/kitchensco-packers,Cornell Food Venture Center — Kitchens/Co-Packers,"Salt Road Food Hub is a 10,000 square foot shared food manufacturing facility specializing in gluten-free and vegetarian products. and a climate-controlled warehouse. The facility is equipped with a double rack oven, 60-quart Hobart mixers, tilt skillets, steam kettles, Robot Coupes, flow wrapper, piston and bottle fillers, vibratory filler, and more. - Dedicated Gluten-Free only facility.",,,gluten-free,
Ark Foods,square foot food processing facility in,NJ,https://www.arkfoods.com,917-231-9929,,https://cals.cornell.edu/cornell-agritech/partners-institutes/cornell-food-venture-center/kitchensco-packers,Cornell Food Venture Center — Kitchens/Co-Packers,"We operate a nimble and highly automated 20,000 square foot food processing facility in New Jersey to meet all of your fresh cut vegetable needs, specializing in small-format packaging sizes. We are SQF-certified and can offer Non-GMO products on a case-by-case basis. Our product catalog spans cauliflower, broccoli, sweet potatoes, spiralized noodles, kale and more. Whether they are for retail, food service, e-commerce, meal kit, schools, or other uses, we have your fresh cut needs covered.",,,SQF; Non-GMO,
"Mitsubishi International Food Ingredients, Inc.",,NJ,https://mifiusa.com/,,,https://ucfoodquality.ucdavis.edu/food-industry-contacts/co-packers,"UC Food Quality — Co-Packers (Mostly California) page, last update March 16 2026",,,,,Also Ohio
"Prep SpaceIncludes: Prep table, sink, microwave, refrigeration",,NJ,,,,https://cals.cornell.edu/cornell-agritech/partners-institutes/cornell-food-venture-center/kitchensco-packers,Cornell Food Venture Center — Kitchens/Co-Packers,$15/hour (membership packages with lower hourly rates available Walk-In Refrigerator/Freezer for cold and frozen storage.,frozen,,,
Telmark Packaging,,NJ,https://www.telmarkpkg.com/,732-847-2084,aolsen@telmarkpkg.com,https://extension.psu.edu/list-of-co-packers-in-pennsylvania-and-beyond/,Penn State Extension — List of Co-packers in Pennsylvania and Beyond (updated Dec 16 2025),"Tomato paste, Beverages, Energy drinks, Supplements, Spices, Seasoning Mixes, Instant Noodles, Sauces, Olive Oil, Dog Biscuits, Tea, Powdered drink mixes, Salad dressings, Salmon Sleeves (Co-Manufacturing & Co-packaging)",beverage; sauces; dry-blend,,,Contact: Andy Olsen
Craft Cannery,Bergen,NY,https://www.craftcannery.com/,585-350-5788,paul@craftcannery.com,https://cals.cornell.edu/cornell-agritech/partners-institutes/cornell-food-venture-center/kitchensco-packers,Cornell Food Venture Center — Kitchens/Co-Packers,"Glass, Meat products, Research and Development, pH testing, Thermal Processing, Formulated Acid and Acidified Sauces. USDA inspected, Licensed to process by NY State Dept. of Agriculture and Markets.",acidified; sauces; meat,,USDA,
Cheeky Cocktails,Brooklyn,NY,http://www.cheekycocktails.co,917-524-9034,,https://cals.cornell.edu/cornell-agritech/partners-institutes/cornell-food-venture-center/kitchensco-packers,Cornell Food Venture Center — Kitchens/Co-Packers,"Cheeky Cocktails offers small-batch food manufacturing solutions for entrepreneurs and startups in addition to our core business. We specialize in consulting for new product launches, small-batch co-packing (hot fill), and private label. Our kitchen and production are FDA-registered and licensed by the NYS Department of Agriculture & Markets. Consulting: We offer à la carte and project-based consulting services to help launch your product, from R&D to vendor selection and ingredient sourcing to",hot-fill; beverage,,FDA,
East Coast CoPacking,Brooklyn,NY,http://www.eastcoastcopacking.com,347-662-2900,info@eastcoastcopacking.com,https://cals.cornell.edu/cornell-agritech/partners-institutes/cornell-food-venture-center/kitchensco-packers,Cornell Food Venture Center — Kitchens/Co-Packers,"Certifications and Qualifications: Gluten Free (GF), Kosher Parve (OK Kosher), Organic Certification (NOFA NY), Non-GMO Project Verified, and SQF level 2.",,,SQF; organic; gluten-free; kosher; Non-GMO,
Victoria Fine Foods (formerly Victoria Packing),Brooklyn,NY,http://www.victoriafinefoods.com,718-927-3000,jaquilina@victoriafinefoods.com,https://cals.cornell.edu/cornell-agritech/partners-institutes/cornell-food-venture-center/kitchensco-packers,Cornell Food Venture Center — Kitchens/Co-Packers,,,,,
Victoria Packing,Brooklyn,NY,https://victoriapastasauces.com/,719-927-3000,,https://extension.psu.edu/list-of-co-packers-in-pennsylvania-and-beyond/,Penn State Extension — List of Co-packers in Pennsylvania and Beyond (updated Dec 16 2025),"Alfredo sauces, white and red clam sauces, salsas, condiments, dips, imported olive oils, vinegar, and fancy stuffed olives from around the world. Private label programs and co-packing are available. Food service sizes.",sauces,,,
North Fork Specialty Kitchen,Cutchogue,NY,,631-734-6100,,https://cals.cornell.edu/cornell-agritech/partners-institutes/cornell-food-venture-center/kitchensco-packers,Cornell Food Venture Center — Kitchens/Co-Packers,,,,,
Martin Bulk Foods & Homemade Products,Dundee,NY,http://www.newhopemills.com,607-243-8197,,https://cals.cornell.edu/cornell-agritech/partners-institutes/cornell-food-venture-center/kitchensco-packers,Cornell Food Venture Center — Kitchens/Co-Packers,"Glass: Acidified, fruits, vegetables, sauces Certifications and Qualifications: Kosher, Organic Certification, and SQF level 2 New Hope Mills is a 190 year old company that manufactures proprietary products, co-packs and manufactures private label products. All of our products are dry mixes in an assortment of sizes and container types. We have R&D capabilities and a food scientist on staff to assist in product formulation and or formula modifications. New Hope Mills has been making memories aro",acidified; sauces; dry-blend,,SQF; organic; kosher,
TCM Foods,Elmsford,NY,,914-372-7080,marc@topchefmeals.com,https://cals.cornell.edu/cornell-agritech/partners-institutes/cornell-food-venture-center/kitchensco-packers,Cornell Food Venture Center — Kitchens/Co-Packers,"Co-packing, private labeling, and general food manufacturing for fresh and frozen foods. We also are set up to make fresh and frozen pet food. Our team of chefs can also create and/or assist with menus, recipes, and product creation. The facility is able to store both frozen and refrigerated goods as well as shipping to the contiguous US.",frozen,,,
Lupo's Bottling LLC,Endicott,NY,https://www.spiedies.com/,607-765-7639,theresa.hinckley@macobag.com,https://cals.cornell.edu/cornell-agritech/partners-institutes/cornell-food-venture-center/kitchensco-packers,Cornell Food Venture Center — Kitchens/Co-Packers,"Lupo's can help develop or bottle your existing recipe. We are a private label co-packing operation that provides small batch to large batch runs for cold fill products such as marinades and sauces. We use plastic bottles, 16 oz to 128 oz. We do not cook or do hot fill processes.",hot-fill; cold-fill; sauces,,,
Hawthorne Valley Farm Creamery,Ghent,NY,,518-672-7500 ext. 243,dairy@hawthornevalley.org,https://cals.cornell.edu/cornell-agritech/partners-institutes/cornell-food-venture-center/kitchensco-packers,Cornell Food Venture Center — Kitchens/Co-Packers,,,,,
Imperial Co-Packing Espuna (Pata Legra LLC),Gloversville,NY,http://www.imperialcopacking.com,518-775-1742,info@imperialcopacking.com,https://cals.cornell.edu/cornell-agritech/partners-institutes/cornell-food-venture-center/kitchensco-packers,Cornell Food Venture Center — Kitchens/Co-Packers,"– Spanish, Italian and French dry cured salami manufacturer. Our minimum batch is 800 lb (fresh) and maximum is around 20.000 lb (fresh). This is for a single batch/product.",,minimum batch is 800 lb (fresh) and maximum is around 20,,
Pata Negra LLC,Gloversville,NY,,518-775-1742,info@patanegrausa.com,https://cals.cornell.edu/cornell-agritech/partners-institutes/cornell-food-venture-center/kitchensco-packers,Cornell Food Venture Center — Kitchens/Co-Packers,,,,,
Whitethorne LLC,Hudson,NY,http://www.hawthornefoods.com,(518) 636-4226,jared@farmferments.com,https://cals.cornell.edu/cornell-agritech/partners-institutes/cornell-food-venture-center/kitchensco-packers,Cornell Food Venture Center — Kitchens/Co-Packers,"As a Small co packer, Certified Organic vegetable processor & fermenter. Processing Sauerkraut, Kim Chi, Hot Sauce, and fermented juices.",sauces; fermentation,,organic,
Dolce Amore,Lindenhurst,NY,http://dolceamoreny.com,718-246-5414,marcello@dolceamoreny.com,https://cals.cornell.edu/cornell-agritech/partners-institutes/cornell-food-venture-center/kitchensco-packers,Cornell Food Venture Center — Kitchens/Co-Packers,"Dolce Amore is a manufacturer of filled pasta, flat pasta, gelato, sorbet, tartufo and prepared meal kits in New York. Dolce Amore uses an IQF freezing method for its filled pasta and prepared meal kits. We co-pack all kinds of ravioli, fillings and shapes, ice cream, gelato and tartufo with different flavors and packaging, prepared meals with pasta shapes and sauces of your choice. We are a HACCP approved facility with a 3rd party certification.",dairy; frozen; sauces,,HACCP,Listed in Cornell kitchens/co-packers directory; may include shared-use services.
Vital Eats,Malta,NY,https://vitaleats.com/,518-899-0150,reuben@vitaleats.com,https://cals.cornell.edu/cornell-agritech/partners-institutes/cornell-food-venture-center/kitchensco-packers,Cornell Food Venture Center — Kitchens/Co-Packers,"Vital Eats is a partner and co-packer to new or existing brands looking to produce, package, and label, liquid or dry food products. Flexible packaging options are available for liquids in 5 oz bottles to jugs, or dry spices and snacks in bags or containers. Our small family operation in Albany NY produces big flavors and bold packaging from a test run of a few cases to 1000's helping you grow your business.",snacks,,,
Red Velvet NYC,Mount Kisco,NY,https://www.redvelvetnyc.com,617-970-7410,luccroels@gmail.com,https://cals.cornell.edu/cornell-agritech/partners-institutes/cornell-food-venture-center/kitchensco-packers,Cornell Food Venture Center — Kitchens/Co-Packers,"Red Velvet NYC was founded in 2015 in NYC, and recently moved into a large facility in Westchester NY. We specialize in the manufacturing of cookie dough (frozen ready-to-eat or ready-to-bake), as well as small pouches of dry ingredients for baking kits or other applications. We can assist in R&D, marketing, private label, and co-packing. Certifications: SQF, Woman-owned, and Kosher certified.",frozen,,SQF; kosher,
Schoolhouse Preserves,Mt. Upton,NY,http://sienadev.com,607-563-9168,,https://cals.cornell.edu/cornell-agritech/partners-institutes/cornell-food-venture-center/kitchensco-packers,Cornell Food Venture Center — Kitchens/Co-Packers,"Acid and acidified sauces and preserves Siena Development Group, Inc. Siena Development Group Inc. Licensed by Agriculture and Marketing (20-C Licensed) Food and beverage developer. We specialize in R&D for small start ups- getting the product from your kitchen to Shelf Stable, as well as tailoring it for mass production. We focus on all-natural products, preservatives and increasing the shelf-life of natural products. In addition to streamlining production and recipes, we are able to help with",acidified; beverage; sauces,,,
Maco Packaging,Newark,NY,http://www.macopkg.com/request-a-quote/,315-226-1028,theresa.hinckley@macobag.com,https://cals.cornell.edu/cornell-agritech/partners-institutes/cornell-food-venture-center/kitchensco-packers,Cornell Food Venture Center — Kitchens/Co-Packers,"We are a custom manufacturer of packaging and provider of packaging solutions. We are a multi-faceted operation focused on flexible pouch converting, co-packing, co-manufacturing and food processing",,,,
Once Again Nut Butter,Nunda,NY,,585-468-2535,,https://cals.cornell.edu/cornell-agritech/partners-institutes/cornell-food-venture-center/kitchensco-packers,Cornell Food Venture Center — Kitchens/Co-Packers,,,,,
Private Label Foods,Rochester,NY,,585-254-9205,,https://cals.cornell.edu/cornell-agritech/partners-institutes/cornell-food-venture-center/kitchensco-packers,Cornell Food Venture Center — Kitchens/Co-Packers,Formulated acid sauces and dressings,acidified; sauces,,,
Special Touch Bakery/Partners With Industry,Rochester,NY,http://www.specialtouchbakery.org,585-435-7572,,https://cals.cornell.edu/cornell-agritech/partners-institutes/cornell-food-venture-center/kitchensco-packers,Cornell Food Venture Center — Kitchens/Co-Packers,"We provide high-quality, competitively priced contract manufacturing, co-packing, Private Label and logistics solutions to a broad range of growing companies. Items: Pie, Cookies, Granola, Dry Blending, Trail Mix, Secondary Packaging, Muesli, Baked Goods, Spice blends.",bakery; dry-blend,,,
Casa Visco Finer Foods,Schenectady,NY,,518-377-8814,,https://cals.cornell.edu/cornell-agritech/partners-institutes/cornell-food-venture-center/kitchensco-packers,Cornell Food Venture Center — Kitchens/Co-Packers,"Glass: orange sections, tomato products, mushrooms, onions",,,,
Beth's Farm Kitchen,Stuyvesant Falls,NY,http://www.bethsfarmkitchen.com,518-799-3414,bfk@bethsfarmkitchen.com,https://cals.cornell.edu/cornell-agritech/partners-institutes/cornell-food-venture-center/kitchensco-packers,Cornell Food Venture Center — Kitchens/Co-Packers,,,,,
Bronx River Bottling LLC,Valley Cottage,NY,http://www.bronxriverbottling.com,845-875-4300,eric@bronxriverbottling.com,https://cals.cornell.edu/cornell-agritech/partners-institutes/cornell-food-venture-center/kitchensco-packers,Cornell Food Venture Center — Kitchens/Co-Packers,"Co-Packing and Private Label. Retail sizes and food service. R & D and marketing assistance provided for our customers. Products: Bar-BQ Sauces, Marinades, Hot Sauces, Frostings, Relishes, Salad Dressings",sauces,,,
Direct Refreshments LLC,,NY,,,,https://cals.cornell.edu/cornell-agritech/partners-institutes/cornell-food-venture-center/kitchensco-packers,Cornell Food Venture Center — Kitchens/Co-Packers,,,,,
JDM Specialty Foods,,NY,,607-732-1425,joe@jdmspecialityfoods.comjdmspecialityfoods,https://cals.cornell.edu/cornell-agritech/partners-institutes/cornell-food-venture-center/kitchensco-packers,Cornell Food Venture Center — Kitchens/Co-Packers,"Co-Packer of low acid and acidified foods including pasta sauce, bbq sauce, wing sauce, condiments, salsa, salad dressing",acidified; sauces,,,
ACE Net,Athens,OH,http://www.acenetworks.org,740-592-3854,,https://cals.cornell.edu/cornell-agritech/partners-institutes/cornell-food-venture-center/kitchensco-packers,Cornell Food Venture Center — Kitchens/Co-Packers,,,,,
Agricultural Incubator Foundation,Bowling Green,OH,http://agincubator.org/,(419) 823-3099,aif@agincubator.org,https://cals.cornell.edu/cornell-agritech/partners-institutes/cornell-food-venture-center/kitchensco-packers,Cornell Food Venture Center — Kitchens/Co-Packers,E-mail: aif [at] agincubator.org (aif[at]agincubator[dot]org),,,,
JES Foods,Celina,OH,,419-586-7446,,https://cals.cornell.edu/cornell-agritech/partners-institutes/cornell-food-venture-center/kitchensco-packers,Cornell Food Venture Center — Kitchens/Co-Packers,,,,,
"Hinkle Fine Foods, Inc.",Dayton,OH,https://hinklefinefoods.com/,614-327-8697,mike@hinklefinefoods.com,https://extension.psu.edu/list-of-co-packers-in-pennsylvania-and-beyond/,Penn State Extension — List of Co-packers in Pennsylvania and Beyond (updated Dec 16 2025),"Hot and cold sauces, salad dressings, mustards, mayo-based dips and spreads, salsas, jams, jellies. SQF certified facility with retail and food service packaging capabilities.",sauces,,SQF,Contact: Mike Beller
Mikesell's Snack Food Company,Dayton,OH,http://www.tulkoff.com/,937-228-9400 ext 210,jstevenson@mike-sells.commikesell,https://cals.cornell.edu/cornell-agritech/partners-institutes/cornell-food-venture-center/kitchensco-packers,Cornell Food Venture Center — Kitchens/Co-Packers,"Tulkoff Food Products, Inc. Product Minimum: 40,000 cases of product annually produced per SKU and the firm is existing no less than 3 years at such levels.",,"Minimum: 40,000 cases of product annually produced per SKU and the firm is existing no le",,
Middle Eastern Delites Copackers,Toledo,OH,,419-215-8163,,https://cals.cornell.edu/cornell-agritech/partners-institutes/cornell-food-venture-center/kitchensco-packers,Cornell Food Venture Center — Kitchens/Co-Packers,"All drink mixes, salsa, ketchup, mustards, salad dressing, consulting, product placement, marketing support, financing",sauces,,,
Patter Fam Sauces,Wheelersburg,OH,,740-352-2008,,https://foodbusiness.ces.ncsu.edu/tools-for-success/other-services-supplies/,NC State Extension Food Business — Other Services & Supplies (Copackers section; page updated Aug 17 2026),,,,,8019 Hayport Road
West Coast Co-Packer,,OR,http://westcoastcopacker.com/,,,https://ucfoodquality.ucdavis.edu/food-industry-contacts/co-packers,"UC Food Quality — Co-Packers (Mostly California) page, last update March 16 2026",,,,,
Carbondale Technology Transfer Center (CTTC),Carbondale,PA,http://www.4cttc.org,(570) 282-1255,paul@cttc.org,https://cals.cornell.edu/cornell-agritech/partners-institutes/cornell-food-venture-center/kitchensco-packers,Cornell Food Venture Center — Kitchens/Co-Packers,,,,,
"Millennium Packaging Service, Inc.",Carbondale,PA,http://www.mil-pkg.com,570-282-2024,debra.lubitz@mil-pkg.com,https://extension.psu.edu/list-of-co-packers-in-pennsylvania-and-beyond/,Penn State Extension — List of Co-packers in Pennsylvania and Beyond (updated Dec 16 2025),"Fulfillment of dry food, confectionary, and snacks into flexible and rigid packaging; Stand-up resealable pouches, Vertical Form Fill & Seal, Horizontal Flow-wrap. Tubs and containers with click on or screw lid and large pails. Microwaveable cups with security seal and click on lid. Unconventional shape products and containers. Shrink wrap and bundling for multipack. Display cases and Club pallets.; SQF, FDA, Organic & Kosher certified Primary & Secondary Co-Packing.",snacks; chocolate,,SQF; organic; kosher; FDA,"Contact: Debra Lubitz Services: SQF, FDA, Organic & Kosher certified Primary & Secondary Co-Packing. PSU listed Carbondale, 18407 (PA ZIP)."
"Sugartown Smoked Specialties, Inc",Chester,PA,https://www.smokedfoods.com/,610-429-4080,,https://extension.psu.edu/list-of-co-packers-in-pennsylvania-and-beyond/,Penn State Extension — List of Co-packers in Pennsylvania and Beyond (updated Dec 16 2025),"Smoked seafood, fowl, meat and poultry",meat,,,
Gertrude Hawk Chocolates,Dunmore,PA,https://gertrudehawkchocolates.com/,800-706-6275,jkenny@markave.com,https://extension.psu.edu/list-of-co-packers-in-pennsylvania-and-beyond/,Penn State Extension — List of Co-packers in Pennsylvania and Beyond (updated Dec 16 2025),"Sugar-Free Cocoa/Baking Chocolate, Chocolate Bars, Chocolate Truffles and Other Candy",chocolate,,,
McClure's Bakery,Gap,PA,https://mccluresbakery.com/,717-442-4461,tkeenan@mccluresbakery.com,https://extension.psu.edu/list-of-co-packers-in-pennsylvania-and-beyond/,Penn State Extension — List of Co-packers in Pennsylvania and Beyond (updated Dec 16 2025),Co-Packing and Private Label,,,,Services: Co-Packing and Private Label
Longo's Bakery Inc.,Hazleton,PA,,570-454-5887,chris@longosbakery.com,https://extension.psu.edu/list-of-co-packers-in-pennsylvania-and-beyond/,Penn State Extension — List of Co-packers in Pennsylvania and Beyond (updated Dec 16 2025),"Par-Baked Pizza Shells, Par Baked Pizza Crust, Fully Baked Pizzas, Pizza Sauce, Pizza Kits; Co-Packing and Private Label",bakery; sauces,,,Contact: Christopher Thompson Services: Co-Packing and Private Label
Vor Foods,Ivyland,PA,https://www.vorfoods.com,310-331-4369,luis@vorfoods.com,https://cals.cornell.edu/cornell-agritech/partners-institutes/cornell-food-venture-center/kitchensco-packers,Cornell Food Venture Center — Kitchens/Co-Packers,,,,,
Lancaster Fine Foods,Lancaster,PA,http://www.lancasterfinefoods.com,(717) 397-9578,info@lancasterfinefoods.com,https://cals.cornell.edu/cornell-agritech/partners-institutes/cornell-food-venture-center/kitchensco-packers,Cornell Food Venture Center — Kitchens/Co-Packers,,,,,
Lancaster Fine Foods (Stir Foods),Lancaster,PA,https://stirfoods.com/,717-397-9578,info@lancasterfinefoods.com,https://extension.psu.edu/list-of-co-packers-in-pennsylvania-and-beyond/,Penn State Extension — List of Co-packers in Pennsylvania and Beyond (updated Dec 16 2025),"Fruit Spreads/Jams, Fresh chunky salsas, Mustards, Bar-BQ Sauces, Marinades, Hot Sauces, Frostings, Relishes, Preserves, Salad Dressings, Cooking sauces",sauces,,,
Select Juice LLC.,Lancaster,PA,https://www.selectjuice.llc,,info@selectjuice.llc,https://extension.psu.edu/list-of-co-packers-in-pennsylvania-and-beyond/,Penn State Extension — List of Co-packers in Pennsylvania and Beyond (updated Dec 16 2025),"100% Fruits, Vegetables, and Blends, Functional Beverages, Co-Pack and Private Label, Custom Formulations, Bottles and Pouches, Full Shrink and Pressure Sensitive Labeling, Perishable and Frozen, HPP, Cold Fill, Hot Fill, HTST, SQF Certified, FDA Registered, GMP, USDA Organic, Non-GMO Verified, Kosher.",HPP; hot-fill; cold-fill; HTST; beverage; frozen,,SQF; organic; kosher; FDA; USDA; Non-GMO; GMP,Contact: Sean Wainwright
"Manna Foods, LLC",Lebanon,PA,http://www.mannafoods.us/,717-675-2262,info@mannafoods.us,https://extension.psu.edu/list-of-co-packers-in-pennsylvania-and-beyond/,Penn State Extension — List of Co-packers in Pennsylvania and Beyond (updated Dec 16 2025),"Ready-to-eat and ready-to-cook foods, snack foods, and candy",snacks; chocolate,,,Contact: Ted Baxter
All Seasons Kitchen,Mohnton,PA,https://www.allseasonskitchen.com/,717-445-4521,dcanarelli@allseasonskitchen.com,https://extension.psu.edu/list-of-co-packers-in-pennsylvania-and-beyond/,Penn State Extension — List of Co-packers in Pennsylvania and Beyond (updated Dec 16 2025),"BBQ sauce, hot sauce, dressings, marinades, cooking sauces",sauces,,,Contact: Dave Canarelli
Con Yeager Spice Company,New Castle,PA,https://www.conyeagerspice.com,724-202-6513 ext. 297,sales@conyeagerspice.com,https://extension.psu.edu/list-of-co-packers-in-pennsylvania-and-beyond/,Penn State Extension — List of Co-packers in Pennsylvania and Beyond (updated Dec 16 2025),"spices, seasonings, cures, blended binders, custom blends, private label, cheese, and casings",dairy; dry-blend,,,
Castle Co-Packers LLC,New Kensington,PA,http://castlecopackers.com/,724-339-4040,bdworkin@castlecopackers.com,https://extension.psu.edu/list-of-co-packers-in-pennsylvania-and-beyond/,Penn State Extension — List of Co-packers in Pennsylvania and Beyond (updated Dec 16 2025),"Bottled and canned soft drinks, water, Shelf-stable juice, fresh juice, soft drinks, chocolate or malt or other hot beverages, alcohol-free cocktails or drink mixes, sport or energy drinks, spring or mineral water, powdered drink mix, ice, frozen juices, fresh drupe or stone fruit juice or concentrates",beverage; canning; frozen; dry-blend; chocolate,,,Contact: Brian Dworkin
"Winter Gardens Quality Foods, Inc.",New Oxford,PA,,717-624-4911,info@wintergardens.com,https://extension.psu.edu/list-of-co-packers-in-pennsylvania-and-beyond/,Penn State Extension — List of Co-packers in Pennsylvania and Beyond (updated Dec 16 2025),"Salads, soups, entrees, sauces, and side dishes",sauces,,SQF; FDA; USDA,"Capabilities: USDA, FDA, and SQF Level 2 inspected facility"
Janus Food Group Inc.,Northumberland,PA,http://www.janusfoodgroup.com,570-701-7580,,https://extension.psu.edu/list-of-co-packers-in-pennsylvania-and-beyond/,Penn State Extension — List of Co-packers in Pennsylvania and Beyond (updated Dec 16 2025),"Co-manufacturer of shelf-stable foods, specializing in the Tetra Recart packaging format. We offer services from R&D to full-scale production for both human and pet food brands. Popular product categories include broths, sauces, and soups. Our facility is Organic, Kosher, and Gluten-Free certified, as well as USDA FSIS-inspected.",canning; sauces,,organic; gluten-free; kosher; USDA,
Sunny Dell Foods,Oxford,PA,http://www.sunnydell.com/,610-932-5164,csr@tomsturgispretzels.com,https://extension.psu.edu/list-of-co-packers-in-pennsylvania-and-beyond/ | https://cals.cornell.edu/cornell-agritech/partners-institutes/cornell-food-venture-center/kitchensco-packers,Penn State Extension — List of Co-packers in Pennsylvania and Beyond (updated Dec 16 2025) | Cornell Food Venture Center — Kitchens/Co-Packers,"Tom Sturgis Pretzels, Inc.",snacks,,,
Case by Case,Philadelphia,PA,https://casepaper.com/,215-316-0339,jbell@casepaper.com,https://extension.psu.edu/list-of-co-packers-in-pennsylvania-and-beyond/,Penn State Extension — List of Co-packers in Pennsylvania and Beyond (updated Dec 16 2025),"Small batch bottling/pouching/blister packaging, for start ups trying to get their product to market or small businesses doing test runs. Specializing in turnkey solutions.",,,,Contact: Justin Bell - Business Operations Manager
Drayhorse Canning and Bottling,Philadelphia,PA,http://www.drayhorse.co,1-215-346-6437,sales@drayhorse.co,https://extension.psu.edu/list-of-co-packers-in-pennsylvania-and-beyond/,Penn State Extension — List of Co-packers in Pennsylvania and Beyond (updated Dec 16 2025),"Ready to drink spirits and wine based canned cocktails using shelf stable juices, spirits and extracts. Nootropic and delta 8 drinks. Coffee and energy drinks.",beverage; canning,,,Contact: Tim Sieck
"Stello Foods, Inc.",Punxsutawney,PA,https://stellofoods.com/,800-849-4599,,https://extension.psu.edu/list-of-co-packers-in-pennsylvania-and-beyond/,Penn State Extension — List of Co-packers in Pennsylvania and Beyond (updated Dec 16 2025),"Sauces, salsas, peppers, mustards, relishes, vinaigrettes, ketchups, marinades",sauces,,,
"Palace Foods, Inc.",Reading,PA,https://palacefoodsinc.com,610-939-0631,info@palacefoodsinc.com,https://extension.psu.edu/list-of-co-packers-in-pennsylvania-and-beyond/,Penn State Extension — List of Co-packers in Pennsylvania and Beyond (updated Dec 16 2025),"Sauces, mixes, oils",sauces,,,
Tom Sturgis Pretzels,Reading,PA,https://www.tomsturgispretzels.com/,610-775-0335,beckys@tomsturgispretzels.com,https://extension.psu.edu/list-of-co-packers-in-pennsylvania-and-beyond/,Penn State Extension — List of Co-packers in Pennsylvania and Beyond (updated Dec 16 2025),"Extruded hard pretzels, soy pretzels, baked-in-flavor pretzels",snacks; extrusion,,,Contact: Becky Schmaldienst
Byler's Relish House,Saegertown,PA,http://www.bylersrelishhouse.com,814-763-6510,,https://cals.cornell.edu/cornell-agritech/partners-institutes/cornell-food-venture-center/kitchensco-packers,Cornell Food Venture Center — Kitchens/Co-Packers,,,,,
Bylers Relish House,Saegertown,PA,https://bylersrelishhouse.com/,814-763-6510 ext 103,copacking@bylersrelishhouse.com,https://extension.psu.edu/list-of-co-packers-in-pennsylvania-and-beyond/,Penn State Extension — List of Co-packers in Pennsylvania and Beyond (updated Dec 16 2025),"relish, salsa, bbq sauce, pickles, pickled products, acidified canned food",acidified; canning; sauces,,,Contact: Ephraim Byler
"Pasqualichio Brothers, Inc.",Scranton,PA,https://pasqualichiomeats.com/,800-232-6233,dom@butchervangourmet.com,https://extension.psu.edu/list-of-co-packers-in-pennsylvania-and-beyond/,Penn State Extension — List of Co-packers in Pennsylvania and Beyond (updated Dec 16 2025),"Value-added meat products, specializing in private-label service, as well as their own brand, Butcher Van Gourmet",meat,,,Contact: Dom Pasqualichio
Fresh Roasted Coffee,Sunbury,PA,https://www.freshroastedcoffee.com/,570-495-4300,copacking@freshroastedcoffee.com,https://extension.psu.edu/list-of-co-packers-in-pennsylvania-and-beyond/,Penn State Extension — List of Co-packers in Pennsylvania and Beyond (updated Dec 16 2025),"Bagged coffee, coffee pods, coffee sachets, and espresso capsules.",beverage; stick-pack,,,Contact: Ethan O.
Grouse Hunt Farms Inc.,Tamaqua,PA,https://www.wos-wit.com/,570-467-2850,info@wos-wit.com,https://extension.psu.edu/list-of-co-packers-in-pennsylvania-and-beyond/,Penn State Extension — List of Co-packers in Pennsylvania and Beyond (updated Dec 16 2025),"Salad Dressings, Relishes, Pickles, Peppers, Pickled Vegetables, Hand Packed Fruits, Jelly, Preserves, Salsas, Mustards, Bar-BQ Sauces, Marinades, Cooking sauces; Co-Packing and Private Label",sauces,,,Contact: Christopher Thompson Services: Co-Packing and Private Label
Nutty Novelties,Telford,PA,,267-614-3175,jesse@nuttynovelties.com,https://cals.cornell.edu/cornell-agritech/partners-institutes/cornell-food-venture-center/kitchensco-packers,Cornell Food Venture Center — Kitchens/Co-Packers,,,,,
Crave Co-Packing,Verona,PA,,925-808-1548,trever@cravecp.com,https://cals.cornell.edu/cornell-agritech/partners-institutes/cornell-food-venture-center/kitchensco-packers,Cornell Food Venture Center — Kitchens/Co-Packers,"Crave has low MOQ's and capabilities Include Pickles, Sauces, Dressings, Beverage Mixes, Salsas, Jams, Fillings, … Nearly Anything You Can Put In A Jar!",beverage; sauces,"MOQ's and capabilities Include Pickles, Sauces, Dressings, Beverage Mixes, Salsas, Jam",,
Crave Copacking,Verona,PA,https://cravecp.com/,925-808-1548,trever@cravecp.com,https://extension.psu.edu/list-of-co-packers-in-pennsylvania-and-beyond/,Penn State Extension — List of Co-packers in Pennsylvania and Beyond (updated Dec 16 2025),"Pickles, Sauces, Dressings, Beverage Mixes, Salsas, Jams, Fillings * Low MOQ's",beverage; sauces,MOQ's,,
Pellegrino Foods,Warren,PA,http://www.pellegrinofoods.com/,814-723-3402,,https://extension.psu.edu/list-of-co-packers-in-pennsylvania-and-beyond/,Penn State Extension — List of Co-packers in Pennsylvania and Beyond (updated Dec 16 2025),Frozen foods and specialty sauces,frozen; sauces,,,
Neilly's Food Development,York,PA,,,sales@neillys.com,https://extension.psu.edu/list-of-co-packers-in-pennsylvania-and-beyond/,Penn State Extension — List of Co-packers in Pennsylvania and Beyond (updated Dec 16 2025),"Custom Blends, Private Label, Dry Mixes (rice, pasta, grains, spices, baking mixes), Soups, Drink mixes, Baked goods, BBQ sauce, hot sauces, dressings, marinades, cooking sauces. Low MOQ's Custom Formulations, Foodservice menu development.",bakery; sauces; dry-blend,"MOQ's Custom Formulations, Foodservice menu development",,Contact: Albert Ndjee
Blount Seafood Corp,Warren,RI,,401-245-8800,,https://cals.cornell.edu/cornell-agritech/partners-institutes/cornell-food-venture-center/kitchensco-packers,Cornell Food Venture Center — Kitchens/Co-Packers,"Frozen: Gravy, seafood, soups, sauces",frozen; sauces,,,
Hope and Main,Warren,RI,,401-245-7400,,https://foodbusiness.ces.ncsu.edu/tools-for-success/other-services-supplies/,NC State Extension Food Business — Other Services & Supplies (Copackers section; page updated Aug 17 2026),,,,,
"Creative Foods, Inc.",Hanahan,SC,,843-747-5102,,https://foodbusiness.ces.ncsu.edu/tools-for-success/other-services-supplies/,NC State Extension Food Business — Other Services & Supplies (Copackers section; page updated Aug 17 2026),,,,,5912 Campbell Street
"Absolutely World Class, Inc.",Abilene,TX,http://absolutelyworldclass.com/,817-578-6772,mason@absolutelyworldclass.com,https://aggie-horticulture.tamu.edu/food-technology/food-processing-entrepreneurs/getting-started/co-packers-in-texas/,Texas A&M AgriLife — Food Product Co-Packers in Texas,acidified foods,cold-fill; acidified; bakery; beverage,,,"Most of the co-packers listed here pack acidified foods. Eilenberger's does baked goods only, and Son Beverage Company only does cold filled beverages."
"County Fair Foods, Inc",Arlington,TX,,817-265-0094,,https://aggie-horticulture.tamu.edu/food-technology/food-processing-entrepreneurs/getting-started/co-packers-in-texas/,Texas A&M AgriLife — Food Product Co-Packers in Texas,acidified foods,cold-fill; acidified; bakery; beverage,,,"Most of the co-packers listed here pack acidified foods. Eilenberger's does baked goods only, and Son Beverage Company only does cold filled beverages."
Afia Foods,Austin,TX,https://www.afiafoods.com/,512-963-8963,info@afiafoods.com,https://aggie-horticulture.tamu.edu/food-technology/food-processing-entrepreneurs/getting-started/co-packers-in-texas/,Texas A&M AgriLife — Food Product Co-Packers in Texas,acidified foods,cold-fill; acidified; bakery; beverage,,,"Most of the co-packers listed here pack acidified foods. Eilenberger's does baked goods only, and Son Beverage Company only does cold filled beverages."
ATX Specialty Foods,Austin,TX,,512-633-8904,info@atxspecialtyfoods.com,https://aggie-horticulture.tamu.edu/food-technology/food-processing-entrepreneurs/getting-started/co-packers-in-texas/,Texas A&M AgriLife — Food Product Co-Packers in Texas,acidified foods,cold-fill; acidified; bakery; beverage,,,"Most of the co-packers listed here pack acidified foods. Eilenberger's does baked goods only, and Son Beverage Company only does cold filled beverages."
The Incubaker,Austin,TX,http://www.theincubaker.com,512-240-6009,,https://aggie-horticulture.tamu.edu/food-technology/food-processing-entrepreneurs/getting-started/co-packers-in-texas/,Texas A&M AgriLife — Food Product Co-Packers in Texas,acidified foods,cold-fill; acidified; bakery; beverage,,,"Most of the co-packers listed here pack acidified foods. Eilenberger's does baked goods only, and Son Beverage Company only does cold filled beverages."
"Zilks Foods, LLC",Austin,TX,http://www.zilksfoods.com,512-633-8904,,https://aggie-horticulture.tamu.edu/food-technology/food-processing-entrepreneurs/getting-started/co-packers-in-texas/,Texas A&M AgriLife — Food Product Co-Packers in Texas,acidified foods,cold-fill; acidified; bakery; beverage,,,"Most of the co-packers listed here pack acidified foods. Eilenberger's does baked goods only, and Son Beverage Company only does cold filled beverages."
Jardine Foods,Buda,TX,http://www.jardinefoods.com,512-295-4600,,https://aggie-horticulture.tamu.edu/food-technology/food-processing-entrepreneurs/getting-started/co-packers-in-texas/,Texas A&M AgriLife — Food Product Co-Packers in Texas,acidified foods,cold-fill; acidified; bakery; beverage,,,"Most of the co-packers listed here pack acidified foods. Eilenberger's does baked goods only, and Son Beverage Company only does cold filled beverages."
National Food & Beverage,Dallas,TX,,214-905-9700,,https://aggie-horticulture.tamu.edu/food-technology/food-processing-entrepreneurs/getting-started/co-packers-in-texas/,Texas A&M AgriLife — Food Product Co-Packers in Texas,acidified foods,cold-fill; acidified; bakery; beverage,,,"Most of the co-packers listed here pack acidified foods. Eilenberger's does baked goods only, and Son Beverage Company only does cold filled beverages."
Claude's Sauces,El Paso,TX,http://www.claudessauces.com,915-858-4299,,https://aggie-horticulture.tamu.edu/food-technology/food-processing-entrepreneurs/getting-started/co-packers-in-texas/,Texas A&M AgriLife — Food Product Co-Packers in Texas,acidified foods,cold-fill; acidified; bakery; beverage,,,"Most of the co-packers listed here pack acidified foods. Eilenberger's does baked goods only, and Son Beverage Company only does cold filled beverages."
Fischer Wieser Specialty Foods,Fredericksburg,TX,http://www.jelly.com,830-997-7194,,https://aggie-horticulture.tamu.edu/food-technology/food-processing-entrepreneurs/getting-started/co-packers-in-texas/,Texas A&M AgriLife — Food Product Co-Packers in Texas,acidified foods,cold-fill; acidified; bakery; beverage,,,"Most of the co-packers listed here pack acidified foods. Eilenberger's does baked goods only, and Son Beverage Company only does cold filled beverages."
Renfro Foods,Ft. Worth,TX,http://www.renfrofoods.com,817-336-3849,,https://aggie-horticulture.tamu.edu/food-technology/food-processing-entrepreneurs/getting-started/co-packers-in-texas/,Texas A&M AgriLife — Food Product Co-Packers in Texas,acidified foods,cold-fill; acidified; bakery; beverage,,,"Most of the co-packers listed here pack acidified foods. Eilenberger's does baked goods only, and Son Beverage Company only does cold filled beverages."
Heritage Specialty Foods,Grand Prairie,TX,http://www.hfsfoods.com,972-660-6511,,https://aggie-horticulture.tamu.edu/food-technology/food-processing-entrepreneurs/getting-started/co-packers-in-texas/,Texas A&M AgriLife — Food Product Co-Packers in Texas,acidified foods,cold-fill; acidified; bakery; beverage,,,"Most of the co-packers listed here pack acidified foods. Eilenberger's does baked goods only, and Son Beverage Company only does cold filled beverages."
Pack N Fresh,Grand Prairie,TX,http://www.packnfresh.com,888-703-7374,,https://aggie-horticulture.tamu.edu/food-technology/food-processing-entrepreneurs/getting-started/co-packers-in-texas/,Texas A&M AgriLife — Food Product Co-Packers in Texas,acidified foods,cold-fill; acidified; bakery; beverage,,,"Most of the co-packers listed here pack acidified foods. Eilenberger's does baked goods only, and Son Beverage Company only does cold filled beverages."
Consolidated Mills Inc.,Houston,TX,,713-896-4196,,https://aggie-horticulture.tamu.edu/food-technology/food-processing-entrepreneurs/getting-started/co-packers-in-texas/,Texas A&M AgriLife — Food Product Co-Packers in Texas,acidified foods,cold-fill; acidified; bakery; beverage,,,"Most of the co-packers listed here pack acidified foods. Eilenberger's does baked goods only, and Son Beverage Company only does cold filled beverages."
Henrys Dream,Houston,TX,http://www.tejanosalsa.com,832-877-8227,,https://aggie-horticulture.tamu.edu/food-technology/food-processing-entrepreneurs/getting-started/co-packers-in-texas/,Texas A&M AgriLife — Food Product Co-Packers in Texas,acidified foods,cold-fill; acidified; bakery; beverage,,,"Most of the co-packers listed here pack acidified foods. Eilenberger's does baked goods only, and Son Beverage Company only does cold filled beverages."
Jelco Foods,Houston,TX,,281-794-4778,,https://aggie-horticulture.tamu.edu/food-technology/food-processing-entrepreneurs/getting-started/co-packers-in-texas/,Texas A&M AgriLife — Food Product Co-Packers in Texas,acidified foods,cold-fill; acidified; bakery; beverage,,,"Most of the co-packers listed here pack acidified foods. Eilenberger's does baked goods only, and Son Beverage Company only does cold filled beverages."
Riba Foods Inc.,Houston,TX,http://www.ribafoods.com,713-975-7001,,https://aggie-horticulture.tamu.edu/food-technology/food-processing-entrepreneurs/getting-started/co-packers-in-texas/,Texas A&M AgriLife — Food Product Co-Packers in Texas,acidified foods,cold-fill; acidified; bakery; beverage,,,"Most of the co-packers listed here pack acidified foods. Eilenberger's does baked goods only, and Son Beverage Company only does cold filled beverages."
"Ron's Home Style Foods, Inc.",Houston,TX,http://www.ronsfoods.com,713-640-2082,sales@ronsfoods.com,https://aggie-horticulture.tamu.edu/food-technology/food-processing-entrepreneurs/getting-started/co-packers-in-texas/,Texas A&M AgriLife — Food Product Co-Packers in Texas,acidified foods,cold-fill; acidified; bakery; beverage,,,"Most of the co-packers listed here pack acidified foods. Eilenberger's does baked goods only, and Son Beverage Company only does cold filled beverages."
Bartush-Schnitzius Foods Co.,Lewisville,TX,http://www.bartushfoods.com,972-219-1270,,https://aggie-horticulture.tamu.edu/food-technology/food-processing-entrepreneurs/getting-started/co-packers-in-texas/,Texas A&M AgriLife — Food Product Co-Packers in Texas,acidified foods,cold-fill; acidified; bakery; beverage,,,"Most of the co-packers listed here pack acidified foods. Eilenberger's does baked goods only, and Son Beverage Company only does cold filled beverages."
"Hill Country FoodWorks, LLC",Lockhart,TX,http://www.hillcountryfoodworks.com,512-668-4796,,https://aggie-horticulture.tamu.edu/food-technology/food-processing-entrepreneurs/getting-started/co-packers-in-texas/,Texas A&M AgriLife — Food Product Co-Packers in Texas,acidified foods,cold-fill; acidified; bakery; beverage,,,"Most of the co-packers listed here pack acidified foods. Eilenberger's does baked goods only, and Son Beverage Company only does cold filled beverages."
Gourmet Cuisine,Mesquite,TX,http://www.gourmet-cuisine.com,972-996-2152,,https://aggie-horticulture.tamu.edu/food-technology/food-processing-entrepreneurs/getting-started/co-packers-in-texas/,Texas A&M AgriLife — Food Product Co-Packers in Texas,acidified foods,cold-fill; acidified; bakery; beverage,,,"Most of the co-packers listed here pack acidified foods. Eilenberger's does baked goods only, and Son Beverage Company only does cold filled beverages."
"Texas Tito's, Inc.",New Braunfels,TX,http://www.texastitos.com,830-626-1123,,https://aggie-horticulture.tamu.edu/food-technology/food-processing-entrepreneurs/getting-started/co-packers-in-texas/,Texas A&M AgriLife — Food Product Co-Packers in Texas,acidified foods,cold-fill; acidified; bakery; beverage,,,"Most of the co-packers listed here pack acidified foods. Eilenberger's does baked goods only, and Son Beverage Company only does cold filled beverages."
Eilenberger's Inc.,Palestine,TX,http://www.eilenbergerbakery.com,903-729-2176,,https://aggie-horticulture.tamu.edu/food-technology/food-processing-entrepreneurs/getting-started/co-packers-in-texas/,Texas A&M AgriLife — Food Product Co-Packers in Texas,baked goods only,cold-fill; acidified; bakery; beverage,,,"Most of the co-packers listed here pack acidified foods. Eilenberger's does baked goods only, and Son Beverage Company only does cold filled beverages."
TexaFrance,Round Rock,TX,http://www.texafrance.com,512-246-2500,,https://aggie-horticulture.tamu.edu/food-technology/food-processing-entrepreneurs/getting-started/co-packers-in-texas/,Texas A&M AgriLife — Food Product Co-Packers in Texas,acidified foods,cold-fill; acidified; bakery; beverage,,,"Most of the co-packers listed here pack acidified foods. Eilenberger's does baked goods only, and Son Beverage Company only does cold filled beverages."
"Gourmet Recipe Experts, Inc.",Rusk,TX,http://www.uniquelygourmet.com,903-339-2068,,https://aggie-horticulture.tamu.edu/food-technology/food-processing-entrepreneurs/getting-started/co-packers-in-texas/,Texas A&M AgriLife — Food Product Co-Packers in Texas,acidified foods,cold-fill; acidified; bakery; beverage,,,"Most of the co-packers listed here pack acidified foods. Eilenberger's does baked goods only, and Son Beverage Company only does cold filled beverages."
Bay Valley Foods,San Antonio,TX,http://www.bayvalleyfoods.com,210-436-5551,,https://aggie-horticulture.tamu.edu/food-technology/food-processing-entrepreneurs/getting-started/co-packers-in-texas/,Texas A&M AgriLife — Food Product Co-Packers in Texas,acidified foods,cold-fill; acidified; bakery; beverage,,,"Most of the co-packers listed here pack acidified foods. Eilenberger's does baked goods only, and Son Beverage Company only does cold filled beverages."
Creative Food Works Inc.,San Antonio,TX,,210-212-4761,,https://aggie-horticulture.tamu.edu/food-technology/food-processing-entrepreneurs/getting-started/co-packers-in-texas/,Texas A&M AgriLife — Food Product Co-Packers in Texas,acidified foods,cold-fill; acidified; bakery; beverage,,,"Most of the co-packers listed here pack acidified foods. Eilenberger's does baked goods only, and Son Beverage Company only does cold filled beverages."
Son Beverage Company,San Antonio,TX,http://www.sonbeverage.com,210-733-7761,tim@sonbeverage.com,https://aggie-horticulture.tamu.edu/food-technology/food-processing-entrepreneurs/getting-started/co-packers-in-texas/,Texas A&M AgriLife — Food Product Co-Packers in Texas,cold filled beverages only,cold-fill; acidified; bakery; beverage,,,"Most of the co-packers listed here pack acidified foods. Eilenberger's does baked goods only, and Son Beverage Company only does cold filled beverages."
Picklesmith,Taft,TX,http://www.picklesmith.com,361-528-4953,,https://aggie-horticulture.tamu.edu/food-technology/food-processing-entrepreneurs/getting-started/co-packers-in-texas/,Texas A&M AgriLife — Food Product Co-Packers in Texas,acidified foods,cold-fill; acidified; bakery; beverage,,,"Most of the co-packers listed here pack acidified foods. Eilenberger's does baked goods only, and Son Beverage Company only does cold filled beverages."
New Canaan Farms,Utopia,TX,http://www.newcanaanfarms.com,800-727-5267,,https://aggie-horticulture.tamu.edu/food-technology/food-processing-entrepreneurs/getting-started/co-packers-in-texas/,Texas A&M AgriLife — Food Product Co-Packers in Texas,acidified foods,cold-fill; acidified; bakery; beverage,,,"Most of the co-packers listed here pack acidified foods. Eilenberger's does baked goods only, and Son Beverage Company only does cold filled beverages."
Snack Connector,We are a Co-Packer based in Salt Lake City,UT,http://www.snackconnector.com,801-259-3448,kyler@interstatebait.com,https://cals.cornell.edu/cornell-agritech/partners-institutes/cornell-food-venture-center/kitchensco-packers,Cornell Food Venture Center — Kitchens/Co-Packers,"We are a Co-Packer based in Salt Lake City, Utah. We have been in business for more than a decade and have the ability to keep up with a client's needs no matter the growth. We specialize in dried snacks (sunflower seeds, nuts, etc). We can source ingredients, packaging, offer consulting and fulfillment services. With our expertise we can be the solution for any idea or ongoing business.",snacks,,,
Virginia Food Works,Farmville,VA,,434-960-8958,,https://foodbusiness.ces.ncsu.edu/tools-for-success/other-services-supplies/,NC State Extension Food Business — Other Services & Supplies (Copackers section; page updated Aug 17 2026),,,,,Co-packing and commercial kitchen; 7916 Abilene Road
Tripaka,Morrisville,VT,,917-331-9476,tripaka.operations@gmail.comcontact,https://cals.cornell.edu/cornell-agritech/partners-institutes/cornell-food-venture-center/kitchensco-packers,Cornell Food Venture Center — Kitchens/Co-Packers,"cold pressed juice, orange and apple juice blends, protein smoothies, plant-based proteins, nut milk, almond milk (or almond mylk), cold brew coffees, lemonades, iced teas, and vegetable dips and dressings; and Solid and dehydrated foods: kale chips, dehydrated root chips, dehydrated leafy vegetables, fruits, jams, etc.",beverage; snacks; sauces; dehydration,,,
Nilda's Desserts,,WA,,,,https://cals.cornell.edu/cornell-agritech/partners-institutes/cornell-food-venture-center/kitchensco-packers,Cornell Food Venture Center — Kitchens/Co-Packers,,,,,
Great River Organic Milling,Cochrane,WI,,608-687-9580,rhalverson@greatrivermilling.com,https://www.mda.state.mn.us/minnesota-co-packer-directory,Minnesota Department of Agriculture — Minnesota Co-Packer Directory (reviewed 2018; updated 2022; detailed listings live as of fetch),"Organic whole grains, bread flours, flour blends, hot cereals, pancake mixes",,depends on product,organic,
Croix Valley Foods,Hudson,WI,,612-756-4985,info@croixvalleyfoods.com,https://www.mda.state.mn.us/minnesota-co-packer-directory,Minnesota Department of Agriculture — Minnesota Co-Packer Directory (reviewed 2018; updated 2022; detailed listings live as of fetch),"Acidic and acidified canned foods: BBQ sauces, marinades, salsas, hot sauces, Bloody Mary mixes, beverages, pasta sauces, dry rubs",acidified; beverage; canning; sauces; dry-blend,100 gallons liquid; 150 pounds dry blends,,
TWT Sauce Inc.,Hudson,WI,,651-226-3034,info@jomommas.com,https://www.mda.state.mn.us/minnesota-co-packer-directory,Minnesota Department of Agriculture — Minnesota Co-Packer Directory (reviewed 2018; updated 2022; detailed listings live as of fetch),"Gluten-free facility; acidic and acidified foods: salsa, pasta sauces, cocktail mixes, barbecue, marinades, hot sauces",acidified; beverage; sauces,varies by product,gluten-free,Small-batch production for emerging small businesses
Lakeside Foods Inc.,Manitowoc,WI,,800-466-3834,,https://www.mda.state.mn.us/minnesota-co-packer-directory,Minnesota Department of Agriculture — Minnesota Co-Packer Directory (reviewed 2018; updated 2022; detailed listings live as of fetch),"Private-label frozen and canned vegetables, beans, beverages, salsa, and sauces",beverage; canning; frozen; sauces,,,Focus 100% on Private Brand
Earth Ranch,Passage Jackson,WI,http://www.earthranch.com,312-405-0059,jdoyle@earthranch.com,https://cals.cornell.edu/cornell-agritech/partners-institutes/cornell-food-venture-center/kitchensco-packers,Cornell Food Venture Center — Kitchens/Co-Packers,N173W21170 Northwest Passage,,,,
Kaye Family Foods,River Falls,WI,,612-441-9222,billy@kayefamilyfoods.com,https://www.mda.state.mn.us/minnesota-co-packer-directory,Minnesota Department of Agriculture — Minnesota Co-Packer Directory (reviewed 2018; updated 2022; detailed listings live as of fetch),"BBQ sauce, salsa, hot sauce, bloody mary mix, honey, seasonings, spices, rubs",acidified; canning; sauces; dry-blend,no minimums - order what you need,,Acidic and acidified canned foods
PURIS,Turtle Lake,WI,,612-400-1416,zhubert@purisfoods.com,https://www.mda.state.mn.us/minnesota-co-packer-directory,Minnesota Department of Agriculture — Minnesota Co-Packer Directory (reviewed 2018; updated 2022; detailed listings live as of fetch),"Plant-based ingredients and protein isolates, spray drying, oat base, flour tolling",spray-dry,"20,000 pounds",,Also Oskaloosa IA
Dutch Valley Food Development,,,https://www.dutchvalleyfooddevelopment.com/,,,https://extension.psu.edu/list-of-co-packers-in-pennsylvania-and-beyond/,Penn State Extension — List of Co-packers in Pennsylvania and Beyond (updated Dec 16 2025),"All-Natural and Organic Bulk Foods, our recipes or yours. Soup Mixes, Dip Mixes, Dressing Mixes, Trail Mixes, Baking Mixes, Spice Blends, Hot and Cold Drink Mixes, Bean and Grain Blends, Complete Grain Pilaf Mixes",sauces,,organic,
